country,group,gw
AE,biomass,0.01
AE,coal,0.0
AE,gas,41.7
AE,nuclear,5.56
AE,oil,0.0
AE,solar,6.5
AE,wind,0.11
AF,biomass,0.0
AF,coal,0.0068
AF,gas,0.04
AF,geothermal,0.0
AF,hydro,0.47
AF,nuclear,0.0
AF,oil,0.24
AF,solar,0.06
AF,wind,0.0
AG,biomass,0.0
AG,coal,0.0
AG,gas,0.0
AG,geothermal,0.0
AG,hydro,0.0
AG,nuclear,0.0
AG,oil,0.1294
AG,solar,0.02
AG,wind,0.0
AM,biomass,0.0
AM,coal,0.0
AM,gas,1.83
AM,geothermal,0.0
AM,hydro,1.35
AM,nuclear,0.45
AM,oil,0.0
AM,solar,0.49
AM,wind,0.0
AO,biomass,0.05
AO,coal,0.0
AO,gas,0.72
AO,geothermal,0.0
AO,hydro,3.73
AO,nuclear,0.0
AO,oil,1.64
AO,solar,0.36
AO,wind,0.0
AR,biomass,0.38
AR,coal,0.65
AR,gas,22.81
AR,hydro,9.2
AR,nuclear,1.75
AR,oil,4.47
AR,solar,1.74
AR,wind,4.32
AS,biomass,0.0
AS,coal,0.0
AS,gas,0.0
AS,geothermal,0.0
AS,hydro,0.0
AS,nuclear,0.0
AS,oil,0.05
AS,solar,0.01
AS,wind,0.0
AT,biomass,0.93
AT,coal,0.0
AT,gas,4.99
AT,geothermal,0.22
AT,hydro,15.19
AT,nuclear,0.0
AT,oil,0.55
AT,solar,8.9
AT,wind,4.09
AU,biomass,0.94
AU,coal,22.83
AU,gas,26.28
AU,hydro,7.71
AU,oil,2.45
AU,solar,36.0
AU,wind,15.56
AW,biomass,0.0
AW,coal,0.0
AW,gas,0.0
AW,geothermal,0.0
AW,hydro,0.0
AW,nuclear,0.0
AW,oil,0.24
AW,solar,0.01
AW,wind,0.03
AZ,biomass,0.0228
AZ,coal,0.0
AZ,gas,5.86
AZ,geothermal,0.04
AZ,hydro,1.41
AZ,nuclear,0.0
AZ,oil,0.0266
AZ,solar,0.28
AZ,wind,0.07
BA,biomass,0.01
BA,coal,2.09
BA,gas,0.0
BA,geothermal,0.0
BA,hydro,1.88
BA,nuclear,0.0
BA,oil,0.0571
BA,solar,0.61
BA,wind,0.22
BB,biomass,0.0
BB,coal,0.0
BB,gas,0.0114
BB,geothermal,0.0
BB,hydro,0.0
BB,nuclear,0.0
BB,oil,0.3
BB,solar,0.07
BB,wind,0.0
BD,biomass,0.05
BD,coal,6.03
BD,gas,13.05
BD,geothermal,0.0
BD,hydro,0.23
BD,nuclear,0.0
BD,oil,7.67
BD,solar,0.85
BD,wind,0.06
BE,biomass,0.4
BE,coal,0.0
BE,gas,7.0
BE,geothermal,0.18
BE,hydro,0.12
BE,nuclear,3.93
BE,oil,0.5
BE,solar,9.64
BE,wind,5.64
BF,biomass,0.0205
BF,coal,0.0
BF,gas,0.0
BF,geothermal,0.0
BF,hydro,0.03
BF,nuclear,0.0
BF,oil,0.4
BF,solar,0.21
BF,wind,0.0
BG,biomass,0.09
BG,coal,4.66
BG,gas,1.18
BG,geothermal,0.0
BG,hydro,2.55
BG,nuclear,2.01
BG,oil,0.0989
BG,solar,4.56
BG,wind,0.71
BH,biomass,0.0
BH,coal,0.0
BH,gas,9.28
BH,geothermal,0.0
BH,hydro,0.0
BH,nuclear,0.0
BH,oil,0.0
BH,solar,0.07
BH,wind,0.0
BI,biomass,0.0023
BI,coal,0.0
BI,gas,0.0
BI,geothermal,0.0
BI,hydro,0.06
BI,nuclear,0.0
BI,oil,0.05
BI,solar,0.01
BI,wind,0.0
BJ,biomass,0.0
BJ,coal,0.0
BJ,gas,0.13
BJ,geothermal,0.0
BJ,hydro,0.0
BJ,nuclear,0.0
BJ,oil,0.17
BJ,solar,0.04
BJ,wind,0.0
BM,biomass,0.0023
BM,coal,0.0
BM,gas,0.0
BM,geothermal,0.0
BM,hydro,0.0
BM,nuclear,0.0
BM,oil,0.11
BM,solar,0.0
BM,wind,0.0
BN,biomass,0.0
BN,coal,0.22
BN,gas,1.14
BN,geothermal,0.0
BN,hydro,0.0
BN,nuclear,0.0
BN,oil,0.01
BN,solar,0.01
BN,wind,0.0
BO,biomass,0.27
BO,coal,0.0
BO,gas,2.43
BO,geothermal,0.0
BO,hydro,0.72
BO,nuclear,0.0
BO,oil,0.04
BO,solar,0.18
BO,wind,0.14
BR,biomass,17.79
BR,coal,3.1
BR,gas,17.77
BR,hydro,109.98
BR,nuclear,1.99
BR,oil,8.01
BR,solar,53.11
BR,wind,32.92
BS,biomass,0.0
BS,coal,0.0
BS,gas,0.13
BS,geothermal,0.0
BS,hydro,0.0
BS,nuclear,0.0
BS,oil,0.93
BS,solar,0.02
BS,wind,0.0
BT,biomass,0.0
BT,coal,0.0
BT,gas,0.0
BT,geothermal,0.0
BT,hydro,2.45
BT,nuclear,0.0
BT,oil,0.01
BT,solar,0.0
BT,wind,0.0
BW,biomass,0.0
BW,coal,0.73
BW,gas,0.0
BW,geothermal,0.0
BW,hydro,0.0
BW,nuclear,0.0
BW,oil,0.07
BW,solar,0.07
BW,wind,0.0
BY,biomass,0.1
BY,coal,0.0046
BY,gas,9.73
BY,geothermal,0.0
BY,hydro,0.09
BY,nuclear,2.34
BY,oil,0.6469
BY,solar,0.26
BY,wind,0.12
BZ,biomass,0.04
BZ,coal,0.0
BZ,gas,0.0
BZ,geothermal,0.0
BZ,hydro,0.06
BZ,nuclear,0.0
BZ,oil,0.15
BZ,solar,0.01
BZ,wind,0.0
CA,biomass,2.67
CA,coal,3.38
CA,gas,27.19
CA,hydro,83.5
CA,nuclear,12.67
CA,oil,2.28
CA,solar,5.82
CA,wind,17.4
CD,biomass,0.0023
CD,coal,0.0
CD,gas,0.0
CD,geothermal,0.0
CD,hydro,3.25
CD,nuclear,0.0
CD,oil,0.42
CD,solar,0.03
CD,wind,0.0
CF,biomass,0.0
CF,coal,0.0
CF,gas,0.0
CF,geothermal,0.0
CF,hydro,0.02
CF,nuclear,0.0
CF,oil,0.07
CF,solar,0.04
CF,wind,0.0
CG,biomass,0.01
CG,coal,0.0
CG,gas,0.53
CG,geothermal,0.0
CG,hydro,0.21
CG,nuclear,0.0
CG,oil,0.06
CG,solar,0.0076
CG,wind,0.0
CH,biomass,0.08
CH,gas,0.22
CH,geothermal,0.2
CH,hydro,16.03
CH,nuclear,2.97
CH,oil,0.27
CH,solar,7.76
CH,wind,0.1
CI,biomass,0.0228
CI,coal,0.0
CI,gas,1.47
CI,geothermal,0.0
CI,hydro,0.99
CI,nuclear,0.0
CI,oil,0.2
CI,solar,0.04
CI,wind,0.0
CK,biomass,0.0
CK,coal,0.0
CK,gas,0.0
CK,geothermal,0.0
CK,hydro,0.0
CK,nuclear,0.0
CK,oil,0.02
CK,solar,0.01
CK,wind,0.0
CL,biomass,0.52
CL,coal,3.83
CL,gas,5.0
CL,geothermal,0.0685
CL,hydro,7.46
CL,nuclear,0.0
CL,oil,1.99
CL,solar,11.02
CL,wind,4.72
CM,biomass,0.0091
CM,coal,0.0
CM,gas,0.22
CM,geothermal,0.0
CM,hydro,1.41
CM,nuclear,0.0
CM,oil,0.15
CM,solar,0.09
CM,wind,0.0
CN,biomass,18.61
CN,coal,1173.38
CN,gas,138.94
CN,hydro,377.26
CN,nuclear,60.83
CN,oil,15.79
CN,solar,887.1
CN,wind,521.27
CO,biomass,0.39
CO,coal,1.61
CO,gas,4.31
CO,geothermal,0.0
CO,hydro,13.22
CO,nuclear,0.0
CO,oil,1.5
CO,solar,1.42
CO,wind,0.03
CR,biomass,0.08
CR,coal,0.0
CR,gas,0.0
CR,geothermal,0.2435
CR,hydro,2.35
CR,nuclear,0.0
CR,oil,0.52
CR,solar,0.07
CR,wind,0.4
CU,biomass,0.44
CU,coal,0.0
CU,gas,0.58
CU,geothermal,0.0
CU,hydro,0.07
CU,nuclear,0.0
CU,oil,5.32
CU,solar,0.39
CU,wind,0.02
CV,biomass,0.0
CV,coal,0.0
CV,gas,0.0
CV,geothermal,0.0
CV,hydro,0.0
CV,nuclear,0.0
CV,oil,0.16
CV,solar,0.03
CV,wind,0.03
CY,biomass,0.01
CY,coal,0.0
CY,gas,0.0
CY,geothermal,0.0
CY,hydro,0.0
CY,nuclear,0.0
CY,oil,1.85
CY,solar,0.75
CY,wind,0.16
CZ,biomass,0.83
CZ,coal,7.46
CZ,gas,1.77
CZ,geothermal,0.03
CZ,hydro,1.12
CZ,nuclear,4.29
CZ,oil,0.08
CZ,solar,3.98
CZ,wind,0.36
DE,biomass,8.88
DE,coal,32.34
DE,gas,32.33
DE,geothermal,1.06
DE,hydro,5.5
DE,nuclear,0.0
DE,oil,4.13
DE,solar,91.2
DE,wind,72.74
DJ,biomass,0.0
DJ,coal,0.0
DJ,gas,0.0
DJ,geothermal,0.0
DJ,hydro,0.0
DJ,nuclear,0.0
DJ,oil,0.12
DJ,solar,0.0
DJ,wind,0.08
DK,biomass,1.79
DK,coal,0.41
DK,gas,1.08
DK,geothermal,0.18
DK,hydro,0.01
DK,nuclear,0.0
DK,oil,0.65
DK,solar,3.94
DK,wind,7.51
DM,biomass,0.0
DM,coal,0.0
DM,gas,0.0
DM,geothermal,0.0
DM,hydro,0.01
DM,nuclear,0.0
DM,oil,0.02
DM,solar,0.0
DM,wind,0.0
DO,biomass,0.08
DO,coal,1.06
DO,gas,2.24
DO,geothermal,0.0
DO,hydro,0.63
DO,nuclear,0.0
DO,oil,1.74
DO,solar,1.42
DO,wind,0.43
DZ,biomass,0.0
DZ,coal,0.0
DZ,gas,25.83
DZ,geothermal,0.0
DZ,hydro,0.13
DZ,nuclear,0.0
DZ,oil,1.56
DZ,solar,0.46
DZ,wind,0.01
EC,biomass,0.17
EC,coal,0.0
EC,gas,0.67
EC,geothermal,0.0
EC,hydro,5.42
EC,nuclear,0.0
EC,oil,3.3
EC,solar,0.08
EC,wind,0.07
EE,biomass,0.98
EE,coal,0.0
EE,gas,0.21
EE,geothermal,0.01
EE,hydro,0.01
EE,nuclear,0.0
EE,oil,0.86
EE,solar,0.88
EE,wind,0.69
EG,biomass,0.13
EG,coal,0.0
EG,gas,53.43
EG,hydro,2.83
EG,oil,0.79
EG,solar,2.55
EG,wind,2.2
EH,biomass,0.0
EH,coal,0.0
EH,gas,0.0
EH,geothermal,0.0
EH,hydro,0.0
EH,nuclear,0.0
EH,oil,0.0342
EH,solar,0.0
EH,wind,0.0
ER,biomass,0.0
ER,coal,0.0
ER,gas,0.0
ER,geothermal,0.0
ER,hydro,0.0
ER,nuclear,0.0
ER,oil,0.21
ER,solar,0.02
ER,wind,0.0
ES,biomass,1.15
ES,coal,2.12
ES,gas,27.4
ES,geothermal,0.14
ES,hydro,16.81
ES,nuclear,7.12
ES,oil,3.5
ES,solar,38.16
ES,wind,32.18
ET,biomass,0.31
ET,coal,0.0
ET,gas,0.0
ET,geothermal,0.03
ET,hydro,5.22
ET,nuclear,0.0
ET,oil,0.1
ET,solar,0.02
ET,wind,0.4
FI,biomass,3.65
FI,coal,1.16
FI,gas,1.43
FI,geothermal,0.11
FI,hydro,3.21
FI,nuclear,4.37
FI,oil,1.47
FI,solar,1.22
FI,wind,8.36
FJ,biomass,0.07
FJ,coal,0.0
FJ,gas,0.0
FJ,geothermal,0.0
FJ,hydro,0.14
FJ,nuclear,0.0
FJ,oil,0.24
FJ,solar,0.01
FJ,wind,0.01
FK,biomass,0.0
FK,coal,0.0
FK,gas,0.0
FK,geothermal,0.0
FK,hydro,0.0
FK,nuclear,0.0
FK,oil,0.01
FK,solar,0.0
FK,wind,0.0
FO,biomass,0.0023
FO,coal,0.0
FO,gas,0.0
FO,geothermal,0.0
FO,hydro,0.04
FO,nuclear,0.0
FO,oil,0.11
FO,solar,0.0
FO,wind,0.07
FR,biomass,1.65
FR,coal,1.91
FR,gas,17.5
FR,geothermal,0.75
FR,hydro,24.3
FR,nuclear,61.4
FR,oil,3.16
FR,solar,25.46
FR,wind,24.24
GA,biomass,0.0023
GA,coal,0.0
GA,gas,0.5
GA,geothermal,0.0
GA,hydro,0.32
GA,nuclear,0.0
GA,oil,0.19
GA,solar,0.01
GA,wind,0.0
GB,biomass,7.01
GB,coal,0.4338
GB,gas,38.12
GB,hydro,2.19
GB,nuclear,5.88
GB,oil,2.21
GB,solar,19.0
GB,wind,32.15
GD,biomass,0.0
GD,coal,0.0
GD,gas,0.0
GD,geothermal,0.0
GD,hydro,0.0
GD,nuclear,0.0
GD,oil,0.07
GD,solar,0.0
GD,wind,0.0
GE,biomass,0.0
GE,coal,0.0
GE,gas,2.04
GE,geothermal,0.0
GE,hydro,3.41
GE,nuclear,0.0
GE,oil,0.0
GE,solar,0.14
GE,wind,0.02
GF,biomass,0.02
GF,hydro,0.12
GF,oil,0.1294
GF,solar,0.07
GH,biomass,0.01
GH,coal,0.0
GH,gas,3.06
GH,geothermal,0.0
GH,hydro,1.58
GH,nuclear,0.0
GH,oil,0.37
GH,solar,0.19
GH,wind,0.0
GI,biomass,0.0
GI,coal,0.0
GI,gas,0.0685
GI,geothermal,0.0
GI,hydro,0.0
GI,nuclear,0.0
GI,oil,0.0152
GI,solar,0.0
GI,wind,0.0
GL,biomass,0.0068
GL,coal,0.0
GL,gas,0.0
GL,geothermal,0.0
GL,hydro,0.09
GL,nuclear,0.0
GL,oil,0.1
GL,solar,0.0
GL,wind,0.0
GM,biomass,0.0
GM,coal,0.0
GM,gas,0.0
GM,geothermal,0.0
GM,hydro,0.0
GM,nuclear,0.0
GM,oil,0.16
GM,solar,0.02
GM,wind,0.0
GN,biomass,0.0
GN,coal,0.0
GN,gas,0.0
GN,geothermal,0.0
GN,hydro,0.81
GN,nuclear,0.0
GN,oil,0.43
GN,solar,0.02
GN,wind,0.0
GP,biomass,0.05
GP,coal,0.06
GP,geothermal,0.0167
GP,hydro,0.01
GP,oil,0.3
GP,solar,0.09
GP,wind,0.06
GQ,biomass,0.0
GQ,coal,0.0
GQ,gas,0.16
GQ,geothermal,0.0
GQ,hydro,0.13
GQ,nuclear,0.0
GQ,oil,0.12
GQ,solar,0.0
GQ,wind,0.0
GR,biomass,0.15
GR,coal,1.99
GR,gas,6.09
GR,geothermal,0.0
GR,hydro,3.48
GR,nuclear,0.0
GR,oil,1.44
GR,solar,8.83
GR,wind,5.37
GT,biomass,0.87
GT,coal,0.44
GT,gas,0.0
GT,geothermal,0.0518
GT,hydro,1.58
GT,nuclear,0.0
GT,oil,0.63
GT,solar,0.1
GT,wind,0.11
GU,biomass,0.0
GU,coal,0.0
GU,gas,0.0
GU,geothermal,0.0
GU,hydro,0.0
GU,nuclear,0.0
GU,oil,0.44
GU,solar,0.1
GU,wind,0.0
GW,biomass,0.0
GW,coal,0.0
GW,gas,0.0
GW,geothermal,0.0
GW,hydro,0.0
GW,nuclear,0.0
GW,oil,0.03
GW,solar,0.0
GW,wind,0.0
GY,biomass,0.04
GY,coal,0.0
GY,gas,0.0038
GY,geothermal,0.0
GY,hydro,0.0
GY,nuclear,0.0
GY,oil,0.32
GY,solar,0.02
GY,wind,0.0
HK,biomass,0.06
HK,coal,4.11
HK,gas,5.8
HK,geothermal,0.0
HK,hydro,0.0
HK,nuclear,0.0
HK,oil,0.3
HK,solar,0.41
HK,wind,0.0
HN,biomass,0.22
HN,coal,0.0137
HN,gas,0.18
HN,geothermal,0.0533
HN,hydro,0.91
HN,nuclear,0.0
HN,oil,0.87
HN,solar,0.55
HN,wind,0.24
HR,biomass,0.16
HR,coal,0.34
HR,gas,0.35
HR,geothermal,0.0
HR,hydro,2.19
HR,nuclear,0.0
HR,oil,1.11
HR,solar,0.9
HR,wind,1.3
HT,biomass,0.0
HT,coal,0.0
HT,gas,0.0
HT,geothermal,0.0
HT,hydro,0.08
HT,nuclear,0.0
HT,oil,0.4
HT,solar,0.0
HT,wind,0.0
HU,biomass,0.62
HU,coal,1.13
HU,gas,4.3
HU,geothermal,0.02
HU,hydro,0.06
HU,nuclear,2.03
HU,oil,0.45
HU,solar,7.17
HU,wind,0.32
ID,biomass,3.06
ID,coal,56.69
ID,gas,23.58
ID,geothermal,0.02
ID,hydro,7.05
ID,oil,5.84
ID,solar,0.94
ID,wind,0.15
IE,biomass,0.16
IE,coal,0.92
IE,gas,4.76
IE,geothermal,0.04
IE,hydro,0.24
IE,nuclear,0.0
IE,oil,0.68
IE,solar,1.49
IE,wind,4.94
IL,biomass,0.05
IL,coal,4.32
IL,gas,13.74
IL,geothermal,0.0
IL,hydro,0.01
IL,nuclear,0.0
IL,oil,0.1522
IL,solar,5.61
IL,wind,0.35
IN,biomass,10.93
IN,coal,241.49
IN,gas,31.32
IN,hydro,47.51
IN,nuclear,8.18
IN,oil,19.2
IN,solar,98.48
IN,wind,48.16
IQ,biomass,0.0
IQ,coal,0.0
IQ,gas,34.62
IQ,geothermal,0.0
IQ,hydro,1.56
IQ,nuclear,0.0
IQ,oil,10.02
IQ,solar,0.04
IQ,wind,0.0
IR,biomass,0.02
IR,coal,0.1667
IR,gas,74.55
IR,hydro,11.78
IR,nuclear,1.02
IR,oil,0.06
IR,solar,0.78
IR,wind,0.38
IS,biomass,0.0
IS,coal,0.0
IS,gas,0.0
IS,geothermal,0.8478
IS,hydro,2.13
IS,nuclear,0.0
IS,oil,0.07
IS,solar,0.01
IS,wind,0.0041
IT,biomass,2.9
IT,coal,5.19
IT,gas,56.21
IT,geothermal,0.44
IT,hydro,19.32
IT,nuclear,0.0
IT,oil,3.49
IT,solar,35.44
IT,wind,12.96
JM,biomass,0.03
JM,coal,0.0
JM,gas,0.46
JM,geothermal,0.0
JM,hydro,0.03
JM,nuclear,0.0
JM,oil,0.89
JM,solar,0.12
JM,wind,0.1
JO,biomass,0.01
JO,coal,0.0
JO,gas,4.0
JO,geothermal,0.0
JO,hydro,0.0057
JO,nuclear,0.0
JO,oil,0.52
JO,solar,2.2
JO,wind,0.63
JP,biomass,5.06
JP,coal,55.25
JP,gas,81.48
JP,hydro,28.23
JP,nuclear,33.08
JP,oil,20.98
JP,solar,89.6
JP,wind,5.86
KE,biomass,0.17
KE,coal,0.0
KE,gas,0.0
KE,geothermal,0.9132
KE,hydro,0.89
KE,nuclear,0.0
KE,oil,0.57
KE,solar,0.55
KE,wind,0.44
KG,biomass,0.0
KG,coal,0.81
KG,gas,0.0723
KG,geothermal,0.0
KG,hydro,3.31
KG,nuclear,0.0
KG,oil,0.019
KG,solar,0.0
KG,wind,0.0
KH,biomass,0.07
KH,coal,1.46
KH,hydro,1.8
KH,oil,0.65
KH,solar,0.97
KI,biomass,0.0
KI,coal,0.0
KI,gas,0.0
KI,geothermal,0.0
KI,hydro,0.0
KI,nuclear,0.0
KI,oil,0.01
KI,solar,0.0076
KI,wind,0.0
KM,biomass,0.0
KM,coal,0.0
KM,gas,0.0
KM,geothermal,0.0
KM,hydro,0.0
KM,nuclear,0.0
KM,oil,0.02
KM,solar,0.0
KM,wind,0.0
KN,biomass,0.0
KN,coal,0.0
KN,gas,0.0
KN,geothermal,0.0
KN,hydro,0.0
KN,nuclear,0.0
KN,oil,0.08
KN,solar,0.0076
KN,wind,0.0041
KP,biomass,0.0
KP,coal,3.38
KP,gas,0.0
KP,geothermal,0.0
KP,hydro,4.97
KP,nuclear,0.02
KP,oil,0.2664
KP,solar,0.14
KP,wind,0.0
KR,biomass,2.69
KR,coal,41.19
KR,gas,50.26
KR,hydro,1.82
KR,nuclear,26.05
KR,oil,3.49
KR,solar,26.68
KR,wind,2.26
KW,biomass,0.0
KW,coal,0.0
KW,gas,11.72
KW,geothermal,0.0
KW,hydro,0.0
KW,nuclear,0.0
KW,oil,8.5
KW,solar,0.1
KW,wind,0.01
KY,biomass,0.0
KY,coal,0.0
KY,gas,0.0
KY,geothermal,0.0
KY,hydro,0.0
KY,nuclear,0.0
KY,oil,0.21
KY,solar,0.01
KY,wind,0.0
KZ,biomass,0.0
KZ,coal,13.22
KZ,gas,4.27
KZ,hydro,2.81
KZ,oil,0.6621
KZ,solar,1.23
KZ,wind,1.52
LA,biomass,0.12
LA,coal,1.88
LA,gas,0.0
LA,geothermal,0.0
LA,hydro,10.19
LA,nuclear,0.0
LA,oil,0.0
LA,solar,0.06
LA,wind,0.0
LB,biomass,0.01
LB,coal,0.0
LB,gas,0.74
LB,geothermal,0.0
LB,hydro,0.28
LB,nuclear,0.0
LB,oil,1.95
LB,solar,1.08
LB,wind,0.0041
LC,biomass,0.0
LC,coal,0.0
LC,gas,0.0
LC,geothermal,0.0
LC,hydro,0.0
LC,nuclear,0.0
LC,oil,0.09
LC,solar,0.0076
LC,wind,0.0
LK,biomass,0.04
LK,coal,0.9
LK,geothermal,0.0061
LK,hydro,1.97
LK,oil,0.49
LK,solar,1.58
LK,wind,0.27
LR,biomass,0.0
LR,coal,0.0
LR,gas,0.0
LR,geothermal,0.0
LR,hydro,0.09
LR,nuclear,0.0
LR,oil,0.1
LR,solar,0.0076
LR,wind,0.0
LS,biomass,0.0
LS,coal,0.0
LS,gas,0.0
LS,geothermal,0.0
LS,hydro,0.08
LS,nuclear,0.0
LS,oil,0.0
LS,solar,0.03
LS,wind,0.0
LT,biomass,0.15
LT,coal,0.0
LT,gas,1.73
LT,geothermal,0.02
LT,hydro,0.12
LT,nuclear,0.0
LT,oil,0.1218
LT,solar,2.58
LT,wind,1.83
LU,biomass,0.08
LU,coal,0.0
LU,gas,0.0266
LU,geothermal,0.01
LU,hydro,0.03
LU,nuclear,0.0
LU,oil,0.01
LU,solar,0.55
LU,wind,0.21
LV,biomass,0.13
LV,coal,0.0
LV,gas,1.03
LV,geothermal,0.0
LV,hydro,1.59
LV,nuclear,0.0
LV,oil,0.0
LV,solar,0.66
LV,wind,0.13
LY,biomass,0.0
LY,coal,0.0
LY,gas,11.88
LY,geothermal,0.0
LY,hydro,0.0
LY,nuclear,0.0
LY,oil,2.39
LY,solar,0.01
LY,wind,0.0
MA,biomass,0.01
MA,coal,4.09
MA,gas,0.87
MA,geothermal,0.0
MA,hydro,1.31
MA,nuclear,0.0
MA,oil,1.03
MA,solar,0.95
MA,wind,2.39
MD,biomass,0.01
MD,coal,1.4
MD,gas,1.38
MD,geothermal,0.0
MD,hydro,0.06
MD,nuclear,0.0
MD,oil,0.0837
MD,solar,0.4
MD,wind,0.16
ME,biomass,0.0
ME,coal,0.22
ME,gas,0.0
ME,geothermal,0.0
ME,hydro,0.7
ME,nuclear,0.0
ME,oil,0.0
ME,solar,0.06
ME,wind,0.12
MG,biomass,0.0068
MG,coal,0.12
MG,gas,0.0
MG,geothermal,0.0
MG,hydro,0.19
MG,nuclear,0.0
MG,oil,0.5
MG,solar,0.06
MG,wind,0.0
MK,biomass,0.01
MK,coal,0.82
MK,gas,0.22
MK,geothermal,0.0
MK,hydro,0.72
MK,nuclear,0.0
MK,oil,0.2
MK,solar,0.87
MK,wind,0.07
ML,biomass,0.04
ML,coal,0.0
ML,gas,0.0
ML,geothermal,0.0
ML,hydro,0.46
ML,nuclear,0.0
ML,oil,0.61
ML,solar,0.14
ML,wind,0.0
MM,biomass,0.06
MM,coal,0.19
MM,gas,2.44
MM,geothermal,0.0
MM,hydro,3.27
MM,nuclear,0.0
MM,oil,0.0457
MM,solar,0.22
MM,wind,0.0
MN,biomass,0.0
MN,coal,1.15
MN,gas,0.0
MN,geothermal,0.0
MN,hydro,0.03
MN,nuclear,0.0
MN,oil,0.01
MN,solar,0.14
MN,wind,0.16
MO,biomass,0.0548
MO,coal,0.0
MO,gas,0.14
MO,geothermal,0.0
MO,hydro,0.0
MO,nuclear,0.0
MO,oil,0.27
MO,solar,0.0
MO,wind,0.0
MQ,biomass,0.04
MQ,geothermal,0.0015
MQ,hydro,0.0
MQ,oil,0.28
MQ,solar,0.1
MQ,wind,0.01
MR,biomass,0.0
MR,coal,0.0
MR,gas,0.18
MR,geothermal,0.0
MR,hydro,0.0599
MR,nuclear,0.0
MR,oil,0.24
MR,solar,0.16
MR,wind,0.14
MS,biomass,0.0
MS,coal,0.0
MS,gas,0.0
MS,geothermal,0.0
MS,hydro,0.0
MS,nuclear,0.0
MS,oil,0.01
MS,solar,0.0
MS,wind,0.0
MT,biomass,0.0023
MT,coal,0.0
MT,gas,0.36
MT,geothermal,0.0
MT,hydro,0.0
MT,nuclear,0.0
MT,oil,0.19
MT,solar,0.24
MT,wind,0.0
MU,biomass,0.09
MU,coal,0.19
MU,gas,0.0
MU,geothermal,0.0
MU,hydro,0.06
MU,nuclear,0.0
MU,oil,0.46
MU,solar,0.16
MU,wind,0.01
MV,biomass,0.0
MV,coal,0.0
MV,gas,0.08
MV,geothermal,0.0
MV,hydro,0.0
MV,nuclear,0.0
MV,oil,0.53
MV,solar,0.07
MV,wind,0.0
MW,biomass,0.02
MW,coal,0.0
MW,gas,0.0
MW,geothermal,0.0
MW,hydro,0.39
MW,nuclear,0.0
MW,oil,0.13
MW,solar,0.1
MW,wind,0.0
MX,biomass,0.89
MX,coal,5.38
MX,gas,45.1
MX,hydro,12.84
MX,nuclear,1.61
MX,oil,39.93
MX,solar,11.99
MX,wind,7.51
MY,biomass,0.93
MY,coal,13.28
MY,gas,16.79
MY,hydro,6.27
MY,oil,0.49
MY,solar,3.07
MY,wind,0.0
MZ,biomass,0.07
MZ,coal,0.0
MZ,gas,0.66
MZ,geothermal,0.0
MZ,hydro,2.19
MZ,nuclear,0.0
MZ,oil,0.0571
MZ,solar,0.18
MZ,wind,0.0
NC,biomass,0.0
NC,coal,0.11
NC,gas,0.0
NC,geothermal,0.0
NC,hydro,0.08
NC,nuclear,0.0
NC,oil,0.55
NC,solar,0.21
NC,wind,0.06
NE,biomass,0.0
NE,coal,0.03
NE,gas,0.02
NE,geothermal,0.0
NE,hydro,0.0
NE,nuclear,0.0
NE,oil,0.39
NE,solar,0.08
NE,wind,0.0
NG,biomass,0.02
NG,coal,0.34
NG,gas,11.91
NG,geothermal,0.0
NG,hydro,2.9
NG,nuclear,0.0
NG,oil,0.0
NG,solar,0.23
NG,wind,0.0
NI,biomass,0.22
NI,coal,0.0
NI,gas,0.0
NI,geothermal,0.105
NI,hydro,0.16
NI,nuclear,0.0
NI,oil,0.38
NI,solar,0.04
NI,wind,0.19
NL,biomass,0.48
NL,coal,3.5
NL,gas,14.93
NL,geothermal,0.4
NL,hydro,0.04
NL,nuclear,0.51
NL,oil,1.07
NL,solar,24.77
NL,wind,11.7
NO,biomass,0.05
NO,coal,0.0
NO,gas,0.34
NO,geothermal,0.05
NO,hydro,34.55
NO,nuclear,0.0
NO,oil,0.14
NO,solar,0.79
NO,wind,5.16
NP,biomass,0.01
NP,coal,0.0
NP,gas,0.0
NP,geothermal,0.0
NP,hydro,3.29
NP,nuclear,0.0
NP,oil,0.05
NP,solar,0.17
NP,wind,0.0041
NR,biomass,0.0
NR,coal,0.0
NR,gas,0.0
NR,geothermal,0.0
NR,hydro,0.0
NR,nuclear,0.0
NR,oil,0.02
NR,solar,0.0076
NR,wind,0.0
NU,biomass,0.0
NU,coal,0.0
NU,gas,0.0
NU,geothermal,0.0
NU,hydro,0.0
NU,nuclear,0.0
NU,oil,0.0
NU,solar,0.0
NU,wind,0.0
NZ,biomass,0.15
NZ,coal,0.75
NZ,gas,1.42
NZ,geothermal,1.3592
NZ,hydro,5.5
NZ,nuclear,0.0
NZ,oil,0.2511
NZ,solar,0.58
NZ,wind,1.26
OM,biomass,0.0
OM,coal,0.0
OM,gas,13.48
OM,geothermal,0.0
OM,hydro,0.0
OM,nuclear,0.0
OM,oil,0.14
OM,solar,0.67
OM,wind,0.05
PA,biomass,0.1
PA,coal,0.31
PA,gas,1.2
PA,geothermal,0.0
PA,hydro,1.85
PA,nuclear,0.0
PA,oil,0.78
PA,solar,0.74
PA,wind,0.34
PE,biomass,0.2
PE,coal,0.0
PE,gas,4.91
PE,geothermal,0.0
PE,hydro,5.54
PE,nuclear,0.0
PE,oil,2.98
PE,solar,0.53
PE,wind,1.03
PF,biomass,0.0
PF,coal,0.0
PF,gas,0.0
PF,geothermal,0.0
PF,hydro,0.05
PF,nuclear,0.0
PF,oil,0.22
PF,solar,0.08
PF,wind,0.0
PG,biomass,0.02
PG,coal,0.0
PG,gas,0.26
PG,geothermal,0.0152
PG,hydro,0.31
PG,nuclear,0.0
PG,oil,0.49
PG,solar,0.0076
PG,wind,0.0
PH,biomass,0.8
PH,coal,12.49
PH,gas,3.32
PH,geothermal,1.5875
PH,hydro,3.13
PH,nuclear,0.0
PH,oil,4.19
PH,solar,2.99
PH,wind,0.44
PK,biomass,0.43
PK,coal,7.79
PK,gas,17.79
PK,hydro,11.52
PK,nuclear,3.62
PK,oil,3.87
PK,solar,3.72
PK,wind,1.85
PL,biomass,0.96
PL,coal,27.93
PL,gas,4.68
PL,geothermal,0.19
PL,hydro,0.99
PL,nuclear,0.0
PL,oil,0.27
PL,solar,21.72
PL,wind,10.15
PM,biomass,0.0
PM,coal,0.0
PM,gas,0.0
PM,geothermal,0.0
PM,hydro,0.0
PM,nuclear,0.0
PM,oil,0.03
PM,solar,0.0
PM,wind,0.0
PR,biomass,0.0023
PR,coal,0.7306
PR,gas,1.45
PR,geothermal,0.0
PR,hydro,0.1
PR,nuclear,0.0
PR,oil,4.06
PR,solar,0.96
PR,wind,0.13
PS,biomass,0.0
PS,coal,0.0
PS,gas,0.14
PS,geothermal,0.0
PS,hydro,0.0
PS,nuclear,0.0
PS,oil,0.2283
PS,solar,0.3
PS,wind,0.0
PT,biomass,0.67
PT,coal,0.0
PT,gas,4.19
PT,geothermal,0.04
PT,hydro,8.36
PT,nuclear,0.0
PT,oil,0.47
PT,solar,5.81
PT,wind,5.6
PY,biomass,0.02
PY,coal,0.0
PY,gas,0.0
PY,geothermal,0.0
PY,hydro,8.82
PY,nuclear,0.0
PY,oil,0.03
PY,solar,0.0
PY,wind,0.0
QA,biomass,0.0297
QA,coal,0.0
QA,gas,12.58
QA,geothermal,0.01
QA,hydro,0.0
QA,nuclear,0.0
QA,oil,0.0
QA,solar,0.81
QA,wind,0.0
RE,biomass,0.3
RE,coal,0.16
RE,hydro,0.13
RE,oil,0.1
RE,solar,0.27
RE,wind,0.01
RO,biomass,0.16
RO,coal,2.9
RO,gas,3.27
RO,geothermal,0.0
RO,hydro,6.57
RO,nuclear,1.3
RO,oil,1.23
RO,solar,4.26
RO,wind,3.1
RS,biomass,0.05
RS,coal,4.82
RS,gas,0.59
RS,geothermal,0.02
RS,hydro,2.51
RS,nuclear,0.0
RS,oil,0.0495
RS,solar,0.3
RS,wind,0.6
RU,biomass,0.13
RU,coal,37.19
RU,gas,110.49
RU,hydro,51.73
RU,nuclear,28.65
RU,oil,1.29
RU,solar,2.26
RU,wind,2.57
RW,biomass,0.0
RW,coal,0.09
RW,gas,0.09
RW,geothermal,0.0
RW,hydro,0.15
RW,nuclear,0.0
RW,oil,0.04
RW,solar,0.02
RW,wind,0.0
SA,biomass,0.0
SA,coal,0.0
SA,gas,69.42
SA,oil,28.33
SA,solar,6.2
SA,wind,0.4
SB,biomass,0.0
SB,coal,0.0
SB,gas,0.0
SB,geothermal,0.0
SB,hydro,0.0
SB,nuclear,0.0
SB,oil,0.06
SB,solar,0.01
SB,wind,0.0
SC,biomass,0.0
SC,coal,0.0
SC,gas,0.0
SC,geothermal,0.0
SC,hydro,0.0
SC,nuclear,0.0
SC,oil,0.11
SC,solar,0.02
SC,wind,0.01
SD,biomass,0.2
SD,coal,0.0
SD,gas,0.81
SD,geothermal,0.0
SD,hydro,1.48
SD,nuclear,0.0
SD,oil,1.34
SD,solar,0.19
SD,wind,0.0
SE,biomass,3.19
SE,coal,0.0
SE,gas,0.25
SE,geothermal,0.48
SE,hydro,16.27
SE,nuclear,7.0
SE,oil,5.12
SE,solar,4.85
SE,wind,16.82
SG,biomass,0.04
SG,coal,0.1301
SG,gas,10.91
SG,oil,0.21
SG,solar,1.21
SH,biomass,0.0
SH,coal,0.0
SH,gas,0.0
SH,geothermal,0.0
SH,hydro,0.0
SH,nuclear,0.0
SH,oil,0.0038
SH,solar,0.0
SH,wind,0.0
SI,biomass,0.07
SI,coal,1.07
SI,gas,0.54
SI,geothermal,0.0
SI,hydro,1.17
SI,nuclear,0.7
SI,oil,0.0076
SI,solar,1.42
SI,wind,0.0041
SK,biomass,0.34
SK,coal,0.27
SK,gas,1.99
SK,geothermal,0.01
SK,hydro,1.61
SK,nuclear,2.47
SK,oil,0.3006
SK,solar,0.73
SK,wind,0.0
SL,biomass,0.03
SL,coal,0.0
SL,gas,0.0
SL,geothermal,0.0
SL,hydro,0.06
SL,nuclear,0.0
SL,oil,0.14
SL,solar,0.02
SL,wind,0.0
SN,biomass,0.05
SN,coal,0.16
SN,gas,0.0076
SN,geothermal,0.0
SN,hydro,0.0885
SN,nuclear,0.0
SN,oil,1.29
SN,solar,0.27
SN,wind,0.16
SO,biomass,0.0
SO,coal,0.0
SO,gas,0.0
SO,geothermal,0.0
SO,hydro,0.0
SO,nuclear,0.0
SO,oil,0.06
SO,solar,0.05
SO,wind,0.0041
SR,biomass,0.0023
SR,coal,0.0
SR,gas,0.0076
SR,geothermal,0.0
SR,hydro,0.18
SR,nuclear,0.0
SR,oil,0.51
SR,solar,0.01
SR,wind,0.0
SS,biomass,0.0
SS,coal,0.0
SS,gas,0.0
SS,geothermal,0.0
SS,hydro,0.0
SS,nuclear,0.0
SS,oil,0.2
SS,solar,0.03
SS,wind,0.0
ST,biomass,0.0
ST,coal,0.0
ST,gas,0.0
ST,geothermal,0.0
ST,hydro,0.0029
ST,nuclear,0.0
ST,oil,0.03
ST,solar,0.0
ST,wind,0.0
SV,biomass,0.3
SV,geothermal,0.2405
SV,hydro,0.64
SV,oil,0.55
SV,solar,0.74
SV,wind,0.05
SY,biomass,0.01
SY,coal,0.06
SY,gas,7.83
SY,geothermal,0.0
SY,hydro,1.49
SY,nuclear,0.0
SY,oil,0.68
SY,solar,1.61
SY,wind,0.0
SZ,biomass,0.11
SZ,coal,0.0046
SZ,gas,0.0
SZ,geothermal,0.0
SZ,hydro,0.06
SZ,nuclear,0.0
SZ,oil,0.01
SZ,solar,0.03
SZ,wind,0.0
TC,biomass,0.0
TC,coal,0.0
TC,gas,0.0
TC,geothermal,0.0
TC,hydro,0.0
TC,nuclear,0.0
TC,oil,0.1
TC,solar,0.0076
TC,wind,0.0
TD,biomass,0.0023
TD,coal,0.0
TD,gas,0.12
TD,geothermal,0.0
TD,hydro,0.0
TD,nuclear,0.0
TD,oil,0.16
TD,solar,0.0
TD,wind,0.0041
TG,biomass,0.0
TG,coal,0.0
TG,gas,0.07
TG,geothermal,0.0
TG,hydro,0.07
TG,nuclear,0.0
TG,oil,0.15
TG,solar,0.07
TG,wind,0.0
TH,biomass,4.35
TH,coal,5.99
TH,gas,38.13
TH,hydro,3.13
TH,oil,0.1065
TH,solar,3.39
TH,wind,1.54
TJ,biomass,0.0
TJ,coal,0.4
TJ,gas,0.21
TJ,geothermal,0.0
TJ,hydro,5.74
TJ,nuclear,0.0
TJ,oil,0.0
TJ,solar,0.0
TJ,wind,0.0
TL,biomass,0.0
TL,coal,0.0
TL,gas,0.0
TL,geothermal,0.0
TL,hydro,0.0
TL,nuclear,0.0
TL,oil,0.35
TL,solar,0.0
TL,wind,0.0
TM,biomass,0.0
TM,coal,0.0
TM,gas,7.09
TM,geothermal,0.0
TM,hydro,0.0029
TM,nuclear,0.0
TM,oil,0.0
TM,solar,0.0
TM,wind,0.0
TN,biomass,0.0
TN,coal,0.0
TN,gas,5.45
TN,geothermal,0.0
TN,hydro,0.07
TN,nuclear,0.0
TN,oil,0.0875
TN,solar,0.77
TN,wind,0.25
TO,biomass,0.0
TO,coal,0.0
TO,gas,0.0
TO,geothermal,0.0
TO,hydro,0.0
TO,nuclear,0.0
TO,oil,0.02
TO,solar,0.02
TO,wind,0.0
TR,biomass,1.99
TR,coal,21.02
TR,gas,26.94
TR,geothermal,0.06
TR,hydro,32.2
TR,nuclear,0.0
TR,oil,0.57
TR,solar,20.23
TR,wind,12.87
TT,biomass,0.0
TT,coal,0.0
TT,gas,2.06
TT,geothermal,0.0
TT,hydro,0.0
TT,nuclear,0.0
TT,oil,0.0152
TT,solar,0.0076
TT,wind,0.0
TW,biomass,0.08
TW,coal,18.9
TW,gas,19.39
TW,hydro,2.12
TW,nuclear,0.95
TW,oil,2.52
TW,solar,14.28
TW,wind,3.91
TZ,biomass,0.07
TZ,coal,0.0
TZ,gas,1.15
TZ,geothermal,0.0
TZ,hydro,1.39
TZ,nuclear,0.0
TZ,oil,0.13
TZ,solar,0.01
TZ,wind,0.0
UA,biomass,0.27
UA,coal,21.48
UA,gas,9.26
UA,hydro,4.82
UA,nuclear,13.84
UA,oil,0.2017
UA,solar,8.06
UA,wind,1.76
UG,biomass,0.11
UG,coal,0.0
UG,gas,0.0
UG,geothermal,0.0
UG,hydro,1.71
UG,nuclear,0.0
UG,oil,0.1
UG,solar,0.1
UG,wind,0.0
US,biomass,9.87
US,coal,192.74
US,gas,546.01
US,geothermal,0.89
US,hydro,84.15
US,nuclear,96.83
US,oil,33.07
US,solar,177.59
US,wind,152.65
UY,biomass,0.74
UY,coal,0.0
UY,gas,1.11
UY,geothermal,0.0
UY,hydro,1.54
UY,nuclear,0.0
UY,oil,0.07
UY,solar,0.34
UY,wind,1.52
UZ,biomass,0.0
UZ,coal,2.49
UZ,gas,14.39
UZ,geothermal,0.0
UZ,hydro,2.39
UZ,nuclear,0.0
UZ,oil,0.5708
UZ,solar,3.19
UZ,wind,0.5
VC,biomass,0.0
VC,coal,0.0
VC,gas,0.0
VC,geothermal,0.0
VC,hydro,0.01
VC,nuclear,0.0
VC,oil,0.05
VC,solar,0.01
VC,wind,0.0
VE,biomass,0.06
VE,coal,0.0
VE,gas,12.41
VE,geothermal,0.0
VE,hydro,16.91
VE,nuclear,0.0
VE,oil,4.66
VE,solar,0.0076
VE,wind,0.05
VG,biomass,0.0
VG,coal,0.0
VG,gas,0.0
VG,geothermal,0.0
VG,hydro,0.0
VG,nuclear,0.0
VG,oil,0.06
VG,solar,0.0
VG,wind,0.0
VI,biomass,0.0
VI,coal,0.0
VI,gas,0.0
VI,geothermal,0.0
VI,hydro,0.0
VI,nuclear,0.0
VI,oil,0.33
VI,solar,0.01
VI,wind,0.0
VN,biomass,0.42
VN,coal,27.06
VN,gas,7.49
VN,hydro,23.71
VN,nuclear,0.0
VN,oil,0.66
VN,solar,18.67
VN,wind,6.18
VU,biomass,0.0
VU,coal,0.0
VU,gas,0.0
VU,geothermal,0.0
VU,hydro,0.0029
VU,nuclear,0.0
VU,oil,0.02
VU,solar,0.0076
VU,wind,0.0
WS,biomass,0.0023
WS,coal,0.0
WS,gas,0.0
WS,geothermal,0.0
WS,hydro,0.02
WS,nuclear,0.0
WS,oil,0.05
WS,solar,0.02
WS,wind,0.0
XK,biomass,0.0
XK,coal,1.33
XK,gas,0.0
XK,geothermal,0.0
XK,hydro,0.0599
XK,nuclear,0.0
XK,oil,0.0038
XK,solar,0.0076
XK,wind,0.1468
YE,biomass,0.0
YE,coal,0.0
YE,gas,0.84
YE,geothermal,0.0
YE,hydro,0.0
YE,nuclear,0.0
YE,oil,1.4
YE,solar,0.4
YE,wind,0.0
ZA,biomass,0.26
ZA,coal,46.69
ZA,gas,1.29
ZA,hydro,0.75
ZA,nuclear,1.93
ZA,oil,2.42
ZA,solar,9.06
ZA,wind,3.44
ZM,biomass,0.04
ZM,coal,0.33
ZM,gas,0.0
ZM,geothermal,0.0
ZM,hydro,3.17
ZM,nuclear,0.0
ZM,oil,0.21
ZM,solar,0.19
ZM,wind,0.0
ZW,biomass,0.1
ZW,coal,1.67
ZW,gas,0.0
ZW,geothermal,0.0
ZW,hydro,1.08
ZW,nuclear,0.0
ZW,oil,0.01
ZW,solar,0.1
ZW,wind,0.0
