country,fuel,price,region
*,gas,34.0,default
*,coal,15.0,default
*,lignite,3.3,default
*,oil,45.0,default
*,uranium,3.4,default
*,biomass,7.4,default
US,gas,7.0,north_america
US,coal,7.5,north_america
US,oil,45.0,north_america
CA,gas,7.0,north_america
CA,coal,7.5,north_america
CA,oil,45.0,north_america
MX,gas,7.0,north_america
MX,coal,7.5,north_america
MX,oil,45.0,north_america
DE,gas,34.0,europe
DE,coal,15.0,europe
DE,lignite,3.3,europe
DE,oil,45.0,europe
FR,gas,34.0,europe
FR,coal,15.0,europe
FR,lignite,3.3,europe
FR,oil,45.0,europe
GB,gas,34.0,europe
GB,coal,15.0,europe
GB,lignite,3.3,europe
GB,oil,45.0,europe
PL,gas,34.0,europe
PL,coal,15.0,europe
PL,lignite,3.3,europe
PL,oil,45.0,europe
NL,gas,34.0,europe
NL,coal,15.0,europe
NL,lignite,3.3,europe
NL,oil,45.0,europe
BE,gas,34.0,europe
BE,coal,15.0,europe
BE,lignite,3.3,europe
BE,oil,45.0,europe
AT,gas,34.0,europe
AT,coal,15.0,europe
AT,lignite,3.3,europe
AT,oil,45.0,europe
CZ,gas,34.0,europe
CZ,coal,15.0,europe
CZ,lignite,3.3,europe
CZ,oil,45.0,europe
CH,gas,34.0,europe
CH,coal,15.0,europe
CH,lignite,3.3,europe
CH,oil,45.0,europe
DK,gas,34.0,europe
DK,coal,15.0,europe
DK,lignite,3.3,europe
DK,oil,45.0,europe
IE,gas,34.0,europe
IE,coal,15.0,europe
IE,lignite,3.3,europe
IE,oil,45.0,europe
LU,gas,34.0,europe
LU,coal,15.0,europe
LU,lignite,3.3,europe
LU,oil,45.0,europe
IT,gas,34.0,europe
IT,coal,15.0,europe
IT,lignite,3.3,europe
IT,oil,45.0,europe
ES,gas,34.0,europe
ES,coal,15.0,europe
ES,lignite,3.3,europe
ES,oil,45.0,europe
PT,gas,34.0,europe
PT,coal,15.0,europe
PT,lignite,3.3,europe
PT,oil,45.0,europe
SE,gas,34.0,europe
SE,coal,15.0,europe
SE,lignite,3.3,europe
SE,oil,45.0,europe
NO,gas,34.0,europe
NO,coal,15.0,europe
NO,lignite,3.3,europe
NO,oil,45.0,europe
FI,gas,34.0,europe
FI,coal,15.0,europe
FI,lignite,3.3,europe
FI,oil,45.0,europe
GR,gas,34.0,europe
GR,coal,15.0,europe
GR,lignite,3.3,europe
GR,oil,45.0,europe
RO,gas,34.0,europe
RO,coal,15.0,europe
RO,lignite,3.3,europe
RO,oil,45.0,europe
HU,gas,34.0,europe
HU,coal,15.0,europe
HU,lignite,3.3,europe
HU,oil,45.0,europe
BG,gas,34.0,europe
BG,coal,15.0,europe
BG,lignite,3.3,europe
BG,oil,45.0,europe
RS,gas,34.0,europe
RS,coal,15.0,europe
RS,lignite,3.3,europe
RS,oil,45.0,europe
SK,gas,34.0,europe
SK,coal,15.0,europe
SK,lignite,3.3,europe
SK,oil,45.0,europe
HR,gas,34.0,europe
HR,coal,15.0,europe
HR,lignite,3.3,europe
HR,oil,45.0,europe
SI,gas,34.0,europe
SI,coal,15.0,europe
SI,lignite,3.3,europe
SI,oil,45.0,europe
BA,gas,34.0,europe
BA,coal,15.0,europe
BA,lignite,3.3,europe
BA,oil,45.0,europe
LT,gas,34.0,europe
LT,coal,15.0,europe
LT,lignite,3.3,europe
LT,oil,45.0,europe
LV,gas,34.0,europe
LV,coal,15.0,europe
LV,lignite,3.3,europe
LV,oil,45.0,europe
EE,gas,34.0,europe
EE,coal,15.0,europe
EE,lignite,3.3,europe
EE,oil,45.0,europe
MK,gas,34.0,europe
MK,coal,15.0,europe
MK,lignite,3.3,europe
MK,oil,45.0,europe
MD,gas,34.0,europe
MD,coal,15.0,europe
MD,lignite,3.3,europe
MD,oil,45.0,europe
CY,gas,34.0,europe
CY,coal,15.0,europe
CY,lignite,3.3,europe
CY,oil,45.0,europe
UA,gas,34.0,europe
UA,coal,15.0,europe
UA,lignite,3.3,europe
UA,oil,45.0,europe
TR,gas,34.0,europe
TR,coal,15.0,europe
TR,lignite,3.3,europe
TR,oil,45.0,europe
IS,gas,34.0,europe
IS,coal,15.0,europe
IS,lignite,3.3,europe
IS,oil,45.0,europe
MA,gas,34.0,europe
MA,coal,15.0,europe
MA,lignite,3.3,europe
MA,oil,45.0,europe
TN,gas,34.0,europe
TN,coal,15.0,europe
TN,lignite,3.3,europe
TN,oil,45.0,europe
JP,gas,40.0,asia_lng
JP,coal,17.0,asia_lng
JP,oil,45.0,asia_lng
KR,gas,40.0,asia_lng
KR,coal,17.0,asia_lng
KR,oil,45.0,asia_lng
TW,gas,40.0,asia_lng
TW,coal,17.0,asia_lng
TW,oil,45.0,asia_lng
SG,gas,40.0,asia_lng
SG,coal,17.0,asia_lng
SG,oil,45.0,asia_lng
PH,gas,40.0,asia_lng
PH,coal,17.0,asia_lng
PH,oil,45.0,asia_lng
LK,gas,40.0,asia_lng
LK,coal,17.0,asia_lng
LK,oil,45.0,asia_lng
CN,gas,30.0,china
CN,coal,17.0,china
CN,oil,45.0,china
MN,gas,30.0,china
MN,coal,17.0,china
MN,oil,45.0,china
KP,gas,30.0,china
KP,coal,17.0,china
KP,oil,45.0,china
IN,gas,25.0,india
IN,coal,6.0,india
IN,oil,45.0,india
NP,gas,25.0,india
NP,coal,6.0,india
NP,oil,45.0,india
BT,gas,25.0,india
BT,coal,6.0,india
BT,oil,45.0,india
ID,gas,15.0,sea_domestic
ID,coal,10.0,sea_domestic
ID,oil,45.0,sea_domestic
MY,gas,15.0,sea_domestic
MY,coal,10.0,sea_domestic
MY,oil,45.0,sea_domestic
TH,gas,15.0,sea_domestic
TH,coal,10.0,sea_domestic
TH,oil,45.0,sea_domestic
VN,gas,15.0,sea_domestic
VN,coal,10.0,sea_domestic
VN,oil,45.0,sea_domestic
BD,gas,15.0,sea_domestic
BD,coal,10.0,sea_domestic
BD,oil,45.0,sea_domestic
PK,gas,15.0,sea_domestic
PK,coal,10.0,sea_domestic
PK,oil,45.0,sea_domestic
MM,gas,15.0,sea_domestic
MM,coal,10.0,sea_domestic
MM,oil,45.0,sea_domestic
KH,gas,15.0,sea_domestic
KH,coal,10.0,sea_domestic
KH,oil,45.0,sea_domestic
LA,gas,15.0,sea_domestic
LA,coal,10.0,sea_domestic
LA,oil,45.0,sea_domestic
BN,gas,15.0,sea_domestic
BN,coal,10.0,sea_domestic
BN,oil,45.0,sea_domestic
RU,gas,5.0,russia_cis
RU,coal,5.0,russia_cis
RU,oil,30.0,russia_cis
KZ,gas,5.0,russia_cis
KZ,coal,5.0,russia_cis
KZ,oil,30.0,russia_cis
UZ,gas,5.0,russia_cis
UZ,coal,5.0,russia_cis
UZ,oil,30.0,russia_cis
TM,gas,5.0,russia_cis
TM,coal,5.0,russia_cis
TM,oil,30.0,russia_cis
AZ,gas,5.0,russia_cis
AZ,coal,5.0,russia_cis
AZ,oil,30.0,russia_cis
BY,gas,5.0,russia_cis
BY,coal,5.0,russia_cis
BY,oil,30.0,russia_cis
TJ,gas,5.0,russia_cis
TJ,coal,5.0,russia_cis
TJ,oil,30.0,russia_cis
KG,gas,5.0,russia_cis
KG,coal,5.0,russia_cis
KG,oil,30.0,russia_cis
GE,gas,5.0,russia_cis
GE,coal,5.0,russia_cis
GE,oil,30.0,russia_cis
AM,gas,5.0,russia_cis
AM,coal,5.0,russia_cis
AM,oil,30.0,russia_cis
AF,gas,5.0,russia_cis
AF,coal,5.0,russia_cis
AF,oil,30.0,russia_cis
SA,gas,4.0,producer_regulated
SA,coal,15.0,producer_regulated
SA,oil,20.0,producer_regulated
IR,gas,4.0,producer_regulated
IR,coal,15.0,producer_regulated
IR,oil,20.0,producer_regulated
IQ,gas,4.0,producer_regulated
IQ,coal,15.0,producer_regulated
IQ,oil,20.0,producer_regulated
AE,gas,4.0,producer_regulated
AE,coal,15.0,producer_regulated
AE,oil,20.0,producer_regulated
KW,gas,4.0,producer_regulated
KW,coal,15.0,producer_regulated
KW,oil,20.0,producer_regulated
QA,gas,4.0,producer_regulated
QA,coal,15.0,producer_regulated
QA,oil,20.0,producer_regulated
OM,gas,4.0,producer_regulated
OM,coal,15.0,producer_regulated
OM,oil,20.0,producer_regulated
BH,gas,4.0,producer_regulated
BH,coal,15.0,producer_regulated
BH,oil,20.0,producer_regulated
DZ,gas,4.0,producer_regulated
DZ,coal,15.0,producer_regulated
DZ,oil,20.0,producer_regulated
EG,gas,4.0,producer_regulated
EG,coal,15.0,producer_regulated
EG,oil,20.0,producer_regulated
LY,gas,4.0,producer_regulated
LY,coal,15.0,producer_regulated
LY,oil,20.0,producer_regulated
NG,gas,4.0,producer_regulated
NG,coal,15.0,producer_regulated
NG,oil,20.0,producer_regulated
YE,gas,4.0,producer_regulated
YE,coal,15.0,producer_regulated
YE,oil,20.0,producer_regulated
SY,gas,4.0,producer_regulated
SY,coal,15.0,producer_regulated
SY,oil,20.0,producer_regulated
IL,gas,14.0,levant
IL,coal,17.0,levant
IL,oil,45.0,levant
JO,gas,14.0,levant
JO,coal,17.0,levant
JO,oil,45.0,levant
LB,gas,14.0,levant
LB,coal,17.0,levant
LB,oil,45.0,levant
PS,gas,14.0,levant
PS,coal,17.0,levant
PS,oil,45.0,levant
AR,gas,18.0,latam
AR,coal,15.0,latam
AR,oil,45.0,latam
CO,gas,18.0,latam
CO,coal,15.0,latam
CO,oil,45.0,latam
PE,gas,18.0,latam
PE,coal,15.0,latam
PE,oil,45.0,latam
VE,gas,18.0,latam
VE,coal,15.0,latam
VE,oil,45.0,latam
BO,gas,18.0,latam
BO,coal,15.0,latam
BO,oil,45.0,latam
TT,gas,18.0,latam
TT,coal,15.0,latam
TT,oil,45.0,latam
EC,gas,18.0,latam
EC,coal,15.0,latam
EC,oil,45.0,latam
BR,gas,35.0,latam_lng
BR,coal,15.0,latam_lng
BR,oil,45.0,latam_lng
CL,gas,35.0,latam_lng
CL,coal,15.0,latam_lng
CL,oil,45.0,latam_lng
UY,gas,35.0,latam_lng
UY,coal,15.0,latam_lng
UY,oil,45.0,latam_lng
PY,gas,35.0,latam_lng
PY,coal,15.0,latam_lng
PY,oil,45.0,latam_lng
DO,gas,35.0,latam_lng
DO,coal,15.0,latam_lng
DO,oil,45.0,latam_lng
PR,gas,35.0,latam_lng
PR,coal,15.0,latam_lng
PR,oil,45.0,latam_lng
CU,gas,35.0,latam_lng
CU,coal,15.0,latam_lng
CU,oil,45.0,latam_lng
GT,gas,35.0,latam_lng
GT,coal,15.0,latam_lng
GT,oil,45.0,latam_lng
HN,gas,35.0,latam_lng
HN,coal,15.0,latam_lng
HN,oil,45.0,latam_lng
SV,gas,35.0,latam_lng
SV,coal,15.0,latam_lng
SV,oil,45.0,latam_lng
NI,gas,35.0,latam_lng
NI,coal,15.0,latam_lng
NI,oil,45.0,latam_lng
CR,gas,35.0,latam_lng
CR,coal,15.0,latam_lng
CR,oil,45.0,latam_lng
PA,gas,35.0,latam_lng
PA,coal,15.0,latam_lng
PA,oil,45.0,latam_lng
JM,gas,35.0,latam_lng
JM,coal,15.0,latam_lng
JM,oil,45.0,latam_lng
AU,gas,27.0,oceania
AU,coal,7.0,oceania
AU,oil,45.0,oceania
NZ,gas,27.0,oceania
NZ,coal,7.0,oceania
NZ,oil,45.0,oceania
ZA,gas,34.0,africa_south
ZA,coal,5.0,africa_south
ZA,oil,45.0,africa_south
ZW,gas,34.0,africa_south
ZW,coal,5.0,africa_south
ZW,oil,45.0,africa_south
ZM,gas,34.0,africa_south
ZM,coal,5.0,africa_south
ZM,oil,45.0,africa_south
MZ,gas,34.0,africa_south
MZ,coal,5.0,africa_south
MZ,oil,45.0,africa_south
