country,group,twh,cf
AE,biomass,0.21,2.397
AE,coal,0.0,
AE,gas,121.01,0.331
AE,nuclear,40.63,0.834
AE,oil,0.0,
AE,solar,15.21,0.267
AE,wind,0.2,0.208
AF,biomass,0.0,
AF,coal,0.03,0.5
AF,gas,0.0,0.0
AF,geothermal,0.0,
AF,hydro,0.75,0.182
AF,nuclear,0.0,
AF,oil,0.1,0.048
AF,solar,0.11,0.209
AF,wind,0.0,
AG,biomass,0.0,
AG,coal,0.0,
AG,gas,0.0,
AG,geothermal,0.0,
AG,hydro,0.0,
AG,nuclear,0.0,
AG,oil,0.34,0.3
AG,solar,0.03,0.171
AG,wind,0.0,
AM,biomass,0.0,
AM,coal,0.0,
AM,gas,3.52,0.22
AM,geothermal,0.0,
AM,hydro,2.0,0.169
AM,nuclear,2.63,0.667
AM,oil,0.0,
AM,solar,0.88,0.205
AM,wind,0.0,
AO,biomass,0.05,0.114
AO,coal,0.0,
AO,gas,1.4,0.222
AO,geothermal,0.0,
AO,hydro,11.0,0.337
AO,nuclear,0.0,
AO,oil,2.7,0.188
AO,solar,0.44,0.14
AO,wind,0.0,
AR,biomass,2.63,0.79
AR,coal,1.31,0.23
AR,gas,81.95,0.41
AR,hydro,29.67,0.368
AR,nuclear,10.45,0.682
AR,oil,6.36,0.162
AR,solar,3.97,0.26
AR,wind,16.17,0.427
AS,biomass,0.0,
AS,coal,0.0,
AS,gas,0.0,
AS,geothermal,0.0,
AS,hydro,0.0,
AS,nuclear,0.0,
AS,oil,0.17,0.388
AS,solar,0.01,0.114
AS,wind,0.0,
AT,biomass,4.67,0.573
AT,coal,0.0,
AT,gas,7.54,0.172
AT,geothermal,0.0,0.0
AT,hydro,45.71,0.344
AT,nuclear,0.0,
AT,oil,3.27,0.679
AT,solar,8.14,0.104
AT,wind,9.14,0.255
AU,biomass,2.99,0.363
AU,coal,127.33,0.637
AU,gas,49.1,0.213
AU,hydro,12.85,0.19
AU,oil,6.42,0.299
AU,solar,50.21,0.159
AU,wind,32.74,0.24
AW,biomass,0.0,
AW,coal,0.0,
AW,gas,0.0,
AW,geothermal,0.0,
AW,hydro,0.0,
AW,nuclear,0.0,
AW,oil,0.83,0.395
AW,solar,0.03,0.342
AW,wind,0.14,0.533
AZ,biomass,0.1,0.5
AZ,coal,0.0,
AZ,gas,24.5,0.477
AZ,geothermal,0.0,0.0
AZ,hydro,3.0,0.243
AZ,nuclear,0.0,
AZ,oil,0.07,0.3
AZ,solar,0.08,0.033
AZ,wind,0.09,0.147
BA,biomass,0.04,0.457
BA,coal,9.13,0.499
BA,gas,0.0,
BA,geothermal,0.0,
BA,hydro,5.44,0.33
BA,nuclear,0.0,
BA,oil,0.15,0.3
BA,solar,0.39,0.073
BA,wind,0.37,0.192
BB,biomass,0.0,
BB,coal,0.0,
BB,gas,0.03,0.3
BB,geothermal,0.0,
BB,hydro,0.0,
BB,nuclear,0.0,
BB,oil,0.98,0.373
BB,solar,0.1,0.163
BB,wind,0.0,
BD,biomass,0.0,0.0
BD,coal,20.29,0.384
BD,gas,67.03,0.586
BD,geothermal,0.0,
BD,hydro,0.7,0.347
BD,nuclear,0.0,
BD,oil,12.5,0.186
BD,solar,1.22,0.164
BD,wind,0.0,0.0
BE,biomass,3.61,1.03
BE,coal,0.0,
BE,gas,14.17,0.231
BE,geothermal,0.0,0.0
BE,hydro,0.55,0.523
BE,nuclear,31.25,0.908
BE,oil,3.81,0.87
BE,solar,8.56,0.101
BE,wind,13.87,0.281
BF,biomass,0.09,0.5
BF,coal,0.0,
BF,gas,0.0,
BF,geothermal,0.0,
BF,hydro,0.09,0.342
BF,nuclear,0.0,
BF,oil,1.4,0.4
BF,solar,0.11,0.06
BF,wind,0.0,
BG,biomass,1.72,2.182
BG,coal,8.76,0.215
BG,gas,2.04,0.197
BG,geothermal,0.0,
BG,hydro,2.79,0.125
BG,nuclear,15.78,0.896
BG,oil,0.26,0.3
BG,solar,5.49,0.137
BG,wind,1.46,0.235
BH,biomass,0.0,
BH,coal,0.0,
BH,gas,37.85,0.466
BH,geothermal,0.0,
BH,hydro,0.0,
BH,nuclear,0.0,
BH,oil,0.0,
BH,solar,0.1,0.163
BH,wind,0.0,
BI,biomass,0.01,0.5
BI,coal,0.0,
BI,gas,0.0,
BI,geothermal,0.0,
BI,hydro,0.36,0.685
BI,nuclear,0.0,
BI,oil,0.12,0.274
BI,solar,0.0,0.0
BI,wind,0.0,
BJ,biomass,0.0,
BJ,coal,0.0,
BJ,gas,0.73,0.641
BJ,geothermal,0.0,
BJ,hydro,0.0,
BJ,nuclear,0.0,
BJ,oil,0.24,0.161
BJ,solar,0.04,0.114
BJ,wind,0.0,
BM,biomass,0.01,0.5
BM,coal,0.0,
BM,gas,0.0,
BM,geothermal,0.0,
BM,hydro,0.0,
BM,nuclear,0.0,
BM,oil,0.6,0.623
BM,solar,0.0,
BM,wind,0.0,
BN,biomass,0.0,
BN,coal,1.1,0.571
BN,gas,4.4,0.441
BN,geothermal,0.0,
BN,hydro,0.0,
BN,nuclear,0.0,
BN,oil,0.05,0.571
BN,solar,0.01,0.114
BN,wind,0.0,
BO,biomass,0.42,0.178
BO,coal,0.0,
BO,gas,8.73,0.41
BO,geothermal,0.0,
BO,hydro,3.3,0.523
BO,nuclear,0.0,
BO,oil,0.2,0.571
BO,solar,0.4,0.254
BO,wind,0.48,0.391
BR,biomass,58.24,0.374
BR,coal,16.21,0.597
BR,gas,48.76,0.313
BR,hydro,413.21,0.429
BR,nuclear,15.78,0.905
BR,oil,13.71,0.195
BR,solar,71.32,0.153
BR,wind,108.49,0.376
BS,biomass,0.0,
BS,coal,0.0,
BS,gas,0.0,0.0
BS,geothermal,0.0,
BS,hydro,0.0,
BS,nuclear,0.0,
BS,oil,2.23,0.274
BS,solar,0.02,0.114
BS,wind,0.0,
BT,biomass,0.0,
BT,coal,0.0,
BT,gas,0.0,
BT,geothermal,0.0,
BT,hydro,11.0,0.513
BT,nuclear,0.0,
BT,oil,0.0,0.0
BT,solar,0.0,
BT,wind,0.0,
BW,biomass,0.0,
BW,coal,3.37,0.527
BW,gas,0.0,
BW,geothermal,0.0,
BW,hydro,0.0,
BW,nuclear,0.0,
BW,oil,0.05,0.082
BW,solar,0.01,0.016
BW,wind,0.0,
BY,biomass,0.55,0.628
BY,coal,0.02,0.5
BY,gas,27.0,0.317
BY,geothermal,0.0,
BY,hydro,0.4,0.507
BY,nuclear,15.69,0.765
BY,oil,1.7,0.3
BY,solar,0.26,0.114
BY,wind,0.2,0.19
BZ,biomass,0.16,0.457
BZ,coal,0.0,
BZ,gas,0.0,
BZ,geothermal,0.0,
BZ,hydro,0.24,0.457
BZ,nuclear,0.0,
BZ,oil,0.06,0.046
BZ,solar,0.01,0.114
BZ,wind,0.0,
CA,biomass,9.83,0.42
CA,coal,25.14,0.849
CA,gas,109.6,0.46
CA,hydro,343.2,0.469
CA,nuclear,85.47,0.77
CA,oil,7.3,0.365
CA,solar,9.42,0.185
CA,wind,46.83,0.307
CD,biomass,0.01,0.5
CD,coal,0.0,
CD,gas,0.0,
CD,geothermal,0.0,
CD,hydro,13.4,0.471
CD,nuclear,0.0,
CD,oil,0.0,0.0
CD,solar,2.51,9.551
CD,wind,0.0,
CF,biomass,0.0,
CF,coal,0.0,
CF,gas,0.0,
CF,geothermal,0.0,
CF,hydro,0.14,0.799
CF,nuclear,0.0,
CF,oil,0.0,0.0
CF,solar,0.0,0.0
CF,wind,0.0,
CG,biomass,0.03,0.342
CG,coal,0.0,
CG,gas,4.03,0.868
CG,geothermal,0.0,
CG,hydro,1.1,0.598
CG,nuclear,0.0,
CG,oil,0.29,0.552
CG,solar,0.01,0.15
CG,wind,0.0,
CH,biomass,1.04,1.484
CH,gas,0.27,0.14
CH,geothermal,1.04,0.594
CH,hydro,44.94,0.32
CH,nuclear,24.02,0.923
CH,oil,1.22,0.516
CH,solar,5.66,0.083
CH,wind,0.18,0.205
CI,biomass,0.1,0.5
CI,coal,0.0,
CI,gas,7.65,0.594
CI,geothermal,0.0,
CI,hydro,3.0,0.346
CI,nuclear,0.0,
CI,oil,0.02,0.011
CI,solar,0.02,0.057
CI,wind,0.0,
CK,biomass,0.0,
CK,coal,0.0,
CK,gas,0.0,
CK,geothermal,0.0,
CK,hydro,0.0,
CK,nuclear,0.0,
CK,oil,0.02,0.114
CK,solar,0.02,0.228
CK,wind,0.0,
CL,biomass,5.0,1.098
CL,coal,13.56,0.404
CL,gas,12.67,0.289
CL,geothermal,0.45,0.75
CL,hydro,26.0,0.398
CL,nuclear,0.0,
CL,oil,0.32,0.018
CL,solar,20.19,0.209
CL,wind,10.43,0.252
CM,biomass,0.04,0.5
CM,coal,0.0,
CM,gas,1.6,0.83
CM,geothermal,0.0,
CM,hydro,5.23,0.423
CM,nuclear,0.0,
CM,oil,0.35,0.266
CM,solar,0.04,0.051
CM,wind,0.0,
CN,biomass,208.5,1.279
CN,coal,5827.6,0.567
CN,gas,320.72,0.264
CN,hydro,1354.25,0.41
CN,nuclear,450.85,0.846
CN,oil,88.88,0.643
CN,solar,839.04,0.108
CN,wind,997.04,0.218
CO,biomass,2.22,0.65
CO,coal,11.21,0.795
CO,gas,19.79,0.524
CO,geothermal,0.0,
CO,hydro,48.88,0.422
CO,nuclear,0.0,
CO,oil,3.46,0.263
CO,solar,3.43,0.276
CO,wind,0.15,0.571
CR,biomass,0.06,0.086
CR,coal,0.0,
CR,gas,0.0,
CR,geothermal,1.6,0.75
CR,hydro,8.0,0.389
CR,nuclear,0.0,
CR,oil,0.01,0.002
CR,solar,0.09,0.147
CR,wind,1.24,0.354
CU,biomass,0.35,0.091
CU,coal,0.0,
CU,gas,2.65,0.522
CU,geothermal,0.0,
CU,hydro,0.12,0.196
CU,nuclear,0.0,
CU,oil,16.0,0.343
CU,solar,0.24,0.07
CU,wind,0.07,0.4
CV,biomass,0.0,
CV,coal,0.0,
CV,gas,0.0,
CV,geothermal,0.0,
CV,hydro,0.0,
CV,nuclear,0.0,
CV,oil,0.36,0.257
CV,solar,0.08,0.304
CV,wind,0.08,0.304
CY,biomass,0.06,0.685
CY,coal,0.0,
CY,gas,0.0,
CY,geothermal,0.0,
CY,hydro,0.0,
CY,nuclear,0.0,
CY,oil,4.4,0.272
CY,solar,1.11,0.169
CY,wind,0.22,0.157
CZ,biomass,5.38,0.74
CZ,coal,26.52,0.406
CZ,gas,3.79,0.244
CZ,geothermal,0.0,0.0
CZ,hydro,2.66,0.271
CZ,nuclear,29.7,0.79
CZ,oil,0.5,0.713
CZ,solar,3.59,0.103
CZ,wind,0.67,0.212
DE,biomass,51.08,0.657
DE,coal,106.33,0.375
DE,gas,78.41,0.277
DE,geothermal,0.22,0.024
DE,hydro,23.83,0.495
DE,nuclear,0.0,
DE,oil,20.39,0.564
DE,solar,74.13,0.093
DE,wind,141.6,0.222
DJ,biomass,0.0,
DJ,coal,0.0,
DJ,gas,0.0,
DJ,geothermal,0.0,
DJ,hydro,0.0,
DJ,nuclear,0.0,
DJ,oil,0.13,0.124
DJ,solar,0.0,
DJ,wind,0.07,0.1
DK,biomass,7.06,0.45
DK,coal,1.75,0.487
DK,gas,0.91,0.096
DK,geothermal,0.0,0.0
DK,hydro,0.02,0.228
DK,nuclear,0.0,
DK,oil,1.13,0.198
DK,solar,3.78,0.11
DK,wind,20.6,0.313
DM,biomass,0.0,
DM,coal,0.0,
DM,gas,0.0,
DM,geothermal,0.0,
DM,hydro,0.02,0.228
DM,nuclear,0.0,
DM,oil,0.13,0.742
DM,solar,0.0,
DM,wind,0.0,
DO,biomass,0.21,0.3
DO,coal,7.2,0.775
DO,gas,7.0,0.357
DO,geothermal,0.0,
DO,hydro,1.47,0.266
DO,nuclear,0.0,
DO,oil,5.3,0.348
DO,solar,1.55,0.125
DO,wind,1.3,0.345
DZ,biomass,0.0,
DZ,coal,0.0,
DZ,gas,95.0,0.42
DZ,geothermal,0.0,
DZ,hydro,0.02,0.018
DZ,nuclear,0.0,
DZ,oil,0.33,0.024
DZ,solar,0.99,0.246
DZ,wind,0.02,0.228
EC,biomass,0.39,0.262
EC,coal,0.0,
EC,gas,0.95,0.162
EC,geothermal,0.0,
EC,hydro,23.0,0.484
EC,nuclear,0.0,
EC,oil,8.05,0.278
EC,solar,0.04,0.057
EC,wind,0.23,0.375
EE,biomass,1.34,0.156
EE,coal,0.0,
EE,gas,0.08,0.043
EE,geothermal,0.0,0.0
EE,hydro,0.03,0.342
EE,nuclear,0.0,
EE,oil,2.69,0.357
EE,solar,1.07,0.139
EE,wind,1.05,0.174
EG,biomass,0.0,0.0
EG,coal,0.0,
EG,gas,192.98,0.412
EG,hydro,14.37,0.58
EG,oil,17.83,2.576
EG,solar,6.07,0.272
EG,wind,6.14,0.319
EH,biomass,0.0,
EH,coal,0.0,
EH,gas,0.0,
EH,geothermal,0.0,
EH,hydro,0.0,
EH,nuclear,0.0,
EH,oil,0.09,0.3
EH,solar,0.0,
EH,wind,0.0,
ER,biomass,0.0,
ER,coal,0.0,
ER,gas,0.0,
ER,geothermal,0.0,
ER,hydro,0.0,
ER,nuclear,0.0,
ER,oil,0.4,0.217
ER,solar,0.05,0.285
ER,wind,0.0,
ES,biomass,6.17,0.612
ES,coal,2.58,0.139
ES,gas,52.34,0.218
ES,geothermal,0.01,0.008
ES,hydro,34.41,0.234
ES,nuclear,54.53,0.874
ES,oil,10.41,0.34
ES,solar,58.29,0.174
ES,wind,62.2,0.221
ET,biomass,0.01,0.004
ET,coal,0.0,
ET,gas,0.0,
ET,geothermal,0.03,0.114
ET,hydro,24.42,0.534
ET,nuclear,0.0,
ET,oil,0.0,0.0
ET,solar,0.04,0.228
ET,wind,0.7,0.2
FI,biomass,10.39,0.325
FI,coal,0.83,0.082
FI,gas,0.82,0.065
FI,geothermal,0.0,0.0
FI,hydro,14.3,0.509
FI,nuclear,32.6,0.852
FI,oil,2.19,0.17
FI,solar,0.94,0.088
FI,wind,20.48,0.28
FJ,biomass,0.12,0.196
FJ,coal,0.0,
FJ,gas,0.0,
FJ,geothermal,0.0,
FJ,hydro,0.6,0.489
FJ,nuclear,0.0,
FJ,oil,0.42,0.2
FJ,solar,0.01,0.114
FJ,wind,0.0,0.0
FK,biomass,0.0,
FK,coal,0.0,
FK,gas,0.0,
FK,geothermal,0.0,
FK,hydro,0.0,
FK,nuclear,0.0,
FK,oil,0.01,0.114
FK,solar,0.0,
FK,wind,0.0,
FO,biomass,0.01,0.5
FO,coal,0.0,
FO,gas,0.0,
FO,geothermal,0.0,
FO,hydro,0.13,0.371
FO,nuclear,0.0,
FO,oil,0.26,0.27
FO,solar,0.0,
FO,wind,0.09,0.147
FR,biomass,10.68,0.739
FR,coal,1.02,0.061
FR,gas,18.1,0.118
FR,geothermal,0.57,0.087
FR,hydro,71.12,0.334
FR,nuclear,380.45,0.707
FR,oil,9.54,0.345
FR,solar,25.06,0.112
FR,wind,45.4,0.214
GA,biomass,0.01,0.5
GA,coal,0.0,
GA,gas,1.15,0.263
GA,geothermal,0.0,
GA,hydro,0.91,0.325
GA,nuclear,0.0,
GA,oil,0.53,0.318
GA,solar,0.0,0.0
GA,wind,0.0,
GB,biomass,40.09,0.653
GB,coal,1.9,0.5
GB,gas,86.3,0.258
GB,hydro,5.76,0.3
GB,nuclear,40.59,0.788
GB,oil,11.45,0.591
GB,solar,14.79,0.089
GB,wind,83.28,0.296
GD,biomass,0.0,
GD,coal,0.0,
GD,gas,0.0,
GD,geothermal,0.0,
GD,hydro,0.0,
GD,nuclear,0.0,
GD,oil,0.24,0.391
GD,solar,0.0,
GD,wind,0.0,
GE,biomass,0.0,
GE,coal,0.0,
GE,gas,2.81,0.157
GE,geothermal,0.0,
GE,hydro,11.0,0.368
GE,nuclear,0.0,
GE,oil,0.0,
GE,solar,0.03,0.024
GE,wind,0.09,0.514
GF,biomass,0.06,0.342
GF,hydro,0.52,0.495
GF,oil,0.34,0.3
GF,solar,0.06,0.098
GH,biomass,0.02,0.228
GH,coal,0.0,
GH,gas,14.91,0.556
GH,geothermal,0.0,
GH,hydro,8.6,0.621
GH,nuclear,0.0,
GH,oil,0.57,0.176
GH,solar,0.17,0.102
GH,wind,0.0,
GI,biomass,0.0,
GI,coal,0.0,
GI,gas,0.18,0.3
GI,geothermal,0.0,
GI,hydro,0.0,
GI,nuclear,0.0,
GI,oil,0.04,0.3
GI,solar,0.0,
GI,wind,0.0,
GL,biomass,0.03,0.5
GL,coal,0.0,
GL,gas,0.0,
GL,geothermal,0.0,
GL,hydro,0.47,0.596
GL,nuclear,0.0,
GL,oil,0.1,0.114
GL,solar,0.0,
GL,wind,0.0,
GM,biomass,0.0,
GM,coal,0.0,
GM,gas,0.0,
GM,geothermal,0.0,
GM,hydro,0.0,
GM,nuclear,0.0,
GM,oil,0.51,0.364
GM,solar,0.0,0.0
GM,wind,0.0,
GN,biomass,0.0,
GN,coal,0.0,
GN,gas,0.0,
GN,geothermal,0.0,
GN,hydro,3.0,0.423
GN,nuclear,0.0,
GN,oil,1.0,0.265
GN,solar,0.03,0.171
GN,wind,0.0,
GP,biomass,0.26,0.594
GP,coal,0.22,0.419
GP,geothermal,0.11,0.75
GP,hydro,0.01,0.114
GP,oil,0.86,0.327
GP,solar,0.11,0.14
GP,wind,0.1,0.19
GQ,biomass,0.0,
GQ,coal,0.0,
GQ,gas,1.08,0.771
GQ,geothermal,0.0,
GQ,hydro,0.4,0.351
GQ,nuclear,0.0,
GQ,oil,0.01,0.01
GQ,solar,0.0,
GQ,wind,0.0,
GR,biomass,0.71,0.54
GR,coal,3.27,0.188
GR,gas,21.53,0.404
GR,geothermal,0.0,
GR,hydro,3.58,0.117
GR,nuclear,0.0,
GR,oil,4.18,0.331
GR,solar,11.26,0.146
GR,wind,12.55,0.267
GT,biomass,3.5,0.459
GT,coal,2.5,0.649
GT,gas,0.0,
GT,geothermal,0.34,0.75
GT,hydro,6.3,0.455
GT,nuclear,0.0,
GT,oil,2.5,0.453
GT,solar,0.28,0.32
GT,wind,0.37,0.384
GU,biomass,0.0,
GU,coal,0.0,
GU,gas,0.0,
GU,geothermal,0.0,
GU,hydro,0.0,
GU,nuclear,0.0,
GU,oil,1.7,0.441
GU,solar,0.16,0.183
GU,wind,0.0,
GW,biomass,0.0,
GW,coal,0.0,
GW,gas,0.0,
GW,geothermal,0.0,
GW,hydro,0.0,
GW,nuclear,0.0,
GW,oil,0.08,0.304
GW,solar,0.0,
GW,wind,0.0,
GY,biomass,0.02,0.057
GY,coal,0.0,
GY,gas,0.01,0.3
GY,geothermal,0.0,
GY,hydro,0.0,
GY,nuclear,0.0,
GY,oil,1.33,0.474
GY,solar,0.02,0.114
GY,wind,0.0,
HK,biomass,0.16,0.304
HK,coal,12.6,0.35
HK,gas,24.0,0.472
HK,geothermal,0.0,
HK,hydro,0.0,
HK,nuclear,0.0,
HK,oil,0.45,0.171
HK,solar,0.23,0.064
HK,wind,0.0,
HN,biomass,0.84,0.436
HN,coal,0.06,0.5
HN,gas,0.0,0.0
HN,geothermal,0.35,0.75
HN,hydro,3.8,0.477
HN,nuclear,0.0,
HN,oil,5.5,0.722
HN,solar,1.18,0.245
HN,wind,0.75,0.357
HR,biomass,1.0,0.713
HR,coal,0.8,0.269
HR,gas,3.25,1.06
HR,geothermal,0.0,
HR,hydro,6.73,0.351
HR,nuclear,0.0,
HR,oil,0.01,0.001
HR,solar,0.82,0.104
HR,wind,2.68,0.235
HT,biomass,0.0,
HT,coal,0.0,
HT,gas,0.0,
HT,geothermal,0.0,
HT,hydro,0.16,0.228
HT,nuclear,0.0,
HT,oil,0.7,0.2
HT,solar,0.0,
HT,wind,0.0,
HU,biomass,1.83,0.337
HU,coal,2.44,0.246
HU,gas,7.13,0.189
HU,geothermal,0.01,0.057
HU,hydro,0.23,0.438
HU,nuclear,16.02,0.901
HU,oil,0.45,0.114
HU,solar,9.2,0.146
HU,wind,0.69,0.246
ID,biomass,21.33,0.796
ID,coal,228.43,0.46
ID,gas,68.78,0.333
ID,geothermal,16.77,95.719
ID,hydro,27.29,0.442
ID,oil,7.12,0.139
ID,solar,1.35,0.164
ID,wind,0.47,0.358
IE,biomass,1.0,0.713
IE,coal,0.63,0.078
IE,gas,15.1,0.362
IE,geothermal,0.0,0.0
IE,hydro,0.77,0.366
IE,nuclear,0.0,
IE,oil,0.89,0.149
IE,solar,1.09,0.084
IE,wind,11.6,0.268
IL,biomass,0.11,0.251
IL,coal,11.5,0.304
IL,gas,57.4,0.477
IL,geothermal,0.0,
IL,hydro,0.01,0.114
IL,nuclear,0.0,
IL,oil,0.4,0.3
IL,solar,10.52,0.214
IL,wind,0.46,0.15
IN,biomass,22.25,0.232
IN,coal,1517.9,0.718
IN,gas,56.44,0.206
IN,hydro,156.53,0.376
IN,nuclear,54.7,0.763
IN,oil,4.09,0.024
IN,solar,143.07,0.166
IN,wind,81.54,0.193
IQ,biomass,0.0,
IQ,coal,0.0,
IQ,gas,79.3,0.261
IQ,geothermal,0.0,
IQ,hydro,2.0,0.146
IQ,nuclear,0.0,
IQ,oil,68.0,0.775
IQ,solar,0.43,1.227
IQ,wind,0.0,
IR,biomass,0.03,0.171
IR,coal,0.73,0.5
IR,gas,340.05,0.521
IR,hydro,18.87,0.183
IR,nuclear,7.35,0.823
IR,oil,26.61,50.628
IR,solar,0.9,0.132
IR,wind,1.25,0.376
IS,biomass,0.0,
IS,coal,0.0,
IS,gas,0.0,
IS,geothermal,5.57,0.75
IS,hydro,13.46,0.721
IS,nuclear,0.0,
IS,oil,0.0,0.0
IS,solar,0.01,0.114
IS,wind,0.01,0.28
IT,biomass,17.23,0.678
IT,coal,3.95,0.087
IT,gas,118.59,0.241
IT,geothermal,5.67,1.471
IT,hydro,53.13,0.314
IT,nuclear,0.0,
IT,oil,10.78,0.353
IT,solar,35.99,0.116
IT,wind,22.22,0.196
JM,biomass,0.06,0.228
JM,coal,0.0,
JM,gas,2.8,0.695
JM,geothermal,0.0,
JM,hydro,0.12,0.457
JM,nuclear,0.0,
JM,oil,1.5,0.192
JM,solar,0.15,0.143
JM,wind,0.29,0.331
JO,biomass,0.0,0.0
JO,coal,0.0,
JO,gas,14.67,0.419
JO,geothermal,0.0,
JO,hydro,0.02,0.4
JO,nuclear,0.0,
JO,oil,3.3,0.724
JO,solar,3.93,0.204
JO,wind,1.75,0.317
JP,biomass,45.42,1.025
JP,coal,327.13,0.676
JP,gas,346.24,0.485
JP,hydro,79.45,0.321
JP,nuclear,84.91,0.293
JP,oil,25.0,0.136
JP,solar,96.7,0.123
JP,wind,11.54,0.225
KE,biomass,0.2,0.134
KE,coal,0.0,
KE,gas,0.0,
KE,geothermal,6.0,0.75
KE,hydro,3.1,0.398
KE,nuclear,0.0,
KE,oil,1.13,0.226
KE,solar,0.66,0.137
KE,wind,2.17,0.563
KG,biomass,0.0,
KG,coal,1.53,0.216
KG,gas,0.19,0.3
KG,geothermal,0.0,
KG,hydro,14.0,0.483
KG,nuclear,0.0,
KG,oil,0.05,0.3
KG,solar,0.0,
KG,wind,0.0,
KH,biomass,0.08,0.13
KH,coal,9.43,0.737
KH,hydro,4.37,0.277
KH,oil,0.53,0.093
KH,solar,1.07,0.126
KI,biomass,0.0,
KI,coal,0.0,
KI,gas,0.0,
KI,geothermal,0.0,
KI,hydro,0.0,
KI,nuclear,0.0,
KI,oil,0.03,0.342
KI,solar,0.01,0.15
KI,wind,0.0,
KM,biomass,0.0,
KM,coal,0.0,
KM,gas,0.0,
KM,geothermal,0.0,
KM,hydro,0.0,
KM,nuclear,0.0,
KM,oil,0.14,0.799
KM,solar,0.0,
KM,wind,0.0,
KN,biomass,0.0,
KN,coal,0.0,
KN,gas,0.0,
KN,geothermal,0.0,
KN,hydro,0.0,
KN,nuclear,0.0,
KN,oil,0.21,0.3
KN,solar,0.01,0.15
KN,wind,0.01,0.28
KP,biomass,0.0,
KP,coal,9.23,0.312
KP,gas,0.0,
KP,geothermal,0.0,
KP,hydro,17.0,0.39
KP,nuclear,0.0,0.0
KP,oil,0.7,0.3
KP,solar,0.17,0.139
KP,wind,0.0,
KR,biomass,20.34,0.863
KR,coal,190.78,0.529
KR,gas,178.35,0.405
KR,hydro,4.3,0.27
KR,nuclear,188.75,0.827
KR,oil,6.78,0.222
KR,solar,32.72,0.14
KR,wind,3.36,0.17
KW,biomass,0.0,
KW,coal,0.0,
KW,gas,57.42,0.559
KW,geothermal,0.0,
KW,hydro,0.0,
KW,nuclear,0.0,
KW,oil,33.0,0.443
KW,solar,0.21,0.24
KW,wind,1.86,21.233
KY,biomass,0.0,
KY,coal,0.0,
KY,gas,0.0,
KY,geothermal,0.0,
KY,hydro,0.0,
KY,nuclear,0.0,
KY,oil,0.68,0.37
KY,solar,0.03,0.342
KY,wind,0.0,
KZ,biomass,0.0,
KZ,coal,64.03,0.553
KZ,gas,34.71,0.928
KZ,hydro,11.25,0.457
KZ,oil,1.74,0.3
KZ,solar,1.87,0.174
KZ,wind,4.91,0.369
LA,biomass,0.04,0.038
LA,coal,12.18,0.74
LA,gas,0.0,
LA,geothermal,0.0,
LA,hydro,40.0,0.448
LA,nuclear,0.0,
LA,oil,0.0,
LA,solar,0.09,0.171
LA,wind,0.0,
LB,biomass,0.03,0.342
LB,coal,0.0,
LB,gas,0.0,0.0
LB,geothermal,0.0,
LB,hydro,0.7,0.285
LB,nuclear,0.0,
LB,oil,3.0,0.176
LB,solar,1.6,0.169
LB,wind,0.01,0.28
LC,biomass,0.0,
LC,coal,0.0,
LC,gas,0.0,
LC,geothermal,0.0,
LC,hydro,0.0,
LC,nuclear,0.0,
LC,oil,0.39,0.495
LC,solar,0.01,0.15
LC,wind,0.0,
LK,biomass,0.2,0.571
LK,coal,5.56,0.705
LK,geothermal,0.04,0.75
LK,hydro,7.01,0.406
LK,oil,2.01,0.468
LK,solar,1.37,0.099
LK,wind,0.87,0.368
LR,biomass,0.0,
LR,coal,0.0,
LR,gas,0.0,
LR,geothermal,0.0,
LR,hydro,0.3,0.381
LR,nuclear,0.0,
LR,oil,0.26,0.297
LR,solar,0.01,0.15
LR,wind,0.0,
LS,biomass,0.0,
LS,coal,0.0,
LS,gas,0.0,
LS,geothermal,0.0,
LS,hydro,0.0,0.0
LS,nuclear,0.0,
LS,oil,0.0,
LS,solar,0.0,0.0
LS,wind,0.0,
LT,biomass,0.98,0.746
LT,coal,0.0,
LT,gas,0.84,0.055
LT,geothermal,0.0,0.0
LT,hydro,0.44,0.419
LT,nuclear,0.0,
LT,oil,0.32,0.3
LT,solar,1.4,0.062
LT,wind,3.41,0.213
LU,biomass,0.44,0.628
LU,coal,0.0,
LU,gas,0.07,0.3
LU,geothermal,0.0,0.0
LU,hydro,0.11,0.419
LU,nuclear,0.0,
LU,oil,0.07,0.799
LU,solar,0.36,0.075
LU,wind,0.46,0.25
LV,biomass,0.62,0.544
LV,coal,0.0,
LV,gas,1.68,0.186
LV,geothermal,0.0,
LV,hydro,3.21,0.23
LV,nuclear,0.0,
LV,oil,0.0,
LV,solar,0.54,0.093
LV,wind,0.28,0.246
LY,biomass,0.0,
LY,coal,0.0,
LY,gas,25.78,0.248
LY,geothermal,0.0,
LY,hydro,0.0,
LY,nuclear,0.0,
LY,oil,8.8,0.42
LY,solar,0.01,0.114
LY,wind,0.0,
MA,biomass,0.04,0.457
MA,coal,26.18,0.731
MA,gas,4.33,0.568
MA,geothermal,0.0,
MA,hydro,0.81,0.071
MA,nuclear,0.0,
MA,oil,1.54,0.171
MA,solar,2.41,0.29
MA,wind,7.09,0.339
MD,biomass,0.02,0.228
MD,coal,0.0,0.0
MD,gas,5.2,0.43
MD,geothermal,0.0,
MD,hydro,0.32,0.609
MD,nuclear,0.0,
MD,oil,0.22,0.3
MD,solar,0.1,0.029
MD,wind,0.21,0.15
ME,biomass,0.0,
ME,coal,1.43,0.742
ME,gas,0.0,
ME,geothermal,0.0,
ME,hydro,1.77,0.289
ME,nuclear,0.0,
ME,oil,0.0,
ME,solar,0.06,0.114
ME,wind,0.27,0.257
MG,biomass,0.03,0.5
MG,coal,0.5,0.476
MG,gas,0.0,
MG,geothermal,0.0,
MG,hydro,0.9,0.541
MG,nuclear,0.0,
MG,oil,0.9,0.205
MG,solar,0.1,0.19
MG,wind,0.0,
MK,biomass,0.06,0.685
MK,coal,2.36,0.329
MK,gas,1.29,0.669
MK,geothermal,0.0,
MK,hydro,1.37,0.217
MK,nuclear,0.0,
MK,oil,0.17,0.097
MK,solar,0.89,0.117
MK,wind,0.17,0.277
ML,biomass,0.07,0.2
ML,coal,0.0,
ML,gas,0.0,
ML,geothermal,0.0,
ML,hydro,0.92,0.228
ML,nuclear,0.0,
ML,oil,4.8,0.898
ML,solar,0.17,0.139
ML,wind,0.0,
MM,biomass,0.27,0.514
MM,coal,1.2,0.721
MM,gas,10.0,0.468
MM,geothermal,0.0,
MM,hydro,10.0,0.349
MM,nuclear,0.0,
MM,oil,0.12,0.3
MM,solar,0.12,0.062
MM,wind,0.0,
MN,biomass,0.0,
MN,coal,7.47,0.742
MN,gas,0.0,
MN,geothermal,0.0,
MN,hydro,0.06,0.228
MN,nuclear,0.0,
MN,oil,0.57,6.507
MN,solar,0.21,0.171
MN,wind,0.51,0.364
MO,biomass,0.24,0.5
MO,coal,0.0,
MO,gas,0.49,0.4
MO,geothermal,0.0,
MO,hydro,0.0,
MO,nuclear,0.0,
MO,oil,0.05,0.021
MO,solar,0.0,
MO,wind,0.0,
MQ,biomass,0.24,0.685
MQ,geothermal,0.01,0.75
MQ,hydro,0.0,
MQ,oil,1.12,0.457
MQ,solar,0.11,0.126
MQ,wind,0.03,0.342
MR,biomass,0.0,
MR,coal,0.0,
MR,gas,0.0,0.0
MR,geothermal,0.0,
MR,hydro,0.21,0.4
MR,nuclear,0.0,
MR,oil,1.6,0.761
MR,solar,0.16,0.114
MR,wind,0.1,0.082
MS,biomass,0.0,
MS,coal,0.0,
MS,gas,0.0,
MS,geothermal,0.0,
MS,hydro,0.0,
MS,nuclear,0.0,
MS,oil,0.01,0.114
MS,solar,0.0,
MS,wind,0.0,
MT,biomass,0.01,0.5
MT,coal,0.0,
MT,gas,1.84,0.583
MT,geothermal,0.0,
MT,hydro,0.0,
MT,nuclear,0.0,
MT,oil,0.01,0.006
MT,solar,0.33,0.157
MT,wind,0.0,
MU,biomass,0.32,0.406
MU,coal,1.34,0.805
MU,gas,0.0,
MU,geothermal,0.0,
MU,hydro,0.11,0.209
MU,nuclear,0.0,
MU,oil,1.46,0.362
MU,solar,0.17,0.121
MU,wind,0.01,0.114
MV,biomass,0.0,
MV,coal,0.0,
MV,gas,0.0,0.0
MV,geothermal,0.0,
MV,hydro,0.0,
MV,nuclear,0.0,
MV,oil,0.79,0.17
MV,solar,0.06,0.098
MV,wind,0.0,
MW,biomass,0.05,0.285
MW,coal,0.0,
MW,gas,0.0,
MW,geothermal,0.0,
MW,hydro,1.69,0.495
MW,nuclear,0.0,
MW,oil,0.08,0.07
MW,solar,0.01,0.011
MW,wind,0.0,
MX,biomass,5.99,0.768
MX,coal,12.39,0.263
MX,gas,221.67,0.561
MX,hydro,23.54,0.209
MX,nuclear,12.31,0.873
MX,oil,33.81,0.097
MX,solar,25.72,0.245
MX,wind,19.75,0.3
MY,biomass,1.71,0.21
MY,coal,85.3,0.733
MY,gas,71.32,0.485
MY,hydro,34.52,0.628
MY,oil,1.15,0.268
MY,solar,4.12,0.153
MY,wind,0.0,
MZ,biomass,0.13,0.212
MZ,coal,0.0,
MZ,gas,3.13,0.541
MZ,geothermal,0.0,
MZ,hydro,16.3,0.85
MZ,nuclear,0.0,
MZ,oil,0.15,0.3
MZ,solar,0.08,0.051
MZ,wind,0.0,
NC,biomass,0.0,
NC,coal,1.14,1.183
NC,gas,0.0,
NC,geothermal,0.0,
NC,hydro,0.54,0.771
NC,nuclear,0.0,
NC,oil,1.14,0.237
NC,solar,0.26,0.141
NC,wind,0.04,0.076
NE,biomass,0.0,
NE,coal,0.17,0.647
NE,gas,0.05,0.285
NE,geothermal,0.0,
NE,hydro,0.0,
NE,nuclear,0.0,
NE,oil,0.7,0.205
NE,solar,0.03,0.043
NE,wind,0.0,
NG,biomass,0.06,0.342
NG,coal,0.0,0.0
NG,gas,28.17,0.27
NG,geothermal,0.0,
NG,hydro,9.2,0.362
NG,nuclear,0.0,
NG,oil,0.0,
NG,solar,0.13,0.065
NG,wind,0.0,
NI,biomass,0.89,0.462
NI,coal,0.0,
NI,gas,0.0,
NI,geothermal,0.69,0.75
NI,hydro,0.65,0.464
NI,nuclear,0.0,
NI,oil,1.7,0.511
NI,solar,0.03,0.086
NI,wind,0.56,0.336
NL,biomass,6.68,1.589
NL,coal,7.47,0.244
NL,gas,44.29,0.339
NL,geothermal,0.0,0.0
NL,hydro,0.09,0.257
NL,nuclear,3.57,0.799
NL,oil,4.93,0.526
NL,solar,21.82,0.101
NL,wind,33.48,0.327
NO,biomass,0.24,0.548
NO,coal,0.0,
NO,gas,1.47,0.494
NO,geothermal,0.0,0.0
NO,hydro,139.55,0.461
NO,nuclear,0.0,
NO,oil,0.72,0.587
NO,solar,0.53,0.077
NO,wind,14.6,0.323
NP,biomass,0.0,0.0
NP,coal,0.0,
NP,gas,0.0,
NP,geothermal,0.0,
NP,hydro,11.0,0.382
NP,nuclear,0.0,
NP,oil,0.0,0.0
NP,solar,0.12,0.081
NP,wind,0.01,0.28
NR,biomass,0.0,
NR,coal,0.0,
NR,gas,0.0,
NR,geothermal,0.0,
NR,hydro,0.0,
NR,nuclear,0.0,
NR,oil,0.04,0.228
NR,solar,0.01,0.15
NR,wind,0.0,
NU,biomass,0.0,
NU,coal,0.0,
NU,gas,0.0,
NU,geothermal,0.0,
NU,hydro,0.0,
NU,nuclear,0.0,
NU,oil,0.0,
NU,solar,0.0,
NU,wind,0.0,
NZ,biomass,0.78,0.594
NZ,coal,1.2,0.183
NZ,gas,4.31,0.346
NZ,geothermal,8.93,0.75
NZ,hydro,23.45,0.487
NZ,nuclear,0.0,
NZ,oil,0.66,0.3
NZ,solar,0.37,0.073
NZ,wind,4.31,0.39
OM,biomass,0.0,
OM,coal,0.0,
OM,gas,44.8,0.379
OM,geothermal,0.0,
OM,hydro,0.0,
OM,nuclear,0.0,
OM,oil,1.9,1.549
OM,solar,2.3,0.392
OM,wind,0.1,0.228
PA,biomass,0.05,0.057
PA,coal,0.5,0.184
PA,gas,2.8,0.266
PA,geothermal,0.0,
PA,hydro,7.13,0.44
PA,nuclear,0.0,
PA,oil,1.0,0.146
PA,solar,0.99,0.153
PA,wind,0.96,0.322
PE,biomass,0.6,0.342
PE,coal,0.0,
PE,gas,23.23,0.54
PE,geothermal,0.0,
PE,hydro,32.0,0.659
PE,nuclear,0.0,
PE,oil,0.42,0.016
PE,solar,0.95,0.205
PE,wind,2.09,0.232
PF,biomass,0.0,
PF,coal,0.0,
PF,gas,0.0,
PF,geothermal,0.0,
PF,hydro,0.19,0.434
PF,nuclear,0.0,
PF,oil,0.47,0.244
PF,solar,0.06,0.086
PF,wind,0.0,
PG,biomass,0.01,0.057
PG,coal,0.0,
PG,gas,0.91,0.4
PG,geothermal,0.1,0.75
PG,hydro,1.0,0.368
PG,nuclear,0.0,
PG,oil,2.7,0.629
PG,solar,0.01,0.15
PG,wind,0.0,
PH,biomass,1.32,0.188
PH,coal,79.36,0.725
PH,gas,18.05,0.621
PH,geothermal,10.43,0.75
PH,hydro,10.09,0.368
PH,nuclear,0.0,
PH,oil,1.34,0.037
PH,solar,2.08,0.079
PH,wind,1.5,0.389
PK,biomass,0.7,0.186
PK,coal,24.27,0.356
PK,gas,41.66,0.267
PK,hydro,40.16,0.398
PK,nuclear,24.6,0.776
PK,oil,1.95,0.058
PK,solar,19.84,0.609
PK,wind,3.89,0.24
PL,biomass,7.95,0.945
PL,coal,93.5,0.382
PL,gas,20.46,0.499
PL,geothermal,0.0,0.0
PL,hydro,2.11,0.243
PL,nuclear,0.0,
PL,oil,4.55,1.924
PL,solar,17.66,0.093
PL,wind,25.89,0.291
PM,biomass,0.0,
PM,coal,0.0,
PM,gas,0.0,
PM,geothermal,0.0,
PM,hydro,0.0,
PM,nuclear,0.0,
PM,oil,0.05,0.19
PM,solar,0.0,
PM,wind,0.0,
PR,biomass,0.01,0.5
PR,coal,3.2,0.5
PR,gas,5.4,0.425
PR,geothermal,0.0,
PR,hydro,0.05,0.057
PR,nuclear,0.0,
PR,oil,10.2,0.287
PR,solar,0.96,0.114
PR,wind,0.18,0.158
PS,biomass,0.0,
PS,coal,0.0,
PS,gas,0.0,0.0
PS,geothermal,0.0,
PS,hydro,0.0,
PS,nuclear,0.0,
PS,oil,0.6,0.3
PS,solar,0.39,0.148
PS,wind,0.0,
PT,biomass,3.75,0.639
PT,coal,0.0,
PT,gas,5.63,0.153
PT,geothermal,0.2,0.571
PT,hydro,14.89,0.203
PT,nuclear,0.0,
PT,oil,1.37,0.333
PT,solar,7.09,0.139
PT,wind,14.34,0.292
PY,biomass,0.24,1.37
PY,coal,0.0,
PY,gas,0.0,
PY,geothermal,0.0,
PY,hydro,42.17,0.546
PY,nuclear,0.0,
PY,oil,0.0,0.0
PY,solar,0.0,
PY,wind,0.0,
QA,biomass,0.13,0.5
QA,coal,0.0,
QA,gas,54.4,0.494
QA,geothermal,0.0,0.0
QA,hydro,0.0,
QA,nuclear,0.0,
QA,oil,0.0,
QA,solar,2.15,0.303
QA,wind,0.0,
RE,biomass,1.04,0.396
RE,coal,0.4,0.285
RE,hydro,0.39,0.342
RE,oil,0.93,1.062
RE,solar,0.29,0.123
RE,wind,0.02,0.228
RO,biomass,0.48,0.342
RO,coal,7.96,0.313
RO,gas,9.15,0.319
RO,geothermal,0.0,
RO,hydro,14.19,0.247
RO,nuclear,10.91,0.958
RO,oil,0.18,0.017
RO,solar,3.42,0.092
RO,wind,6.43,0.237
RS,biomass,0.34,0.776
RS,coal,23.26,0.551
RS,gas,1.72,0.333
RS,geothermal,0.0,0.0
RS,hydro,10.1,0.459
RS,nuclear,0.0,
RS,oil,0.13,0.3
RS,solar,0.16,0.061
RS,wind,1.25,0.238
RU,biomass,0.83,0.729
RU,coal,215.17,0.66
RU,gas,545.78,0.564
RU,hydro,210.54,0.465
RU,nuclear,215.71,0.859
RU,oil,13.79,1.22
RU,solar,2.92,0.147
RU,wind,4.57,0.203
RW,biomass,0.0,
RW,coal,0.17,0.216
RW,gas,0.3,0.381
RW,geothermal,0.0,
RW,hydro,0.52,0.396
RW,nuclear,0.0,
RW,oil,0.1,0.285
RW,solar,0.04,0.228
RW,wind,0.0,
SA,biomass,0.0,
SA,coal,0.0,
SA,gas,287.98,0.474
SA,oil,156.84,0.632
SA,solar,8.23,0.152
SA,wind,1.59,0.454
SB,biomass,0.0,
SB,coal,0.0,
SB,gas,0.0,
SB,geothermal,0.0,
SB,hydro,0.0,
SB,nuclear,0.0,
SB,oil,0.1,0.19
SB,solar,0.01,0.114
SB,wind,0.0,
SC,biomass,0.0,
SC,coal,0.0,
SC,gas,0.0,
SC,geothermal,0.0,
SC,hydro,0.0,
SC,nuclear,0.0,
SC,oil,0.53,0.55
SC,solar,0.09,0.514
SC,wind,0.01,0.114
SD,biomass,0.11,0.063
SD,coal,0.0,
SD,gas,0.0,0.0
SD,geothermal,0.0,
SD,hydro,11.5,0.887
SD,nuclear,0.0,
SD,oil,3.0,0.256
SD,solar,0.16,0.096
SD,wind,0.0,
SE,biomass,10.18,0.364
SE,coal,0.0,
SE,gas,0.11,0.05
SE,geothermal,0.0,0.0
SE,hydro,64.61,0.453
SE,nuclear,50.67,0.826
SE,oil,1.97,0.044
SE,solar,4.16,0.098
SE,wind,40.45,0.275
SG,biomass,1.66,4.737
SG,coal,0.57,0.5
SG,gas,54.93,0.575
SG,oil,1.17,0.636
SG,solar,1.28,0.121
SH,biomass,0.0,
SH,coal,0.0,
SH,gas,0.0,
SH,geothermal,0.0,
SH,hydro,0.0,
SH,nuclear,0.0,
SH,oil,0.01,0.3
SH,solar,0.0,
SH,wind,0.0,
SI,biomass,0.25,0.408
SI,coal,3.5,0.373
SI,gas,0.48,0.101
SI,geothermal,0.0,
SI,hydro,5.34,0.521
SI,nuclear,5.84,0.952
SI,oil,0.02,0.3
SI,solar,1.27,0.102
SI,wind,0.01,0.28
SK,biomass,1.58,0.53
SK,coal,0.52,0.22
SK,gas,2.88,0.165
SK,geothermal,0.0,0.0
SK,hydro,4.83,0.342
SK,nuclear,18.23,0.843
SK,oil,0.79,0.3
SK,solar,0.69,0.108
SK,wind,0.0,
SL,biomass,0.0,0.0
SL,coal,0.0,
SL,gas,0.0,
SL,geothermal,0.0,
SL,hydro,0.18,0.342
SL,nuclear,0.0,
SL,oil,0.01,0.008
SL,solar,0.02,0.114
SL,wind,0.0,
SN,biomass,0.11,0.251
SN,coal,0.1,0.071
SN,gas,0.02,0.3
SN,geothermal,0.0,
SN,hydro,0.31,0.4
SN,nuclear,0.0,
SN,oil,6.0,0.531
SN,solar,0.68,0.288
SN,wind,0.41,0.293
SO,biomass,0.0,
SO,coal,0.0,
SO,gas,0.0,
SO,geothermal,0.0,
SO,hydro,0.0,
SO,nuclear,0.0,
SO,oil,0.34,0.647
SO,solar,0.08,0.183
SO,wind,0.01,0.28
SR,biomass,0.01,0.5
SR,coal,0.0,
SR,gas,0.02,0.3
SR,geothermal,0.0,
SR,hydro,0.9,0.571
SR,nuclear,0.0,
SR,oil,0.8,0.179
SR,solar,0.01,0.114
SR,wind,0.0,
SS,biomass,0.0,
SS,coal,0.0,
SS,gas,0.0,
SS,geothermal,0.0,
SS,hydro,0.0,
SS,nuclear,0.0,
SS,oil,0.55,0.314
SS,solar,0.01,0.038
SS,wind,0.0,
ST,biomass,0.0,
ST,coal,0.0,
ST,gas,0.0,
ST,geothermal,0.0,
ST,hydro,0.01,0.4
ST,nuclear,0.0,
ST,oil,0.08,0.304
ST,solar,0.0,
ST,wind,0.0,
SV,biomass,0.83,0.316
SV,geothermal,1.58,0.75
SV,hydro,2.13,0.38
SV,oil,0.6,0.125
SV,solar,1.25,0.193
SV,wind,0.14,0.32
SY,biomass,0.03,0.342
SY,coal,0.0,0.0
SY,gas,13.0,0.19
SY,geothermal,0.0,
SY,hydro,0.75,0.057
SY,nuclear,0.0,
SY,oil,11.0,1.847
SY,solar,0.1,0.007
SY,wind,0.0,
SZ,biomass,0.21,0.218
SZ,coal,0.02,0.5
SZ,gas,0.0,
SZ,geothermal,0.0,
SZ,hydro,0.35,0.666
SZ,nuclear,0.0,
SZ,oil,0.0,0.0
SZ,solar,0.03,0.114
SZ,wind,0.0,
TC,biomass,0.0,
TC,coal,0.0,
TC,gas,0.0,
TC,geothermal,0.0,
TC,hydro,0.0,
TC,nuclear,0.0,
TC,oil,0.26,0.297
TC,solar,0.01,0.15
TC,wind,0.0,
TD,biomass,0.01,0.5
TD,coal,0.0,
TD,gas,0.0,0.0
TD,geothermal,0.0,
TD,hydro,0.0,
TD,nuclear,0.0,
TD,oil,0.35,0.25
TD,solar,0.0,
TD,wind,0.01,0.28
TG,biomass,0.0,
TG,coal,0.0,
TG,gas,0.5,0.815
TG,geothermal,0.0,
TG,hydro,0.08,0.13
TG,nuclear,0.0,
TG,oil,0.0,0.0
TG,solar,0.13,0.212
TG,wind,0.0,
TH,biomass,14.39,0.378
TH,coal,33.26,0.634
TH,gas,136.37,0.408
TH,hydro,6.41,0.234
TH,oil,0.28,0.3
TH,solar,5.43,0.183
TH,wind,3.38,0.251
TJ,biomass,0.0,
TJ,coal,1.0,0.285
TJ,gas,0.2,0.109
TJ,geothermal,0.0,
TJ,hydro,21.0,0.418
TJ,nuclear,0.0,
TJ,oil,0.0,
TJ,solar,0.0,
TJ,wind,0.0,
TL,biomass,0.0,
TL,coal,0.0,
TL,gas,0.0,
TL,geothermal,0.0,
TL,hydro,0.0,
TL,nuclear,0.0,
TL,oil,0.51,0.166
TL,solar,0.0,
TL,wind,0.0,
TM,biomass,0.0,
TM,coal,0.0,
TM,gas,33.0,0.531
TM,geothermal,0.0,
TM,hydro,0.01,0.4
TM,nuclear,0.0,
TM,oil,0.0,
TM,solar,0.0,
TM,wind,0.0,
TN,biomass,0.0,
TN,coal,0.0,
TN,gas,20.2,0.423
TN,geothermal,0.0,
TN,hydro,0.01,0.016
TN,nuclear,0.0,
TN,oil,0.23,0.3
TN,solar,0.56,0.083
TN,wind,0.37,0.169
TO,biomass,0.0,
TO,coal,0.0,
TO,gas,0.0,
TO,geothermal,0.0,
TO,hydro,0.0,
TO,nuclear,0.0,
TO,oil,0.06,0.342
TO,solar,0.01,0.057
TO,wind,0.0,
TR,biomass,8.68,0.498
TR,coal,121.32,0.659
TR,gas,63.28,0.268
TR,geothermal,10.2,19.406
TR,hydro,74.57,0.264
TR,nuclear,0.0,
TR,oil,0.98,0.196
TR,solar,25.67,0.145
TR,wind,36.53,0.324
TT,biomass,0.0,
TT,coal,0.0,
TT,gas,9.5,0.526
TT,geothermal,0.0,
TT,hydro,0.0,
TT,nuclear,0.0,
TT,oil,0.04,0.3
TT,solar,0.01,0.15
TT,wind,0.0,
TW,biomass,2.07,2.954
TW,coal,115.62,0.698
TW,gas,124.99,0.736
TW,hydro,4.21,0.227
TW,nuclear,12.18,1.464
TW,oil,4.26,0.193
TW,solar,14.9,0.119
TW,wind,10.33,0.302
TZ,biomass,0.07,0.114
TZ,coal,0.0,
TZ,gas,5.55,0.551
TZ,geothermal,0.0,
TZ,hydro,2.8,0.23
TZ,nuclear,0.0,
TZ,oil,0.38,0.334
TZ,solar,0.04,0.457
TZ,wind,0.0,
UA,biomass,0.78,0.33
UA,coal,23.32,0.124
UA,gas,7.18,0.089
UA,hydro,11.02,0.261
UA,nuclear,62.18,0.513
UA,oil,0.53,0.3
UA,solar,5.08,0.072
UA,wind,1.42,0.092
UG,biomass,0.47,0.488
UG,coal,0.0,
UG,gas,0.0,
UG,geothermal,0.0,
UG,hydro,5.0,0.334
UG,nuclear,0.0,
UG,oil,0.17,0.194
UG,solar,0.17,0.194
UG,wind,0.0,
US,biomass,46.42,0.537
US,coal,652.16,0.386
US,gas,1869.9,0.391
US,geothermal,17.52,2.247
US,hydro,237.04,0.322
US,nuclear,781.86,0.922
US,oil,30.47,0.105
US,solar,303.75,0.195
US,wind,451.9,0.338
UY,biomass,3.0,0.463
UY,coal,0.0,
UY,gas,0.0,0.0
UY,geothermal,0.0,
UY,hydro,4.5,0.334
UY,nuclear,0.0,
UY,oil,0.15,0.245
UY,solar,0.56,0.188
UY,wind,5.16,0.388
UZ,biomass,0.0,
UZ,coal,5.7,0.261
UZ,gas,61.3,0.486
UZ,geothermal,0.0,
UZ,hydro,8.2,0.392
UZ,nuclear,0.0,
UZ,oil,1.5,0.3
UZ,solar,2.9,0.104
UZ,wind,1.9,0.434
VC,biomass,0.0,
VC,coal,0.0,
VC,gas,0.0,
VC,geothermal,0.0,
VC,hydro,0.02,0.228
VC,nuclear,0.0,
VC,oil,0.13,0.297
VC,solar,0.0,0.0
VC,wind,0.0,
VE,biomass,0.0,0.0
VE,coal,0.0,
VE,gas,3.6,0.033
VE,geothermal,0.0,
VE,hydro,73.0,0.493
VE,nuclear,0.0,
VE,oil,3.5,0.086
VE,solar,0.01,0.15
VE,wind,0.02,0.046
VG,biomass,0.0,
VG,coal,0.0,
VG,gas,0.0,
VG,geothermal,0.0,
VG,hydro,0.0,
VG,nuclear,0.0,
VG,oil,0.17,0.323
VG,solar,0.0,
VG,wind,0.0,
VI,biomass,0.0,
VI,coal,0.0,
VI,gas,0.0,
VI,geothermal,0.0,
VI,hydro,0.0,
VI,nuclear,0.0,
VI,oil,0.66,0.228
VI,solar,0.02,0.228
VI,wind,0.0,
VN,biomass,1.03,0.28
VN,coal,152.77,0.644
VN,gas,21.83,0.333
VN,hydro,88.72,0.427
VN,nuclear,0.0,
VN,oil,0.62,0.107
VN,solar,25.86,0.158
VN,wind,12.75,0.236
VU,biomass,0.0,
VU,coal,0.0,
VU,gas,0.0,
VU,geothermal,0.0,
VU,hydro,0.01,0.4
VU,nuclear,0.0,
VU,oil,0.06,0.342
VU,solar,0.01,0.15
VU,wind,0.0,
WS,biomass,0.01,0.5
WS,coal,0.0,
WS,gas,0.0,
WS,geothermal,0.0,
WS,hydro,0.03,0.171
WS,nuclear,0.0,
WS,oil,0.09,0.205
WS,solar,0.03,0.171
WS,wind,0.0,
XK,biomass,0.0,
XK,coal,6.16,0.529
XK,gas,0.0,
XK,geothermal,0.0,
XK,hydro,0.21,0.4
XK,nuclear,0.0,
XK,oil,0.01,0.3
XK,solar,0.01,0.15
XK,wind,0.36,0.28
YE,biomass,0.0,
YE,coal,0.0,
YE,gas,0.06,0.008
YE,geothermal,0.0,
YE,hydro,0.0,
YE,nuclear,0.0,
YE,oil,4.6,0.375
YE,solar,0.59,0.168
YE,wind,0.0,
ZA,biomass,0.47,0.206
ZA,coal,206.81,0.506
ZA,gas,0.0,0.0
ZA,hydro,1.1,0.167
ZA,nuclear,7.8,0.461
ZA,oil,1.94,0.092
ZA,solar,18.3,0.231
ZA,wind,11.1,0.368
ZM,biomass,0.08,0.228
ZM,coal,2.13,0.737
ZM,gas,0.0,
ZM,geothermal,0.0,
ZM,hydro,17.0,0.612
ZM,nuclear,0.0,
ZM,oil,0.34,0.185
ZM,solar,0.17,0.102
ZM,wind,0.0,
ZW,biomass,0.12,0.137
ZW,coal,4.4,0.301
ZW,gas,0.0,
ZW,geothermal,0.0,
ZW,hydro,5.7,0.602
ZW,nuclear,0.0,
ZW,oil,0.0,0.0
ZW,solar,0.04,0.046
ZW,wind,0.0,
