country,inflow_twh,max_hours
AF,0.75,1643.0
AG,0.0,
AM,2.0,3000.0
AO,11.0,661.0
AR,29.67,966.0
AS,0.0,
AT,45.71,380.0
AU,12.85,3000.0
AW,0.0,
AZ,3.0,1976.0
BA,5.44,193.0
BB,0.0,
BD,0.7,
BE,0.55,94.0
BF,0.09,6.0
BG,2.79,690.0
BH,0.0,
BI,0.36,6.0
BJ,0.0,
BM,0.0,
BN,0.0,
BO,3.3,1009.0
BR,413.21,1177.0
BS,0.0,
BT,11.0,
BW,0.0,
BY,0.4,
BZ,0.24,
CA,343.2,3000.0
CD,13.4,540.0
CF,0.14,
CG,1.1,8.0
CH,44.94,374.0
CI,3.0,3000.0
CK,0.0,
CL,26.0,2033.0
CM,5.23,6.0
CN,1354.25,325.0
CO,48.88,687.0
CR,8.0,1974.0
CU,0.12,
CV,0.0,
CY,0.0,
CZ,2.66,263.0
DE,23.83,2499.0
DJ,0.0,
DK,0.02,
DM,0.02,
DO,1.47,16.0
DZ,0.02,705.0
EC,23.0,102.0
EE,0.03,
EG,14.37,3000.0
EH,0.0,
ER,0.0,
ES,34.41,374.0
ET,24.42,3000.0
FI,14.3,819.0
FJ,0.6,
FK,0.0,
FO,0.13,
FR,71.12,284.0
GA,0.91,385.0
GB,5.76,668.0
GD,0.0,
GE,11.0,614.0
GF,0.52,
GH,8.6,3000.0
GI,0.0,
GL,0.47,
GM,0.0,
GN,3.0,10.0
GP,0.01,
GQ,0.4,6.0
GR,3.58,838.0
GT,6.3,2953.0
GU,0.0,
GW,0.0,
GY,0.0,
HK,0.0,
HN,3.8,
HR,6.73,722.0
HT,0.16,
HU,0.23,6.0
ID,27.29,1099.0
IE,0.77,
IL,0.01,
IN,156.53,1393.0
IQ,2.0,2414.0
IR,18.87,320.0
IS,13.46,1187.0
IT,53.13,1512.0
JM,0.12,
JO,0.02,
JP,79.45,386.0
KE,3.1,2210.0
KG,14.0,1438.0
KH,4.37,586.0
KI,0.0,
KM,0.0,
KN,0.0,
KP,17.0,
KR,4.3,974.0
KW,0.0,
KY,0.0,
KZ,11.25,3000.0
LA,40.0,1401.0
LB,0.7,
LC,0.0,
LK,7.01,434.0
LR,0.3,
LS,0.0,6.0
LT,0.44,174.0
LU,0.11,
LV,3.21,44.0
LY,0.0,
MA,0.81,502.0
MD,0.32,6.0
ME,1.77,733.0
MG,0.9,995.0
MK,1.37,901.0
ML,0.92,2796.0
MM,10.0,431.0
MN,0.06,
MO,0.0,
MQ,0.0,
MR,0.21,
MS,0.0,
MT,0.0,
MU,0.11,44.0
MV,0.0,
MW,1.69,10.0
MX,23.54,206.0
MY,34.52,1936.0
MZ,16.3,3000.0
NC,0.54,
NE,0.0,
NG,9.2,993.0
NI,0.65,6.0
NL,0.09,
NO,139.55,1296.0
NP,11.0,1063.0
NR,0.0,
NU,0.0,
NZ,23.45,794.0
OM,0.0,
PA,7.13,633.0
PE,32.0,24.0
PF,0.19,
PG,1.0,
PH,10.09,3000.0
PK,40.16,796.0
PL,2.11,298.0
PM,0.0,
PR,0.05,
PS,0.0,
PT,14.89,629.0
PY,42.17,3000.0
QA,0.0,
RE,0.39,
RO,14.19,328.0
RS,10.1,792.0
RU,210.54,1699.0
RW,0.52,
SB,0.0,
SC,0.0,
SD,11.5,169.0
SE,64.61,233.0
SH,0.0,
SI,5.34,54.0
SK,4.83,336.0
SL,0.18,816.0
SN,0.31,
SO,0.0,
SR,0.9,
SS,0.0,
ST,0.01,
SV,2.13,386.0
SY,0.75,6.0
SZ,0.35,251.0
TC,0.0,
TD,0.0,
TG,0.08,1101.0
TH,6.41,2427.0
TJ,21.0,910.0
TL,0.0,
TM,0.01,
TN,0.01,1153.0
TO,0.0,
TR,74.57,1822.0
TT,0.0,
TW,4.21,
TZ,2.8,1420.0
UA,11.02,
UG,5.0,3000.0
US,237.04,2002.0
UY,4.5,229.0
UZ,8.2,460.0
VC,0.02,
VE,73.0,1466.0
VG,0.0,
VI,0.0,
VN,88.72,305.0
VU,0.01,
WS,0.03,
XK,0.21,1440.0
YE,0.0,
ZA,1.1,3000.0
ZM,17.0,3000.0
ZW,5.7,3000.0
