country,net_imports_twh
AE,-0.24
AF,5.83
AG,0.0
AM,-1.39
AO,0.0
AR,9.17
AS,0.0
AT,-6.78
AU,0.0
AW,0.0
AZ,-1.23
BA,-2.46
BB,0.0
BD,10.0
BE,10.34
BF,1.5
BG,-0.99
BH,0.49
BI,0.08
BJ,1.3
BM,0.0
BN,0.0
BO,0.0
BR,11.59
BS,0.0
BT,1.46
BW,1.24
BY,-0.6
BZ,0.38
CA,-12.43
CD,1.44
CF,0.0
CG,-0.08
CH,-14.4
CI,-0.73
CK,0.0
CL,0.0
CM,0.06
CN,-17.0
CO,0.0
CR,0.22
CU,0.0
CV,0.0
CY,0.0
CZ,-6.66
DE,26.27
DJ,0.6
DK,3.71
DM,0.0
DO,0.0
DZ,-2.52
EC,0.7
EE,2.92
EG,-1.4
EH,0.0
ER,0.0
ES,-10.23
ET,-1.76
FI,3.18
FJ,0.0
FK,0.0
FO,0.0
FR,-89.98
GA,0.58
GB,33.19
GD,0.0
GE,0.18
GF,0.0
GH,-2.44
GI,0.0
GL,0.0
GM,0.0
GN,0.0
GP,0.0
GQ,0.0
GR,-0.31
GT,0.56
GU,0.0
GW,0.0
GY,0.0
HK,11.37
HN,0.15
HR,4.36
HT,0.0
HU,10.73
ID,0.96
IE,5.06
IL,-6.4
IN,-2.3
IQ,7.1
IR,-2.4
IS,0.0
IT,51.0
JM,0.0
JO,0.06
JP,0.0
KE,1.49
KG,3.48
KH,4.52
KI,0.0
KM,0.0
KN,0.0
KP,0.0
KR,0.0
KW,0.0
KY,0.0
KZ,2.41
LA,-36.7
LB,0.0
LC,0.0
LK,0.0
LR,0.0
LS,0.58
LT,5.4
LU,5.25
LV,1.07
LY,0.0
MA,2.54
MD,-0.01
ME,-0.16
MG,0.0
MK,0.71
ML,-0.5
MM,0.21
MN,2.72
MO,5.5
MQ,0.0
MR,0.3
MS,0.0
MT,0.97
MU,0.0
MV,0.0
MW,-0.02
MX,-0.31
MY,-1.08
MZ,-3.3
NC,0.0
NE,1.2
NG,-2.3
NI,0.9
NL,-4.22
NO,-18.44
NP,-0.1
NR,0.0
NU,0.0
NZ,0.0
OM,0.0
PA,-0.14
PE,0.03
PF,0.0
PG,0.0
PH,0.0
PK,0.48
PL,1.97
PM,0.0
PR,0.0
PS,7.0
PT,10.47
PY,-16.0
QA,0.0
RE,0.0
RO,2.96
RS,0.52
RU,-16.4
RW,0.09
SA,-0.05
SB,0.0
SC,0.0
SD,0.8
SE,-33.44
SG,0.02
SH,0.0
SI,-2.41
SK,-2.95
SL,0.0
SN,0.5
SO,0.0
SR,0.0
SS,0.0
ST,0.0
SV,-0.33
SY,-0.6
SZ,1.04
TC,0.0
TD,0.0
TG,1.5
TH,32.41
TJ,-2.6
TL,0.0
TM,-9.0
TN,2.59
TO,0.0
TR,-0.99
TT,0.0
TW,0.0
TZ,0.19
UA,0.1
UG,-0.44
US,13.81
UY,1.15
UZ,2.93
VC,0.0
VE,0.0
VG,0.0
VI,0.0
VN,3.6
VU,0.0
WS,0.0
XK,0.54
YE,0.0
ZA,-1.3
ZM,-3.12
ZW,1.84
