gem_location_id,project,country,scope,category,units_status,family,units_covered,capacity_mw_covered,cost_value,cost_unit,currency,price_year,cost_basis,estimate_date,estimate_kind,source_url,source_title,note
L100000500166,Atucha nuclear power plant,Argentina,first ACR-300 unit,new-build,,,1,300.0,1.2,bn,USD,,estimate,2026-07,initial,https://world-nuclear-news.org/articles/argentina-announces-privately-financed-smr-plan,WNN: Argentina announces privately-financed SMR plan,Meitner Energy private investment USD 1.2 bn for first 300 MW ACR-300 at Atucha; four-unit programme has no official total
L100000500091,Rooppur nuclear power plant,Bangladesh,units 1-2,new-build,,,2,2400.0,12.65,bn,USD,,contract,2015-12,initial,https://www.nuclearaustralia.org.au/wp-content/uploads/2026/04/Rooppur-NPP.pdf,"Rooppur NPP fact sheet (Nuclear for Australia, Apr 2026)","general contract with Rosatom/ASE signed 25 Dec 2015 for 2 x VVER-1200, USD 12.65 bn; 90% financed by Russian state credit (USD 11.38 bn); Business Standard (BD) reported a further Tk 26,181 crore taka-cost increase from exchange-rate adjustment, not a USD contract change"
L100000500026,Angra nuclear power plant,Brazil,unit 3 (cost to complete),new-build,,,1,1405.0,23.9,bn,BRL,,estimate,2025-11,latest,https://www.world-nuclear-news.org/articles/eletronuclear-says-study-backs-angra-3-completion,WNN: Eletronuclear says study backs Angra 3 completion,BNDES feasibility study Nov 2025: BRL 23.9 bn to finish the ~65 % complete unit; excludes ~BRL 12 bn already spent (press); abandoning would cost BRL 22-26 bn
L100000500097,Kozloduy nuclear power plant,Bulgaria,units 7-8,new-build,,,2,2300.0,13.0,bn,EUR,,estimate,2024-02,initial,https://seenews.com/news/new-reactors-at-bulgarian-npp-to-cost-up-to-14-bln-in-total-energy-min-1243885,SeeNews: new reactors at Bulgarian NPP to cost up to USD 14 bn in total - energy minister,energy minister: up to USD 14 bn (EUR 13 bn) for two AP1000; Dec 2025 deputy minister target ~EUR 6 bn per unit (press); EPC not yet signed
L100000500280,Darlington New nuclear power plant,Canada,unit 1 incl. shared site infrastructure,new-build,,,1,300.0,7.7,bn,CAD,,total,2025-05,initial,https://www.world-nuclear-news.org/articles/what-is-the-budget-for-canadas-first-smr-project,WNN: Canada's first SMR project - how is CAD 20.9 bn calculated?,"CAD 6.1 bn unit 1 + CAD 1.6 bn common infrastructure; includes contingency, interest and escalation; 2024 CAD"
L100000500280,Darlington New nuclear power plant,Canada,4 x BWRX-300 incl. shared infrastructure,new-build,,,4,1200.0,20.9,bn,CAD,,total,2025-05,initial,https://www.world-nuclear-news.org/articles/what-is-the-budget-for-canadas-first-smr-project,WNN: Canada's first SMR project - how is CAD 20.9 bn calculated?,"Ontario approval May 2025; incl. licensing, engineering, contingency, interest and escalation; unit 4 est. CAD 4.1 bn"
L100000500163,Point Lepreau nuclear power plant,Canada,ARC-100 unit,new-build,,fast,1,100.0,600.0,m,CAD,,estimate,2023-02,latest,https://globalnews.ca/news/9486260/smrs-new-brunswick-power-needs-2030/,Global News: SMRs won't fill New Brunswick's power needs by 2030 - ARC CEO,"press figure 'expected to cost USD/CAD 600 million' for the Lepreau ARC-100; currency not stated explicitly, assumed CAD; former ARC CEO cited USD 500-700 m needed"
L100000500348,Bailong nuclear power plant,China,"units 1-2 (phase I, CAP1000)",new-build,,,2,2500.0,40.0,bn,CNY,,estimate,2024-08,initial,https://www.jiemian.com/article/11578161.html,"Jiemian 20 Aug 2024: State Council approves 11 units, ~CNY 20 bn per unit, >CNY 220 bn total",'两台机组投资约400亿元'; covers GEM construction (unit 1) and pre-construction (unit 2) rows; whole 6-unit site ~CNY 120 bn (Xinhua 11 Sep 2024)
L100000500352,Cangnan San'ao nuclear power plant,China,units 1-2 (phase I),new-build,,,2,2425.0,39.3,bn,CNY,,budget,2021,initial,https://www.sohu.com/a/1019133917_121443915,Sohu: San'ao nuclear project overview (CGN),'一期工程...总投资约393亿元'; 6-unit site >CNY 120 bn; unit 1 commercial Apr 2026
L100000500352,Cangnan San'ao nuclear power plant,China,"fleet-level per-unit figure applied (units 3-4, phase II)",new-build,,,2,2300.0,40.0,bn,CNY,,estimate,2024-08,initial,https://www.jiemian.com/article/11578161.html,"Jiemian 20 Aug 2024: State Council approves 11 units, ~CNY 20 bn per unit, >CNY 220 bn total",approved 19 Aug 2024; covers GEM pre-construction (1 unit) + announced rows; ~CNY 20 bn per unit applied
L100000500314,Changjiang nuclear power plant,China,units 3-4 (phase II),new-build,,,2,2398.0,36.85,bn,CNY,,budget,2021-04,initial,http://paper.people.com.cn/zgnyb/html/2021-04/05/content_2042091.htm,China Energy News (People's Daily) 5 Apr 2021: first nuclear project of the 14th FYP starts,'总投资约为368.5亿元'; Huaneng 51% / CNNC 49%; a later figure of CNY 39.45 bn appears in secondary sources (not verified)
L100000500313,Fangchenggang nuclear power plant,China,"fleet-level per-unit figure applied (units 5-6, phase III)",new-build,,,2,2300.0,40.0,bn,CNY,,estimate,2025-04,initial,https://m.thepaper.cn/newsDetail_forward_30730887,"The Paper 27 Apr 2025: State Council approves 10 units, >CNY 200 bn (~CNY 20 bn per Gen-III unit)",approved 27 Apr 2025; no site figure published; ~CNY 20 bn per unit applied
L100000500320,Haiyang nuclear power plant,China,units 3-4 (phase II),new-build,,,2,2506.0,49.5,bn,CNY,,estimate,2022,initial,https://zh.wikipedia.org/zh-cn/%E6%B5%B7%E9%98%B3%E6%A0%B8%E7%94%B5%E7%AB%99,zh.wikipedia: Haiyang NPP (only source found for the figure),"'总投资合计495亿元' reported via search snippet of zh.wikipedia; underlying citation not verified; a 2019 CNEA note estimated ~CNY 14,000/kW for Haiyang phase II"
L100000500320,Haiyang nuclear power plant,China,"fleet-level per-unit figure applied (units 5-6, phase III)",new-build,,,2,2500.0,40.0,bn,CNY,,estimate,2025-04,initial,https://m.thepaper.cn/newsDetail_forward_30730887,"The Paper 27 Apr 2025: State Council approves 10 units, >CNY 200 bn (~CNY 20 bn per Gen-III unit)",approved 27 Apr 2025 (CAP1000); no site figure published; ~CNY 20 bn per unit applied
L100001047874,Jiangsu Xuwei nuclear power plant,China,phase I: 2 x HPR-1000 + 1 x HTR-PM600 (units 1-3),new-build,,,3,3076.0,71.0,bn,CNY,,budget,2024-08,initial,https://www.cinie.net/article/43081.html,CINIE 20 Aug 2024: State Council approves CNY 71 bn Jiangsu Xuwei phase I,'整体规划投资达到了710亿元' for phase I (other reports 719.6/720亿); whole site CNY 125.8 bn; covers GEM construction (unit 1) + pre-construction (units 2-3) rows
L100000500397,Jinqimen nuclear power plant,China,"fleet-level per-unit figure applied (units 1-2, phase I)",new-build,,,2,2433.0,40.0,bn,CNY,,estimate,2026-01,initial,https://www.thepaper.cn/newsDetail_forward_32434273,The Paper 21 Jan 2026: private capital enters Jinqimen nuclear project,'每台百万千瓦级三代核电机组总投资约200亿元'; whole 6-unit site ~CNY 120 bn (Xinhua Aug 2025); units 3-4 approved Jul 2026
L100000500397,Jinqimen nuclear power plant,China,"fleet-level per-unit figure applied (units 3-4, phase II)",new-build,,,2,2400.0,40.0,bn,CNY,,estimate,2026-07,initial,https://www.thepaper.cn/newsDetail_forward_33691572,"The Paper 31 Jul 2026: State Council approves 8 units (Jinqimen II, Taipingling III, Zhuanghe I, Laiyang I), >CNY 170 bn",approved 31 Jul 2026; ~CNY 20 bn per unit applied
L100001047983,Laiyang nuclear power plant,China,"fleet-level per-unit figure applied (units 1-2, CAP1400)",new-build,,,2,3086.0,42.5,bn,CNY,,estimate,2026-07,initial,https://www.thepaper.cn/newsDetail_forward_33691572,"The Paper 31 Jul 2026: State Council approves 8 units (Jinqimen II, Taipingling III, Zhuanghe I, Laiyang I), >CNY 170 bn","approved 31 Jul 2026 as part of 8 units at >CNY 170 bn (~CNY 21 bn per unit, derived); CAP1400 unit is larger than HPR-1000 so this is a lower bound"
L100000500341,Lianjiang nuclear power plant,China,units 1-2 (phase I),new-build,,,2,2448.0,38.9,bn,CNY,,budget,2022-09,initial,https://www.jiemian.com/article/8080315.html,Jiemian 15 Sep 2022: SPIC Lianjiang units 1&2 approved,'投资389亿元' for 2 x 1250 MW CAP1000; whole 6-unit site planned at CNY 130 bn (covers the 4 announced units)
L100000500355,Lufeng nuclear power plant,China,units 5-6 (HPR-1000),new-build,,,2,2400.0,38.2,bn,CNY,,budget,2022-09,initial,https://www.jiemian.com/article/8047831.html,Jiemian 8 Sep 2022: CGN Lufeng 5 starts construction,'总投资约382亿元'; Jan 2026 operating-stage EIA states 工程建成价 'over CNY 40 bn' (MEE)
L100000500355,Lufeng nuclear power plant,China,"fleet-level per-unit figure applied (units 1-2, CAP1000)",new-build,,,2,2490.0,40.0,bn,CNY,,estimate,2024-08,initial,https://www.jiemian.com/article/11578161.html,"Jiemian 20 Aug 2024: State Council approves 11 units, ~CNY 20 bn per unit, >CNY 220 bn total","approved 19 Aug 2024, FCD Feb 2025; ~CNY 20 bn per unit applied; 2013 AP1000-era EIA quoted ~CNY 37.4 bn for phase I"
L100000500358,Ningde nuclear power plant,China,units 5-6,new-build,,,2,2421.0,41.5,bn,CNY,,budget,2023-07,initial,https://www.cls.cn/detail/1420160,"Cailian Press 31 Jul 2023: State Council approves 6 units, ~CNY 120 bn",'项目二期5、6号机组预计投资约415亿元' (another source: ~CNY 42 bn)
L100000500354,Sanmen nuclear power plant,China,"fleet-level per-unit figure applied (units 3-4, CAP1000)",new-build,,,2,2502.0,40.0,bn,CNY,,estimate,2022-04,initial,https://www.jiemian.com/article/11578161.html,"Jiemian 20 Aug 2024: State Council approves 11 units, ~CNY 20 bn per unit, >CNY 220 bn total",approved Apr 2022; a CNY 45 bn figure appears in search snippets for the construction-stage EIA but could not be verified; ~CNY 20 bn per unit applied
L100000500354,Sanmen nuclear power plant,China,"fleet-level per-unit figure applied (units 5-6, HPR-1000)",new-build,,,2,2400.0,40.0,bn,CNY,,estimate,2025-04,initial,https://m.thepaper.cn/newsDetail_forward_30730887,"The Paper 27 Apr 2025: State Council approves 10 units, >CNY 200 bn (~CNY 20 bn per Gen-III unit)",approved 27 Apr 2025; ~CNY 20 bn per unit applied
L100000500309,Shidao Bay nuclear power plant,China,units 1-2 CAP1400 (Guohe One demonstration),new-build,,,2,3000.0,42.3,bn,CNY,,estimate,2014,initial,https://world-nuclear.org/information-library/country-profiles/countries-a-f/china-nuclear-power,WNA: Nuclear Power in China,'A 2014 government figure is CNY 42.3 bn (USD 6.5 bn) for the first two units'; unit 1 grid Nov 2024; GEM construction row also includes 1 HPR-1000 expansion unit
L100000500309,Shidao Bay nuclear power plant,China,"Huaneng expansion, 4 x HPR-1000 (phase I units 1-2 under construction + 2 announced)",new-build,,,4,4800.0,85.0,bn,CNY,,estimate,2024-07,initial,https://fgw.weihai.gov.cn/art/2024/7/28/art_66923_4782348.html,Weihai DRC 28 Jul 2024: Huaneng Shidao Bay expansion phase I starts construction,'总投资超850亿元' for the 4-unit expansion (>CNY 85 bn); phase I (2 units) not separately disclosed
L100000500357,Taipingling nuclear power plant,China,units 1-2 (phase I),new-build,,,2,2400.0,41.2,bn,CNY,,budget,2025-06,initial,https://m.mp.oeeee.com/a/BAAFRD0000202506101093718.html,"Southern Metropolis Daily 10 Jun 2025: Taipingling unit 3 starts construction, site >CNY 120 bn",'一期工程...总投资约412亿元'; whole 6-unit site ~CNY 120 bn; unit 2 commercial Aug 2026
L100000500357,Taipingling nuclear power plant,China,fleet-level per-unit figure applied (unit 3 + units 5-6),new-build,,,3,3450.0,60.0,bn,CNY,,estimate,2026-07,initial,https://www.thepaper.cn/newsDetail_forward_33691572,"The Paper 31 Jul 2026: State Council approves 8 units (Jinqimen II, Taipingling III, Zhuanghe I, Laiyang I), >CNY 170 bn","units 3-4 approved Dec 2023, units 5-6 approved 31 Jul 2026; ~CNY 20 bn per unit applied"
L100000500298,Taishan nuclear power plant,China,"fleet-level per-unit figure applied (units 3-4, phase II)",new-build,,,2,2300.0,40.0,bn,CNY,,estimate,2025-04,initial,https://m.thepaper.cn/newsDetail_forward_30730887,"The Paper 27 Apr 2025: State Council approves 10 units, >CNY 200 bn (~CNY 20 bn per Gen-III unit)",approved 27 Apr 2025; no site figure published; ~CNY 20 bn per domestic Gen-III unit applied
L100000500302,Tianwan nuclear power plant,China,units 7-8 (Rosatom nuclear-island general contract only),partial,,,2,2530.0,1.702,bn,USD,,contract,2019-06,initial,https://www.thepaper.cn/newsDetail_forward_2940454,"The Paper Jun 2019: China-Russia sign Tianwan 7&8 general contract, USD 1.702 bn",ASE general contract for VVER-1200 nuclear islands; not the full plant cost
L100000500302,Tianwan nuclear power plant,China,units 7-8,new-build,,,2,2530.0,50.63,bn,CNY,,budget,2026-01,latest,https://www.sohu.com/a/975729783_121106832,Lianyungang DRC (via Sohu) 13 Jan 2026: Tianwan 7&8 meet annual investment target,project estimated total investment (概算总投资) CNY 50.63 bn; CNY 39.8 bn invested by end-2025; unit 7 fuel load Aug 2026
L100000500351,Xiapu nuclear power plant,China,"units 1-2 (PWR phase I, HPR-1000)",new-build,,,2,2300.0,45.6,bn,CNY,,budget,2025-04,initial,https://m.thepaper.cn/newsDetail_forward_30730887,"The Paper 27 Apr 2025: State Council approves 10 units, >CNY 200 bn (~CNY 20 bn per Gen-III unit)",'一期工程两台华龙一号的总投资约456亿元'; HTGR unit (announced) not covered
L100000500353,Xudapu nuclear power plant,China,units 3-4 (VVER-1200),new-build,,,2,2548.0,40.0,bn,CNY,,estimate,2019-01,initial,https://www.yicai.com/news/100097745.html,"Yicai 12 Jan 2019: two Russian Gen-III units at Xudapu, ~CNY 40 bn","~CNY 20 bn per unit estimate; a later figure of CNY 51.5 bn circulates (zh.wikipedia, unverified); Rosatom general contract for Tianwan 7&8 + Xudapu 3&4 '>CNY 20 bn' (WNA)"
L100000500353,Xudapu nuclear power plant,China,units 1-2 (CAP1000),new-build,,,2,2582.0,48.0,bn,CNY,,budget,2023-11,initial,https://m.jiemian.com/article/10398302.html,Jiemian 15 Nov 2023: China's northernmost NPP starts construction,'这两台机组项目总投资超480亿元' (>CNY 48 bn); 6-unit site >CNY 100 bn
L100000500350,Zhangzhou nuclear power plant,China,units 3-4 (phase II),new-build,,,2,2428.0,40.0,bn,CNY,,budget,2021-06,initial,https://www.china5e.com/news/news-1116814-1.html,"China5e 22 Jun 2021: Zhangzhou units 3&4 project signed, CNY 40 bn",'计划总投资400亿元'; approved Sep 2022; units 5-6 (announced) have no figure
L100000500408,Zhaoyuan nuclear power plant,China,units 1-6 (whole site),new-build,,,6,7284.0,120.0,bn,CNY,,estimate,2025-11,initial,https://finance.sina.com.cn/roll/2025-11-19/doc-infxwvhn2038843.shtml,"Sina Finance 19 Nov 2025: CGN Zhaoyuan unit 1 full construction, 6 units CNY 120 bn","'规划建设6台华龙一号核电机组，总投资约1200亿元'; covers construction (unit 1), pre-construction (unit 2) and announced (3-6) rows; phase I EIA implies ~CNY 46 bn for units 1-2 (env. investment CNY 1.425 bn = 3.07%)"
L100000500410,Zhuanghe nuclear power plant,China,"fleet-level per-unit figure applied (units 1-2, phase I)",new-build,,,2,2400.0,40.0,bn,CNY,,estimate,2026-07,initial,https://www.thepaper.cn/newsDetail_forward_33691572,"The Paper 31 Jul 2026: State Council approves 8 units (Jinqimen II, Taipingling III, Zhuanghe I, Laiyang I), >CNY 170 bn",approved 31 Jul 2026 (2 x HPR-1000); ~CNY 20 bn per unit applied; GEM announced row lists 6 units
L100000500200,Dukovany nuclear power plant,Czech Republic,units 5-6,new-build,,,2,2400.0,400.0,bn,CZK,,estimate,2024-07,initial,https://www.world-nuclear-news.org/Articles/KHNP-selected-to-supply-new-Czech-nuclear-units,WNN: KHNP selected to supply new Czech nuclear units,government-stated KHNP bid ~CZK 200 bn per APR-1000 unit (USD 8.6 bn) at selection July 2024
L100000500200,Dukovany nuclear power plant,Czech Republic,units 5-6,new-build,,,2,2400.0,407.0,bn,CZK,,contract,2025-06,latest,https://www.world-nuclear-news.org/articles/czech-supreme-court-lifts-ban-on-signing-dukovany-contract,WNN: Czech-KHNP Dukovany contract signed after court lifts injunction,EPC contract CZK 407 bn (USD 18.6 bn) incl. first core + 5 reloads; construction start 2029
L100000500096,Temelin nuclear power plant,Czech Republic,"units 3-4 (2 x APR-1000, KHNP option)",new-build,,,2,2400.0,400.0,bn,CZK,,estimate,2024-07,initial,https://www.world-nuclear-news.org/Articles/KHNP-selected-to-supply-new-Czech-nuclear-units,WNN: KHNP selected to supply new Czech nuclear units,"KHNP bid ~CZK 200 bn per unit applied to the two optional Temelin units; option must be exercised within 3 years of June 2025; the SMR unit at Temelin (Rolls-Royce, early works contract Sept 2026) has no published cost"
L100000500092,El Dabaa nuclear power plant,Egypt,whole project (4 units),new-build,,,4,4800.0,28.75,bn,USD,,contract,2016-05,initial,https://world-nuclear.org/information-library/country-profiles/countries-a-f/egypt,WNA: Nuclear Power in Egypt,"Russian state export loan USD 25 bn covers 85 % of the cost of four 1200 MWe units (3 % p.a., repayment over 22 years from 2029) -> implied total USD 28.75 bn (incl. Egyptian 15 % share); contracts signed Dec 2017, construction start 2022"
L100000500092,El Dabaa nuclear power plant,Egypt,whole project (4 units),new-build,,,4,4800.0,25.0,bn,USD,,contract,2024-11,latest,https://www.world-nuclear-news.org/articles/el-dabaa-export-loan-ratified-as-unit-4s-core-catcher-installed,"WNN: El Dabaa export loan ratified, as unit 4's core catcher installed","Loan amount only: USD 25 bn state export loan = 85 % of project cost (unchanged 2024), repayment over two decades from commissioning; total therefore still ~USD 29 bn"
L100001048147,Fermi Energia nuclear power plant,Estonia,2 x BWRX-300,new-build,,,2,600.0,3.3,bn,EUR,,estimate,2025-04,latest,https://investinestonia.com/estonias-nuclear-energy-ambitions-get-more-details-promising-lower-energy-prices/,Invest in Estonia: Estonia's nuclear energy ambitions get more details,"Fermi Energia: unit 1 EUR 1.78 bn incl. owner costs, unit 2 EUR 1.55 bn; ~EUR 5.7 m/MW"
L100000500004,Olkiluoto nuclear power plant,Finland,Olkiluoto 3: unit 3 (EPR),new-build,,,1,1600.0,3.2,bn,EUR,,contract,2003-12,initial,https://www.world-nuclear-news.org/Articles/Olkiluoto-3-EPR-parties-agree-settlement,WNN: Olkiluoto 3 EPR parties agree settlement,"fixed-price turnkey contract Areva-Siemens/TVO, EUR 3.2 bn (often rounded to 3 bn)"
L100000500004,Olkiluoto nuclear power plant,Finland,Olkiluoto 3: unit 3 (EPR),new-build,,,1,1600.0,11.0,bn,EUR,,total,2023-04,final,https://www.euronews.com/2023/04/17/finlands-new-nuclear-reactor-what-does-it-mean-for-climate-goals-and-energy-security,Euronews: Finland's new nuclear reactor,~EUR 11 bn = TVO investment ~5.5 bn + Areva consortium losses ~5.5 bn (WNN 2018 settlement); commercial operation Apr 2023
L100000500005,Flamanville nuclear power plant,France,Flamanville 3: unit 3 (EPR),new-build,,,1,1650.0,3.3,bn,EUR,,overnight,2007,initial,https://www.connaissancedesenergies.org/afp/programme-depr-la-cour-des-comptes-publie-un-rapport-critique-et-recalcule-le-cout-de-flamanville-3-250114,"Cour des comptes report on the EPR programme (AFP, Jan 2025)",EDF initial estimate EUR 3.3 bn at construction start (Dec 2007)
L100000500005,Flamanville nuclear power plant,France,Flamanville 3: unit 3 (EPR),new-build,,,1,1650.0,20.4,bn,EUR,2015,total,2025-01,final,https://www.connaissancedesenergies.org/afp/programme-depr-la-cour-des-comptes-publie-un-rapport-critique-et-recalcule-le-cout-de-flamanville-3-250114,"Cour des comptes report on the EPR programme (AFP, Jan 2025)",Cour des comptes: EUR 20.4 bn in 2015 euros (23.7 bn 2023 euros) incl. financing; EDF's own: 13.2 bn 2015 euros construction only (2019/2020) and 19.3 bn 2015 euros incl. financing (2024); Cour 2020 figure was 19.1 bn
L100000500033,Penly nuclear power plant,France,"EPR2 programme: first 6 EPR2 (Penly 1-2, Gravelines, Bugey)",programme,,,6,9900.0,51.7,bn,EUR,2020,overnight,2021,initial,https://www.connaissancedesenergies.org/afp/programme-depr-la-cour-des-comptes-publie-un-rapport-critique-et-recalcule-le-cout-de-flamanville-3-250114,"Cour des comptes report on the EPR programme (AFP, Jan 2025)","EDF 2021 estimate for six EPR2, 2020 euros, excl. financing; raised to 67.4 bn end-2023"
L100000500033,Penly nuclear power plant,France,"EPR2 programme: first 6 EPR2 (Penly 1-2, Gravelines, Bugey)",programme,,,6,9900.0,72.8,bn,EUR,2020,overnight,2025-12,latest,https://www.sfeninenglish.org/epr2-programme-cost-cap-six-reactors-france/,Sfen: EPR2 programme - a EUR 72.8 bn cap for the first six reactors,"EDF Dec 2025 'maximum cost' incl. risk provisions, 2020 euros, excl. financing; Penly first concrete planned 2029; no separate Penly-only figure published"
L100001048150,Nsuban nuclear power plant,Ghana,one large plant of the 2018 two-plant / 2400 MW plan,new-build,,,1,1200.0,5.5,bn,USD,,estimate,2018-05,initial,https://gaec.gov.gh/ghana-goes-nuclear-2-plants-in-six-years/,GAEC: Ghana goes nuclear; 2 Plants in six years,"GAEC DG Nyarko / MoE Sogbadji: 'Each nuclear power plant would cost between USD 5 and USD 6 billion' (midpoint entered); pre-dates the current Nsuban configuration (GEM: 13 units, 2124 MW, vendor not chosen among CNNC/EDF/NuScale/Rosatom)"
L100000500197,Paks nuclear power plant,Hungary,units 5-6,new-build,,,2,2400.0,12.5,bn,EUR,,contract,2014,initial,https://www.paks2.hu/web/paks-2-en/w/contracts-signed-on-implementation-of-new-reactor-units-at-the-paks-nuclear-power-plant,Paks II: contracts signed on implementation of new reactor units,"EPC contract with Rosatom, fixed price EUR 12.5 bn; EUR 10 bn (80 %) Russian state loan; 2 x VVER-1200 (gross ~2x1200 MW)"
L100000500197,Paks nuclear power plant,Hungary,units 5-6,new-build,,,2,2400.0,25.0,bn,EUR,,estimate,2026-06,latest,https://cz.boell.org/en/2026/06/12/paks-ii-project-can-it-be-completed-and-what-cost,Heinrich Boell Stiftung: Paks II - can it be completed and at what cost?,unofficial upper estimate 'up to EUR 25 bn' quoted by NGO analysis; no revised official figure published; first concrete unit 5 Feb 2026
L100000500289,Chutka nuclear power plant,India,units 1-2,new-build,,,2,1400.0,165.5,bn,INR,,estimate,2013,initial,https://world-nuclear.org/information-library/country-profiles/countries-g-n/india,WNA: Nuclear Power in India,"'expected cost for two units was then set at Rs 16,550 crore (USD 2.48 bn)' (2013); sanctioned in 2017 fleet-mode approval, no separate updated figure found"
L100000500278,Gorakhpur Haryana nuclear power plant,India,units 1-2 (GHAVP 1&2),new-build,,,2,1400.0,205.94,bn,INR,,budget,2019-07,initial,https://cdnbbsr.s3waas.gov.in/s35b8e4fd39d9786228649a8a8bec4e008/uploads/2024/04/202404231211107656.pdf,"Lok Sabha Unstarred Q 4063, 17.07.2019 (DAE): sanctioned costs of projects under construction/sanctioned","sanctioned cost Rs 20,594 crore; 2016 figure Rs 210 bn (WNA)"
L100000500278,Gorakhpur Haryana nuclear power plant,India,units 1-4 (GHAVP 1&2 + 3&4),new-build,,,4,2800.0,415.94,bn,INR,,budget,2024-12,latest,https://www.tribuneindia.com/news/haryana/gorakhpur-nuclear-power-plant-faces-further-delays-2032-is-new-deadline/,"The Tribune 13 Dec 2024: Gorakhpur plant faces further delays, 2032 new deadline (parliament reply)","GHAVP 1&2 sanctioned Rs 20,594 crore (spent Rs 7,161 crore to Sep 2024, completion 2031) + GHAVP 3&4 sanctioned Rs 21,000 crore (completion 2032); minister said Jul 2026 that Gorakhpur costs are to be revised"
L100000500290,Jaitapur nuclear power plant,India,units 1-2,new-build,,,2,3460.0,1200.0,bn,INR,,estimate,2013,initial,https://world-nuclear.org/information-library/country-profiles/countries-g-n/india,WNA: Nuclear Power in India,"'government said it expected the cost of the first two units to be Rs 120,000 crore (USD 20 bn)'"
L100000500290,Jaitapur nuclear power plant,India,units 1-6,new-build,,,6,9900.0,2970.0,bn,INR,,estimate,2017-04,latest,https://www.neimagazine.com/news/india-renegotiates-jaitapur-nuclear-project-with-edf-5777527/,NEI 3 Apr 2017: India renegotiates Jaitapur nuclear project with EDF,"EDF offer INR 300 million per MW for 9,900 MWe; cost_value derived = 300 m x 9,900 MW = INR 2,970 bn; NPCIL disputed; EDF binding techno-commercial offer Apr 2021 without public price; no agreed cost as of 2026"
L100000500220,Kaiga nuclear power plant,India,units 5-6,partial,,,2,1400.0,128.0,bn,INR,,contract,2025-04,initial,https://www.world-nuclear-news.org/articles/first-concrete-poured-for-new-kaiga-capacity-in-india,WNN Mar 2026: First concrete poured for new capacity at Kaiga,"Rs 12,800 crore EPC contract to Megha Engineering (largest NPCIL order); FPC 1 Mar 2026; minister said Jul 2026 that Kaiga 5&6 costs are to be revised; WNA cites a 2015 figure of ~Rs 6,000 crore"
L100000500206,Kalpakkam nuclear power plant,India,PFBR (unit 1),new-build,,,1,500.0,56.77,bn,INR,,budget,2019-07,initial,https://cdnbbsr.s3waas.gov.in/s35b8e4fd39d9786228649a8a8bec4e008/uploads/2024/04/202404231211107656.pdf,"Lok Sabha Unstarred Q 4063, 17.07.2019 (DAE): sanctioned costs of projects under construction/sanctioned","sanctioned cost Rs 5,677 crore (already revised from original Rs 3,492 crore); BHAVINI"
L100000500206,Kalpakkam nuclear power plant,India,PFBR (unit 1),new-build,,,1,500.0,81.81,bn,INR,,estimate,2026-04,latest,https://fissilematerials.org/blog/2026/04/indias_prototype_fast_bre_2.html,IPFM blog 7 Apr 2026: PFBR reaches criticality (citing Parliamentary Standing Committee via Hindu BusinessLine),"Rs 8,181 crore vs original Rs 3,492 crore; criticality 6 Apr 2026; FBR-1&2 (announced) have no published cost"
L100000500108,Kudankulam nuclear power plant,India,units 3-4,new-build,,,2,2000.0,398.49,bn,INR,,budget,2019-07,initial,https://cdnbbsr.s3waas.gov.in/s35b8e4fd39d9786228649a8a8bec4e008/uploads/2024/04/202404231211107656.pdf,"Lok Sabha Unstarred Q 4063, 17.07.2019 (DAE): sanctioned costs of projects under construction/sanctioned","sanctioned cost Rs 39,849 crore; 2014 NPCIL-Rosatom agreement Rs 33,000 crore (WNA)"
L100000500108,Kudankulam nuclear power plant,India,units 5-6,new-build,,,2,2000.0,496.21,bn,INR,,budget,2019-07,initial,https://cdnbbsr.s3waas.gov.in/s35b8e4fd39d9786228649a8a8bec4e008/uploads/2024/04/202404231211107656.pdf,"Lok Sabha Unstarred Q 4063, 17.07.2019 (DAE): sanctioned costs of projects under construction/sanctioned","sanctioned cost Rs 49,621 crore"
L100000500108,Kudankulam nuclear power plant,India,units 3-4,new-build,,,2,2000.0,688.93,bn,INR,,budget,2026-07,latest,https://www.business-standard.com/industry/news/kudankulam-nuclear-project-costs-jump-55-after-delays-due-to-ukraine-war-126073000861_1.html,Business Standard/Bloomberg 30 Jul 2026: Kudankulam costs jump 55% (minister's parliament reply),"revised cost Rs 68,893 crore (PIB parliament reply 29 Jul 2026, +73%), after ~3-year Ukraine-war delay; first unit Jun 2027"
L100000500108,Kudankulam nuclear power plant,India,units 5-6,new-build,,,2,2000.0,694.37,bn,INR,,budget,2026-07,latest,https://www.business-standard.com/industry/news/kudankulam-nuclear-project-costs-jump-55-after-delays-due-to-ukraine-war-126073000861_1.html,Business Standard/Bloomberg 30 Jul 2026: Kudankulam costs jump 55% (minister's parliament reply),"revised cost Rs 69,437 crore (PIB parliament reply 29 Jul 2026, +40%); units 3-6 together Rs 1.38 trillion (USD 14.4 bn); all four by Mar 2030"
L100000500288,Mahi Banswara nuclear power plant,India,units 1-4,new-build,,,4,2800.0,420.0,bn,INR,,estimate,2025-09,latest,https://www.pib.gov.in/PressReleasePage.aspx?PRID=2171783&reg=3&lang=2,PIB 25 Sep 2025: PM lays foundation stone of Mahi Banswara Rajasthan Atomic Power Project,"'investment of around Rs 42,000 crore' for 4 x 700 MW PHWR; ASHVINI JV (NPCIL 51 / NTPC 49); part of fleet-mode 10 x PHWR-700 programme (Rs 1.05 lakh crore, 2017)"
L100000500164,Rajasthan nuclear power plant,India,units 7-8 (RAPP-7&8),new-build,,,2,1400.0,123.2,bn,INR,,budget,2019-07,initial,https://cdnbbsr.s3waas.gov.in/s35b8e4fd39d9786228649a8a8bec4e008/uploads/2024/04/202404231211107656.pdf,"Lok Sabha Unstarred Q 4063, 17.07.2019 (DAE): sanctioned costs of projects under construction/sanctioned","sanctioned cost Rs 12,320 crore for both units; unit 7 commercial Apr 2025, unit 8 (the GEM construction row) 2026; no revised sanction found"
L100000500104,Bushehr nuclear power plant,Iran,Bushehr units 2-3 (Bushehr II): units 2-3,new-build,,,2,2114.0,10.0,bn,USD,,estimate,2016,initial,https://world-nuclear.org/information-library/country-profiles/countries-g-n/iran,WNA: Nuclear Power in Iran,AEOI: Bushehr II 'would take ten years to build and cost USD 10 billion'; Rosatom also quoted ~USD 10 bn; EPC turnkey contract ASE-NPPD signed Nov 2014 (value not disclosed); Power Technology cites Iran allocation of USD 9 bn
L100000500272,Darkhovain nuclear power plant,Iran,unit 1 (IR-360),new-build,,,1,300.0,1.75,bn,USD,,estimate,2022-12,latest,https://world-nuclear.org/information-library/country-profiles/countries-g-n/iran,WNA: Nuclear Power in Iran,'an estimated eight years and cost USD 1.5-2 billion' (midpoint entered); domestic IR-360 design
L100001016310,Iran-Hormoz nuclear power plant,Iran,Iran-Hormoz (Sirik): whole project (4 units),new-build,,,4,5020.0,15.0,bn,USD,,estimate,2024-02,initial,https://world-nuclear.org/information-library/country-profiles/countries-g-n/iran,WNA: Nuclear Power in Iran,Government 'super project' total investment 'put at USD 15 billion' (Feb 2024)
L100001016310,Iran-Hormoz nuclear power plant,Iran,Iran-Hormoz (Sirik): whole project (4 units),new-build,,,4,5020.0,25.0,bn,USD,,contract,2025-09,latest,https://www.themoscowtimes.com/2025/09/26/iran-and-russia-sign-25b-deal-to-build-4-nuclear-plants-a90640,Moscow Times: Iran and Russia Sign $25B Deal to Build 4 Nuclear Plants,"Iran Hormoz - Rosatom Project agreement at Atom 2025 for four Gen-III units of ~1255 MW at Sirik, Hormozgan; USD 25 bn; also reported by WNA Iran profile"
L100000500020,Ohma nuclear power plant,Japan,unit 1,new-build,,,1,1383.0,469.0,bn,JPY,,estimate,2008,initial,https://ieei.or.jp/2023/04/ishii_20230405/,IEEI 2023 (citing Nikkei 2014): Ohma construction cost,original pre-Fukushima construction budget
L100000500020,Ohma nuclear power plant,Japan,unit 1,new-build,,,1,1383.0,599.0,bn,JPY,,estimate,2014,latest,https://ieei.or.jp/2023/04/ishii_20230405/,IEEI 2023 (citing Nikkei 2014): Ohma construction cost,"pre-Fukushima estimate JPY 469 bn plus JPY 130 bn post-Fukushima safety measures = JPY 599 bn (J-Power, 2014); no newer total published although operation slipped to FY2030; nominal yen"
L100000500361,Ulken nuclear power plant,Kazakhstan,"Balkhash NPP, 2 x VVER-1200 (GEM lists 1 unit)",new-build,,,2,2400.0,14.4,bn,USD,,estimate,2026-05,initial,https://www.world-nuclear-news.org/articles/russia-and-kazakhstan-sign-nuclear-power-plant-agreement,WNN 28 May 2026: Russia and Kazakhstan sign nuclear power plant agreement,"preliminary estimate USD 14.4 bn for the plant + USD 2 bn for physical security and social infrastructure (total USD 16.5 bn); Russian state export loan for 85%; construction 2027, first unit 2034-2036"
L100001048131,Siaya nuclear power plant,Kenya,phase 1 (1000 MW; sources also quote 2000-3000 MW),new-build,,,1,1000.0,500.0,bn,KES,,estimate,2026-03,latest,https://nation.africa/kenya/news/kenya-s-sh500bn-nuclear-plan-and-the-questions-it-faces--5553158,Daily Nation: Kenya's Sh500bn nuclear plan and the questions it faces,"'Sh500 billion for the first 1,000 MW phase' (~USD 3.8 bn), groundbreaking March 2027, commissioning 2034; The Star 2026-05-02 attaches the same Sh500bn to 3000 MW (NuPEA CEO Wabuyabo); Rosatom offered finance-build with 25-year repayment"
L100000500368,Tana River nuclear power plant,Kenya,phase 1 (1000 MW),new-build,,,1,1000.0,5.0,bn,USD,,estimate,2020-08,initial,https://www.businessdailyafrica.com/bd/economy/kenya-reveals-sh540bn-nuclear-power-plant-in-tana-river-2298908,Business Daily: Kenya reveals Sh540bn nuclear power plant in Tana River,'USD 5 billion (Sh540 billion)' for a 1000 MW plant under BOT with private investors; site since superseded by Siaya (2026)
L100000500205,Borssele nuclear power plant,Netherlands,2 new large reactors,new-build,,,2,3300.0,25.0,bn,EUR,,estimate,2024,latest,https://www.stibbe.com/publications-and-insights/the-future-of-nuclear-energy-in-the-netherlands-part-4-four-new-nuclear,Stibbe: the future of nuclear energy in the Netherlands (part 4),technology provider review estimate EUR 20-30 bn excl. financing (midpoint given); government funding raised to EUR 14 bn (2026 coalition); 2026 cabinet shortlist is Terneuzen/Eemshaven rather than Borssele
L100000500337,Geregu nuclear power plant,Nigeria,"Geregu + Itu, two plants of 2400 MW each (2015 plan)",new-build,,,4,4800.0,20.0,bn,USD,,estimate,2015-06,initial,https://www.power-technology.com/news/newsnigeria-selects-sites-for-4800mw-nuclear-power-plants-4604192/,"Power Technology: Nigeria selects sites for 4,800MW nuclear power plants","NAEC: the two plants 'will involve an investment of USD 20 bn' (i.e. ~USD 10 bn per 2400 MW plant); Rosatom BOOT co-financing; project shelved, no progress beyond feasibility"
L100000500212,Chashma nuclear power plant,Pakistan,unit 5 (C-5),new-build,,,1,1200.0,4.8,bn,USD,,contract,2023-06,initial,https://www.voanews.com/a/pakistan-signs-4-8-billion-nuclear-power-plant-deal-with-china/7144967.html,VOA 20 Jun 2023: Pakistan signs USD 4.8 bn nuclear power plant deal with China,"Hualong One; deal signed with CNNC/CZEC, first concrete 30 Dec 2024; basis (incl. financing?) not stated; earlier press figures USD 3.5 bn"
L100000500432,Bataan nuclear power plant,Philippines,rehabilitation of 1 x 620 MW Westinghouse PWR (never operated),restart,,,1,620.0,2.3,bn,USD,,estimate,2024,latest,https://world-nuclear.org/information-library/country-profiles/countries-o-s/philippines,WNA: Nuclear Power in the Philippines,"refurbishment estimates USD 1-2.3 bn depending on scope (KHNP/earlier studies); Rosatom 2017 study USD 3-4 bn; KHNP feasibility study finished Jul 2026 not published; GEM row (2 units, 1200 MW) is a broader plan"
L100000500323,Lubiatowo-Kopalino nuclear power plant,Poland,units 1-3 (3 x AP1000),new-build,,,3,3750.0,192.0,bn,PLN,,budget,2024,latest,https://world-nuclear.org/information-library/country-profiles/countries-o-s/poland,WNA: Nuclear Power in Poland,"PEJ estimate PLN 192-200 bn (nominal), 30 % state equity / 70 % debt; EC state-aid decision 2025 cites ~USD 52 bn (ENR); EPC with Westinghouse-Bechtel expected 2026"
L100000500434,Pątnów nuclear power plant,Poland,2 x APR-1400,new-build,,,2,2800.0,100.0,bn,PLN,,estimate,2023,initial,https://www.enerdata.net/publications/daily-energy-news/polands-pge-and-ze-pak-form-jv-develop-28-gw-patnow-nuclear-plant.html,Enerdata: PGE and ZE PAK form JV to develop 2.8 GW Patnow plant,"developer estimate ~PLN 100 bn (EUR 21.5 bn); KHNP withdrew Aug 2025, PGE taking over ZE PAK share Oct 2025; project status uncertain"
L100001007722,Włocławek nuclear power plant,Poland,first BWRX-300 unit (GEH fleet-level figure for Poland),new-build,,,1,300.0,1.1,bn,EUR,,estimate,2022-05,initial,https://www.nucnet.org/news/capital-expenditure-on-first-bwrx-300-smr-project-estimated-at-eur1-1-billion-5-4-2022,NucNet: capex on first BWRX-300 SMR project in Poland estimated at EUR 1.1 bn,"GE-Hitachi estimate for the first Polish BWRX-300 (OSGE, Wloclawek is priority site); OSGE Oct 2023 put whole programme to 2035 at ~EUR 15 bn (strefainwestorow.pl); no site-specific figure"
L100000500162,Cernavodă nuclear power plant,Romania,units 3-4,new-build,,,2,1400.0,7.0,bn,EUR,,estimate,2024-11,latest,https://energyindustryreview.com/power/big-milestone-for-cernavoda-nuclear-power-plant-over-eur-6bn-funding-for-units-3-and-4/,Energy Industry Review: over EUR 6 bn funding for Cernavoda 3 and 4,"total project ~EUR 7 bn; EPCM contract with FCSA JV ~EUR 3.2 bn signed Nov 2024 (WNN); ECA support USEXIM USD 3 bn, Canada CAD 2-3 bn, Italy EUR 2 bn"
L100000500333,Doicești nuclear power plant,Romania,6 x 77 MW NuScale modules,new-build,,,6,462.0,6.5,bn,USD,,estimate,2026-02,latest,https://world-nuclear-news.org/articles/final-investment-decision-taken-for-romanias-smrs,WNN: Final investment decision taken for Romania's SMRs,"PM Bolojan: USD 6-7 bn (midpoint given); DFC LoI up to USD 1 bn, US EXIM LoI up to USD 3 bn; first module 2033"
L100000500168,Beloyarsk nuclear power plant,Russia,Beloyarsk unit 5 (BN-1200M): unit 5,new-build,,,1,1200.0,500.0,bn,RUB,,estimate,2024-12,latest,https://www.kommersant.ru/doc/7402150,Kommersant Yekaterinburg: Стоимость энергоблока БН-1200М на Белоярской АЭС составит более 500 млрд рублей,"Beloyarsk NPP director Sidorov: 'его стоимость составляет более 500 млрд руб' (lower bound, pre-project stage, construction start 2027); nominal"
L100000500281,Cape Nagloynyn floating nuclear power plant,Russia,Cape Nagloynyn floating (Baimsky MPEB): 4 floating units (2 x RITM-200S each) - contract,new-build,,,4,424.0,190.23,bn,RUB,,contract,2021-11,initial,https://neftegaz.ru/news/energy/705811-plavuchie-energobloki-oboydutsya-baimskomu-goku-v-190-23-mlrd-rubley/,"Neftegaz.ru: Плавучие энергоблоки обойдутся Баимскому ГОКу в 190,23 млрд рублей","Atomenergomash-Atomflot contract for four modernised floating power units (MPEB) of >=106 MW each, fully ready for operation, delivery by 2031-07-31; excludes onshore infrastructure and 330 kV line; GEM lists 2 under construction + 1 pre-construction, contract covers 4"
L100001048082,Khabarovsk nuclear power plant,Russia,units 1-2,new-build,,,2,1200.0,250.0,bn,RUB,,estimate,2025-12,latest,https://hab.aif.ru/society/v-habarovskom-krae-stroitelstvo-aes-ocenili-v-250-mlrd-rubley,AiF Khabarovsk: В Хабаровском крае строительство АЭС оценили в 250 млрд рублей,"Governor Demeshin: 'at minimum 250 bn RUB' for two 600 MW units (VVER-S/600), commissioning 2041-42 (Putin asked to bring forward to 2037); lower bound; also TASS 2025-12-24"
L100000500204,Kola nuclear power plant,Russia,Kola II: units 1-2,new-build,,,2,1200.0,200.0,bn,RUB,,estimate,2024-08,initial,https://www.interfax.ru/business/976353,Interfax: Строительство Кольской АЭС-2 на два энергоблока оценивается в 200 млрд рублей,Kola NPP director Omelchuk: 'slightly more than 200 bn RUB' in 2024 prices for two VVER-600 units
L100000500204,Kola nuclear power plant,Russia,Kola II: units 1-2,new-build,,,2,1200.0,800.0,bn,RUB,,estimate,2025-12,latest,https://neftegaz.ru/news/nuclear/911138-vozvedenie-pervykh-dvukh-energoblokov-kolskoy-aes-2-otsenivaetsya-v-800-mlrd-rub/,Neftegaz.ru: Возведение двух первых энергоблоков Кольской АЭС-2 оценивается в 800 млрд руб.,"Omelchuk 2025-12-23: 'Два блока КАЭС-2 сегодня оцениваются в районе 800 млрд рублей инвестиций' (under approval). Interfax 2026-04-14: whole 4-unit KNPP-2 1.5 trn RUB, 2026-2043, general contract with Titan-2 for first two units ~half of that"
L100000500075,Kursk nuclear power plant,Russia,Kursk (Kursk II): units 1-2,new-build,,,2,2510.0,200.0,bn,RUB,,budget,2013-10,initial,https://ria.ru/20131030/973588965.html,RIA Novosti: Стоимость строительства Курской АЭС-2 превысит 200 млрд руб,Rosatom via Kursk oblast administration: total investment in KuNPP-2 (first two VVER-TOI units) 'more than 200 bn RUB'; nominal money; lower bound
L100000500075,Kursk nuclear power plant,Russia,Kursk (Kursk II): units 1-2,new-build,,,2,2510.0,476.0,bn,RUB,,estimate,2022-01,latest,https://www.kommersant.ru/doc/5172205,Kommersant: Атом и речь ведем,"Maximum cost of the two 1.3 GW units 'up to 476 bn RUB' (Rosatom estimate of DPM-covered investment; VTB Capital: 238 bn RUB per unit); nominal. TAdviser (not fetchable, Cloudflare) quotes ~350 bn RUB for two units at unit 1 start-up (2026)"
L100000500075,Kursk nuclear power plant,Russia,Kursk (Kursk II): units 1-4,new-build,,,4,5020.0,400.0,bn,RUB,,estimate,2024-08,latest,https://www.kommersant.ru/doc/6906921,Kommersant Voronezh: Проекты разобрали на атомы,"Regional development corporation data: 'cost of the whole project exceeds 400 bn RUB' for all four VVER-TOI units (2025-2034); lower bound, inconsistent with the 476 bn RUB two-unit figure; use with caution"
L100000500083,Leningrad nuclear power plant,Russia,Leningrad units 7-8 (LNPP-2 stage 2): units 7-8,new-build,,,2,2398.0,561.406,bn,RUB,,budget,2022-11,latest,https://neftegaz.ru/news/nuclear/759039-na-leningradskoy-aes-nachalos-stroitelstvo-obektov-infrastruktury-novykh-energoblokov/,Neftegaz.ru: На Ленинградской АЭС началось строительство объектов инфраструктуры новых энергоблоков,"'Общая стоимость строительства 2х энергоблоков составляет 561,406 млрд руб.' (total construction cost of the two VVER-1200 units); nominal; basis not stated"
L100000500324,Nizhny Novgorod nuclear power plant,Russia,units 1-2,new-build,,,2,2510.0,240.0,bn,RUB,,estimate,2013-06,initial,https://progorodnn.ru/companies/125,ProGorodNN: Проектирование Нижегородской АЭС намерены закончить в 2014 году,"NIAEP-ASE (Limarenko): 'Строительство двух энергоблоков оценивается в 240 миллиардов рублей'; 2013 money; Kommersant 2026-07-20: project revived, cost to be determined after site surveys"
L100001048100,Novocherkassk nuclear power plant,Russia,Novocherkassk (Yuzhnaya / South): units 1-2,new-build,,,2,2400.0,480.0,bn,RUB,,estimate,2025-09,latest,https://expertsouth.ru/news/smi-stroitelstvo-yuzhnoy-aes-oboydetsya-v-480-mlrd-rubley/,Expert Yug: СМИ: Строительство Южной АЭС обойдется в 480 млрд рублей,"Analyst estimate (HSE energy research centre, via RBC TV Yug): 180-200 mn RUB per MW x 2400 MW ~ 480 bn RUB; other experts 450-500 bn; official cost not disclosed; site (Novocherkassk) chosen after this estimate"
L100000500436,Primorsk nuclear power plant,Russia,Primorsk (Primorskaya): units 1-2,new-build,,,2,2000.0,946.1,bn,RUB,,contract,2026-05,initial,https://www.bigpowernews.ru/news/document124954.phtml,BigpowerNews: Стоимость строительства Приморской АЭС мощностью 2 ГВт составит почти 1 трлн рублей,"Atomenergoprom disclosure: general contract ASE-Rosenergoatom, 'стоимость всех работ 946,1 млрд рублей' for two VVER-1000 units (2033/2035); nominal, likely incl. escalation"
L100000500226,Seversk nuclear power plant,Russia,Seversk BREST-OD-300 (Proryv ODEK): unit 1 (BREST-OD-300 power unit),new-build,,,1,320.0,100.0,bn,RUB,,estimate,2021-06,latest,https://www.atomic-energy.ru/news/2021/06/09/114660,Atomic-energy.ru: Стоимость строительства быстрого реактора БРЕСТ оценивается в 100 млрд рублей,"Adamov (Proryv scientific director): power unit with BREST-300 'около 100 миллиардов рублей', driven up by metal prices; excludes the co-located fuel fabrication/reprocessing modules of the ODEK (whole ODEK reported ~240 bn RUB, Sept 2022, not verified). Titan-2 construction contract for the unit 26.36 bn RUB (Dec 2019, ruscable.ru) covers construction works only"
L100000500088,Smolensk nuclear power plant,Russia,Smolensk II: units 1-2,new-build,,,2,2500.0,300.0,bn,RUB,,estimate,2017-06,initial,https://www.atomic-energy.ru/news/2017/06/29/77313,Atomic-energy.ru: Сооружение Смоленской АЭС-2 привлечёт порядка 300 млрд. руб. прямых инвестиций,"'around 300 bn RUB of direct investment' for two VVER-TOI units (also RIA 2014-04); nominal; found via search, title-level"
L100000500088,Smolensk nuclear power plant,Russia,Smolensk II: units 1-2,new-build,,,2,2500.0,700.0,bn,RUB,,estimate,2025-01,latest,https://www.ruscable.ru/news/2025/01/20/Smolenskaya_AES-2_vkluchena_v_generalynuu_sxemu_ra/,RusCable: Смоленская АЭС-2 включена в генеральную схему до 2042 года,"'По предварительным подсчетам ... более 700 млрд рублей инвестиций' (preliminary, >700 bn RUB, two Gen-3+ units, 2400 MW; Smolensk NPP director / governor). Dec 2023 governor figure was 'more than 500 bn RUB' (atomic-energy.ru 2023-12-29)"
L100000500365,Ust-Kuyga nuclear power plant,Russia,"Ust-Kuyga (Yakutsk) small: unit 1 (RITM-200N, 55 MW)",new-build,,,1,55.0,75.4,bn,RUB,,budget,2024-09,latest,https://goarctic.ru/work/v-yakutii-stroitelstvo-atomnoy-stantsii-maloy-moshchnosti-na-55-mvt-v-ust-kuyge-budet-stoit-75-4-mlr/,"GoArctic: строительство АСММ на 55 МВт в Усть-Куйге будет стоить 75,4 млрд руб",Budget in the comprehensive development plan for the north-east Yakutia mining province (Vedomosti); plant later redesigned to two RITM-200N modules (110 MW) - figure is for the single-module 55 MW design
L100001083991,Duwaiheen nuclear power plant,Saudi Arabia,whole project (2 x 1.4 GW),new-build,,,2,2800.0,10.0,bn,USD,,estimate,2022-05,initial,https://www.kedglobal.com/energy/newsView/ked202205310016,KED Global: S.Korea to bid for Saudi Arabia's $10 bn nuclear plant order,"Saudi invitation to bid for 'first-ever nuclear power plants, worth over USD 10 billion' (two 1.4 GW reactors); lower bound; other press cites USD 20 bn; bids from CNNC, EDF, KEPCO, Rosatom, no award"
L100000500198,Bohunice nuclear power plant,Slovakia,new unit (AP1000),new-build,,,1,1250.0,10.0,bn,EUR,,estimate,2025-06,latest,https://www.nucnet.org/news/slovakia-preparing-to-sign-agreement-for-westinghouse-to-build-new-bohunice-nuclear-plant-says-pm-6-5-2025,NucNet: Slovakia preparing to sign agreement for Westinghouse to build new Bohunice plant,Slovak ministry of economy estimate up to EUR 10 bn; other press up to EUR 15 bn; IGA with US signed Oct 2025; no contract yet
L100000500199,Mochovce nuclear power plant,Slovakia,units 3-4,new-build,,,2,942.0,2.8,bn,EUR,,budget,2008,initial,https://www.nsenergybusiness.com/news/newsmochovce-34-costs-rise-to-euro-4-6-billion-4447552/,NS Energy: Mochovce 3&4 costs rise to EUR 4.6bn,original 2008 completion budget < EUR 2.8 bn (Slovenske elektrarne); raised to 4.6 bn (2013)
L100000500199,Mochovce nuclear power plant,Slovakia,units 3-4,new-build,,,2,942.0,6.7,bn,EUR,,total,2026-06,final,https://epgroup.eu/en/press-releases/fuel-loading-at-mochovce-unit-4-marks-the-successful-completion-of-one-of-central-europes-most-significant-energy-investments,EP Group: fuel loading at Mochovce 4,"total completion cost of units 3+4 approx EUR 6.7 bn per owner (nominal); unit 3 in operation 2023, unit 4 fuel loaded 2026"
L100000500165,Krško nuclear power plant,Slovenia,JEK2 (1000 MW option),new-build,,,1,1000.0,9.5,bn,EUR,2024,overnight,2024-10,latest,https://www.world-nuclear-news.org/articles/Slovenia-JEK2-unit-would-cost-EUR9.5-EUR15.4%20billion-%20review%20says,"WNN: Slovenia's JEK2 unit would cost EUR 9.5-15.4 billion, review says","GEN energija / EY review, Jan 2024 prices excl. financing: EUR 9.5 bn (1000 MW) to 15.4 bn (1650 MW); EUR 15-22 bn incl. financing; FID planned 2028"
L100000500371,Saeul nuclear power plant,South Korea,Shin-Kori 3&4 (Saeul 1&2): units 3-4 (2 x APR1400),new-build,built,,2,2700.0,6.3,bn,USD,,budget,2008-04,initial,https://www.world-nuclear-news.org/Articles/KHNP-granted-construction-permit-for-Shin-Kori-3-a,WNN: KHNP granted construction permit for Shin-Kori 3 and 4,'overall project cost USD 6.3 bn over seven years' as reported in USD; won figure not given; for comparison Shin Kori 5&6 approved 2014 at KRW 7.6 tn (NEI)
L100000500371,Saeul nuclear power plant,South Korea,units 3-4 (ex Shin Kori 5-6),new-build,,,2,2800.0,8630.0,bn,KRW,,budget,2017,initial,https://world-nuclear.org/information-library/country-profiles/countries-o-s/south-korea,WNA: Nuclear Power in South Korea,"expected cost KRW 8.63 tn (USD 7.6 bn, USD 2,700/kWe); KRW 1.6 tn spent to Aug 2017; 2015 civil contract KRW 1,180 bn; no revised total published, only contract increases (Samsung C&T main-equipment contract to KRW 1.333 tn in 2025)"
L100000500012,Shin-Hanul nuclear power plant,South Korea,units 3-4,new-build,,,2,2800.0,11680.0,bn,KRW,,budget,2024,latest,https://www.world-nuclear-news.org/articles/south-korea-breaks-ground-for-two-new-reactors,WNN: South Korea breaks ground for two new reactors,"KHNP total construction cost KRW 11,680 bn (~USD 9.2 bn) to Oct 2033; incl. KRW 3.1 tn main-construction contract (Hyundai E&C) and KRW 2.9 tn main-equipment contract (Doosan)"
L100001083605,Värö Peninsula nuclear power plant,Sweden,3 x 470 MW Rolls-Royce SMR (state equity cap only),funding-only,,,3,1410.0,34.3,bn,SEK,,budget,2026-04,latest,https://www.world-nuclear-news.org/articles/swedish-state-to-take-majority-stake-in-videberg-kraft,WNN: Swedish state taking majority stake in Videberg Kraft,NOT total cost: Swedish state's 60 % equity injection capped at SEK 34.3 bn during construction (plus SEK 1.8 bn initial); implies total > SEK 57 bn if pro rata; Rolls-Royce SMR selected June 2026
L100001048157,EGAT nuclear power plant,Thailand,2 x 300 MW SMR (Northeast + South),new-build,,,2,600.0,93.0,bn,THB,,estimate,2025-08,initial,https://www.nationthailand.com/news/general/40054000,"The Nation 14 Aug 2025: SMRs, the future of energy in Thailand","'investment of approximately 93 billion baht'; ~155 million baht per MW expected in 2032; PDP2024, construction 2032, COD 2037"
L100000500093,Akkuyu nuclear power plant,Türkiye,whole project (4 units),new-build,,,4,4800.0,20.0,bn,USD,,contract,2010-05,initial,https://world-nuclear.org/information-library/country-profiles/countries-t-z/turkey,WNA: Nuclear Power in Turkey,"Intergovernmental BOO agreement: Rosatom to build, own and operate four AES-2006 units as a 'USD 20 billion project'; late 2012 JSC Akkuyu quoted USD 18.7 bn, Turkish PM USD 22 bn, Rosatom mid-2012 'could be USD 25 bn'; total investment incl. financing under BOO"
L100000500093,Akkuyu nuclear power plant,Türkiye,whole project (4 units),new-build,,,4,4800.0,24.5,bn,USD,,estimate,2024-06,latest,https://interfax.com/newsroom/top-stories/103324/,Interfax: Building Akkuyu NPP in Turkey costs $24-25 bln at current prices - Likhachev,Rosatom DG Likhachev 2024-06-13: 'costs USD 24-25 billion to build at current prices' (midpoint entered); construction funded by Rosatom so far; Dec 2025 Türkiye says Russia provided a further USD 9 bn financing
L100000500339,Sinop nuclear power plant,Türkiye,whole project (4 units),new-build,,,4,4600.0,22.0,bn,USD,,estimate,2013-05,initial,https://world-nuclear.org/information-library/country-profiles/countries-t-z/turkey,WNA: Nuclear Power in Turkey,"Estimate at the 2013 IGA with Japan (Atmea1, 4 x 1100 MW): 'some USD 22 billion, though this has since doubled'; Japanese consortium withdrew 2018"
L100000500339,Sinop nuclear power plant,Türkiye,whole project (4 units),new-build,,,4,4560.0,32.55,bn,USD,,estimate,2025,latest,https://www.nuclearbusiness-platform.com/media/insights/the-sinop-nuclear-power-plant-and-the-future-of-turkiye,Nuclear Business Platform: The Sinop Nuclear Power Plant and the Future of Türkiye,"KEPCO proposal to build four reactors at Sinop 'worth around USD 32.55 billion'; same source cites 'approximately USD 40 billion' investment; industry-blog level, vendor not selected (KEPCO MoU Nov 2025, Rosatom also in talks)"
L100000500362,İğneada nuclear power plant,Türkiye,İğneada (Thrace): whole project (~5 GWe),new-build,,,4,5300.0,23.5,bn,USD,,estimate,2016-03,initial,https://neutronbytes.com/2016/03/29/western-nuclear-reactor-designs-gain-traction-in-china/,Neutron Bytes: Western nuclear reactors set startup dates in China (Turkey third NPP section),"Turkish energy ministry 2016-03-16: third NPP 'at a scale of 5 GWe and cost USD 22-25 billion' (midpoint entered); SNPTC/Westinghouse CAP1400 exclusive negotiations 2014, no contract"
L100001048158,Buyende nuclear power plant,Uganda,whole project (2000 MW),new-build,,,2,2000.0,9.0,bn,USD,,estimate,2025-05,latest,https://www.independent.co.ug/govt-signs-shs34-trillion-contract-for-buyende-nuclear-power-plant/,The Independent (Uganda): Gov't signs shs34 trillion contract for Buyende Nuclear Power Plant,"Minister Nankabirwa at KHNP site-evaluation contract signing: project 'worth USD 9 billion (UGX 34.2 trillion)'; the signed contract itself covers site evaluation only; USD 9 bn is the plant estimate (2000 MW, first 1000 MW by 2031)"
L100000500095,Khmelnitski nuclear power plant,Ukraine,per AP1000 unit (unit 5),new-build,,,1,1100.0,5.0,bn,USD,,estimate,2024-04,latest,https://interfax.com/newsroom/top-stories/101379/,Interfax: Energoatom and Westinghouse begin construction of new Khmelnitsky units,Energoatom: cost of one AP1000 unit 'starts from USD 5 bn' in peacetime; reactor-island purchase contract USD 437.5 m; units 3-4 are VVER-1000 completions with no published figure
L100000500011,Barakah nuclear power plant,United Arab Emirates,Barakah: units 1-4 (4 x APR1400),new-build,,,4,5348.0,20.4,bn,USD,,contract,2009-12,initial,https://world-nuclear.org/information-library/country-profiles/countries-t-z/united-arab-emirates,WNA: Nuclear Power in the United Arab Emirates,"KEPCO prime contract ~USD 20.4 bn (often quoted 20 bn) for construction, commissioning and initial fuel, largely fixed price"
L100000500011,Barakah nuclear power plant,United Arab Emirates,Barakah: units 1-4 (4 x APR1400),new-build,,,4,5348.0,24.4,bn,USD,,total,2016-10,final,https://www.enec.gov.ae/news/latest-news/enec-and-kepco-announce-financial-close-for-barakah-nuclear-energy-plant/,ENEC/KEPCO announce financial close for Barakah,"total financing USD 24.4 bn (19.6 bn loans + 4.7 bn equity) covering overnight cost, IDC, first fuel and escalation; last unit in operation 2024"
L100000500375,Hinkley Point nuclear power plant,United Kingdom,units C1-C2,new-build,,,2,3260.0,18.0,bn,GBP,2015,overnight,2016-07,initial,https://www.edf.fr/en/the-edf-group/dedicated-sections/press/all-press-releases/hinkley-point-c-edf-s-board-of-directors-approves-the-final-investment-decision,EDF: Board approves final investment decision for HPC,"GBP 18 bn in 2015 sterling, excl. interim interest (EDF convention); revised to 19.6 bn (2015 GBP) July 2017"
L100000500375,Hinkley Point nuclear power plant,United Kingdom,units C1-C2,new-build,,,2,3260.0,35.0,bn,GBP,2015,overnight,2026-02,latest,https://www.newcivilengineer.com/latest/hinkley-point-cs-cost-climbs-to-35bn-with-confirmation-unit-1-will-power-up-in-2030-20-02-2026/,NCE: Hinkley Point C cost climbs to GBP 35bn,EDF FY2025 results Feb 2026: GBP 35 bn in 2015 prices excl. interim interest (~GBP 48.7 bn in current money per press); Jan 2024 range was 31-34 bn; unit 1 now 2030
L100001048036,North Teeside nuclear power plant,United Kingdom,4 x AP300,new-build,,,4,1200.0,8.0,bn,GBP,,estimate,2024-02,initial,https://www.powermag.com/uks-first-smr-nuclear-project-to-showcase-four-westinghouse-ap300-reactors/,POWER: UK's first SMR project to showcase four Westinghouse AP300 reactors,"Community Nuclear Power 'GBP 8 bn investment' for privately funded 4 x AP300; developer figure, basis unclear"
L100000500378,Sizewell nuclear power plant,United Kingdom,units C1-C2,new-build,,,2,3200.0,20.0,bn,GBP,,estimate,2020-05,initial,https://www.newcivilengineer.com/latest/sizewell-c-investment-secured-on-around-38bn-plant-with-help-from-governments-own-bank-22-07-2025/,NCE: Sizewell C investment secured on 'around GBP 38bn' plant,original estimate ~GBP 20 bn at 2020 planning application
L100000500378,Sizewell nuclear power plant,United Kingdom,units C1-C2,new-build,,,2,3200.0,38.0,bn,GBP,2024,budget,2025-07,latest,https://www.sizewellc.com/news-views/final-investment-decision-reached-for-sizewell-c-the-biggest-british-clean-energy-project-in-a-generation/,Sizewell C: Final Investment Decision reached,"FID 22 Jul 2025: ~GBP 38 bn in 2024 prices incl. contingency; RAB-financed, so financing costs largely excluded from this figure; EPR twin like HPC"
L100001083763,Wylfa Rolls Royce SMR nuclear power plant,United Kingdom,3 x 470 MW Rolls-Royce SMR,funding-only,,,3,1410.0,2.6,bn,GBP,,budget,2025-06,latest,https://www.world-nuclear-news.org/articles/contract-signed-for-delivery-of-uks-first-smrs,WNN: Contract signed for delivery of UK's first SMRs,"GBP 2.6 bn allocated in 2025 Spending Review for SMR programme (press often quotes 2.5 bn), not a full plant cost; plus NWF loan up to GBP 599 m and GBP 300 m owner's engineer contract (Apr 2026)"
L100000500049,Alvin W Vogtle nuclear power plant,United States,Vogtle 3&4: units 3-4 (2 x AP1000),new-build,,,2,2234.0,14.3,bn,USD,,total,2009-03,initial,https://www.powermag.com/how-the-vogtle-nuclear-expansions-costs-escalated/,POWER: How the Vogtle nuclear expansion's costs escalated,"Georgia PSC certification 2009, all owners incl. financing; Georgia Power 45.7 % share USD 6.1 bn"
L100000500049,Alvin W Vogtle nuclear power plant,United States,Vogtle 3&4: units 3-4 (2 x AP1000),new-build,,,2,2234.0,36.0,bn,USD,,total,2025-04,final,https://www.powermag.com/what-was-learned-from-building-new-nuclear-reactors/,POWER: What was learned from building new nuclear reactors?,"final cost ~USD 36 bn incl. financing (often quoted as >35 bn); unit 3 COD Jul 2023, unit 4 Apr 2024; Georgia Power share ~USD 11 bn"
L100000500340,CFPP nuclear power plant,United States,NuScale/UAMPS Carbon Free Power Project: 6 x 77 MW VOYGR-6 (cancelled Nov 2023),new-build,cancelled,,6,462.0,5.3,bn,USD,,total,2021,initial,https://ieefa.org/resources/eye-popping-new-cost-estimates-released-nuscale-small-modular-reactor,IEEFA: eye-popping new cost estimates released for NuScale SMR,"2021 estimate USD 5.3 bn incl. financing, price target USD 58/MWh"
L100000500340,CFPP nuclear power plant,United States,NuScale/UAMPS Carbon Free Power Project: 6 x 77 MW VOYGR-6 (cancelled Nov 2023),new-build,cancelled,,6,462.0,9.3,bn,USD,,total,2023-01,latest,https://ieefa.org/sites/default/files/2023-01/UAMPS%20Talking%20Points%20_%20Class%203%20_%2020230102%20_%20Final.pdf,UAMPS talking points: Class 3 project cost estimate (Jan 2023),"Class 3 PCE: USD 9.3 bn total acquisition and construction incl. financing (~20,100 USD/kW); USD 89/MWh after USD 4.2 bn DOE cost share + IRA credits; project terminated 8 Nov 2023"
L100000500282,Clinch River SMR nuclear power plant,United States,unit 1 (BWRX-300),new-build,,,1,300.0,5.4,bn,USD,,overnight,2025,latest,https://constructionreviewonline.com/tennessees-clinch-river-nuclear-project-5-4bn-300mw-reactor-nears-us-construction-approval/,Construction Review: Tennessee's Clinch River nuclear project USD 5.4bn 300 MW reactor nears approval,TVA estimate ~USD 5.4 bn for first unit 'before interest costs and tax credits' as reported in press; TVA board authorised USD 350 m development; DOE up to USD 400 m; NRC CP issued 29 Sep 2026
L100000500178,Duane Arnold nuclear power plant,United States,unit 1 restart,restart,,,1,615.0,1.6,bn,USD,,estimate,2025,latest,https://www.utilitydive.com/news/nextera-doe-loan-duane-arnold-nuclear-restart/829773/,Utility Dive: NextEra secures USD 1.9B DOE loan for Duane Arnold restart,restart cost estimated at USD 1.6 bn (2025); DOE loan up to USD 1.9 bn closed 8 Sep 2026; Google 25-yr PPA; restart early 2029
L100001083922,Fall Line fusion nuclear power plant,United States,ARC fusion plant,new-build,,,1,400.0,2.5,bn,USD,,estimate,2025,latest,https://virginiabusiness.com/chesterfield-commonwealth-fusion-systems-power-plant-permit/,Virginia Business: Chesterfield approves fusion power plant permit,county economic development director: 'likely more than USD 2.5 bn'; CFS has not published a plant cost
L100000500364,Kemmerer nuclear power plant,United States,Kemmerer unit 1 (Natrium),new-build,,,1,345.0,4.0,bn,USD,,estimate,2026-04,latest,https://www.powermag.com/terrapowers-kemmerer-1-enters-construction-timeline-of-the-natrium-projects-road-to-first-power/,POWER: TerraPower's Kemmerer 1 enters construction,"TerraPower CEO 'all-in' ~USD 4 bn, 50 % DOE ARDP cost share (up to USD 2 bn); 345 MWe base / 500 MWe peak with salt storage"
L100000500174,Oyster Creek nuclear power plant,United States,4 x SMR-300 (340 MW each),new-build,,,4,1360.0,10.9,bn,USD,,overnight,2026,latest,https://www.powermag.com/holtec-targets-2036-for-1-36-gw-smr-300-project-at-oyster-creek/,POWER: Holtec targets 2036 for 1.36-GW SMR-300 project at Oyster Creek,"derived: Holtec S-1 target overnight cost USD 7,500-8,500/kW for dual-unit plants in the US (midpoint 8,000 USD/kW x 1,360 MW); not a project-specific estimate"
L100000500153,Palisades nuclear power plant,United States,unit 1 restart,restart,,,1,800.0,1.52,bn,USD,,budget,2024-09,latest,https://holtecinternational.com/2024/09/30/hh-39-17/,Holtec closes USD 1.52 bn DOE loan to restart Palisades,"DOE LPO loan guarantee amount, not a total-cost statement; Holtec S-1 (2026) shows restart capex USD 436.5 m (2024) + 868.6 m (2025) plus USD 300 m Michigan grant; total restart cost not disclosed as one figure"
L100000500153,Palisades nuclear power plant,United States,Pioneer units 1-2 (SMR-300),new-build,planned,,2,680.0,4.8,bn,USD,,estimate,2026-09,latest,https://www.enr.com/articles/63675-holtec-advances-palisades-small-reactor-construction-shelves-planned-ipo,ENR: Holtec advances Palisades small reactor construction,"ENR: USD 2.1-2.7 bn per reactor, i.e. 4.2-5.4 bn for two; midpoint given; DOE Tier-1 First Mover award up to USD 400 m; Holtec quotes 2 x 340 MW"
L100001083795,Project Matador nuclear power plant,United States,4 x AP1000,new-build,,,4,4400.0,41.0,bn,USD,,estimate,2025-07,latest,https://neutronbytes.com/2025/07/12/texas-firm-plans-four-ap1000s-at-amarillo/,Neutron Bytes: Texas firm plans four AP1000s at Amarillo,"analyst estimate at USD 9,000/kW; developer Fermi America gives USD 70-90 bn for whole campus incl. gas/solar; no EPC signed"
L100001047888,Project Pele nuclear power plant,United States,prototype microreactor,prototype,,,1,1.5,300.0,m,USD,,contract,2022-06,initial,https://www.world-nuclear-news.org/articles/bwx-technologies-selected-to-build-project-pele-mi,WNN: BWX Technologies selected to build Project Pele microreactor,DoD cost-type contract ~USD 300 m with BWXT for design/build/delivery to INL; 1-5 MWe transportable HTGR
L100000500142,Three Mile Island nuclear power plant,United States,unit 1 restart (Crane Clean Energy Center),restart,,,1,835.0,1.6,bn,USD,,estimate,2025-11,latest,https://www.world-nuclear-news.org/articles/constellation-secures-usd1-billion-loan-for-reactor-restart,WNN: Constellation secures USD 1 billion loan for reactor restart,Constellation restart cost estimate USD 1.6 bn; DOE LPO loan USD 1 bn closed Nov 2025; restart targeted 2027
L100001007637,Turkey Point nuclear power station,United States,units 6-7 (2 x AP1000),new-build,,,2,2234.0,15.75,bn,USD,,estimate,2012,initial,https://www.utilitydive.com/news/nuclear-regulators-to-license-two-new-reactors-at-turkey-point-facility/520818/,Utility Dive: nuclear regulators to license two new reactors at Turkey Point,"FPL FEIS estimate USD 12.8-18.7 bn (midpoint given) for 2 x 1,117 MWe; COL issued 2018; FPL has paused, not in 2026 ten-year site plan"
L100001048085,Jizzakh nuclear power plant,Uzbekistan,whole project: 2 x RITM-200N (110 MW) + 2 x VVER-1000,new-build,,,4,2110.0,9.5,bn,USD,,estimate,2026-06,latest,https://timesca.com/uzbekistan-begins-construction-of-first-nuclear-power-plant/,Times of Central Asia 5 Jun 2026: Uzbekistan begins construction of first NPP,"Uzatom director: USD 9.5 bn 'base price and maximum contract amount' for the combined plant; earlier estimates USD 10-13 bn (SMR ~USD 2 bn + large units ~USD 14 bn per kun.uz); 85-90% loan-financed; SMR 2029, first large unit 2033"
L100000500518,Ninh Thuận 1 nuclear power plant,Vietnam,Ninh Thuan 1 + 2 combined (4 units),new-build,,,4,4800.0,8.9,bn,USD,,estimate,2024-12,initial,https://www.neimagazine.com/news/vietnam-resumes-ninh-thuan-nuclear-project/,NEI 6 Dec 2024: Vietnam resumes Ninh Thuan nuclear project,pre-2016 combined cost 'around USD 8.9 bn'; Russia offered USD 8 bn loan for NT1 (2011); no separate NT1 figure after the Mar 2026 Vietnam-Russia IGA
L100000500518,Ninh Thuận 1 nuclear power plant,Vietnam,Ninh Thuan 1 + 2 combined,new-build,,,4,4800.0,22.0,bn,USD,,estimate,2026-09,latest,https://www.nuclearbusiness-platform.com/media/insights/vietnam-first-asean-nuclear-power,Nuclear Business Platform 2 Sep 2026: Vietnam could be first in ASEAN,industry-platform figure 'approximately USD 22 bn' for the revival of NT1 and NT2; basis unclear
