weo_region,year,iea_steps_multiple,multiple
China,2025,1.0349,1.0329
United States,2025,1.016,1.0151
European Union,2025,1.0259,1.0245
India,2025,1.0549,1.0518
rest of Asia Pacific,2025,1.0268,1.0253
Middle East,2025,1.0351,1.0332
Southeast Asia,2025,1.0438,1.0413
Russia,2025,1.0097,1.0092
rest of Europe,2025,1.0241,1.0228
Japan,2025,1.0063,1.0059
rest of North America,2025,1.0145,1.0137
Africa,2025,1.0434,1.041
Brazil,2025,1.0206,1.0194
rest of Central and South America,2025,1.0308,1.029
Caspian,2025,1.0276,1.026
China,2030,1.2286,1.2146
United States,2030,1.1002,1.0944
European Union,2030,1.1661,1.1562
India,2030,1.3779,1.3536
rest of Asia Pacific,2030,1.1723,1.1619
Middle East,2030,1.2303,1.2162
Southeast Asia,2030,1.2932,1.2748
Russia,2030,1.0599,1.0564
rest of Europe,2030,1.1539,1.1447
Japan,2030,1.0382,1.0361
rest of North America,2030,1.0904,1.0851
Africa,2030,1.2906,1.2724
Brazil,2030,1.13,1.1224
rest of Central and South America,2030,1.1994,1.1873
Caspian,2030,1.1772,1.1666
China,2035,1.4586,1.4283
United States,2035,1.1914,1.1798
European Union,2035,1.3254,1.3048
India,2035,1.7999,1.742
rest of Asia Pacific,2035,1.3383,1.3168
Middle East,2035,1.4622,1.4317
Southeast Asia,2035,1.6021,1.5607
Russia,2035,1.1125,1.1059
rest of Europe,2035,1.3,1.2812
Japan,2035,1.0712,1.0671
rest of North America,2035,1.1719,1.1616
Africa,2035,1.5963,1.5553
Brazil,2035,1.2512,1.2357
rest of Central and South America,2035,1.3955,1.3699
Caspian,2035,1.3487,1.3264
China,2040,1.5564,1.5186
United States,2040,1.2502,1.2348
European Union,2040,1.4441,1.4149
India,2040,2.1153,2.029
rest of Asia Pacific,2040,1.4998,1.4664
Middle East,2040,1.6912,1.6425
Southeast Asia,2040,1.8401,1.7788
Russia,2040,1.1452,1.1366
rest of Europe,2040,1.4066,1.3802
Japan,2040,1.0845,1.0797
rest of North America,2040,1.2721,1.2552
Africa,2040,1.9517,1.8805
Brazil,2040,1.3785,1.3542
rest of Central and South America,2040,1.6111,1.569
Caspian,2040,1.5191,1.4842
China,2045,1.6608,1.6147
United States,2045,1.3119,1.2922
European Union,2045,1.5735,1.5343
India,2045,2.4859,2.3632
rest of Asia Pacific,2045,1.6808,1.633
Middle East,2045,1.956,1.8844
Southeast Asia,2045,2.1135,2.0274
Russia,2045,1.1789,1.1682
rest of Europe,2045,1.5219,1.4868
Japan,2045,1.098,1.0923
rest of North America,2045,1.3808,1.3563
Africa,2045,2.3863,2.2737
Brazil,2045,1.5189,1.484
rest of Central and South America,2045,1.86,1.7969
Caspian,2045,1.711,1.6607
China,2050,1.7722,1.7168
United States,2050,1.3766,1.3524
European Union,2050,1.7144,1.6638
India,2050,2.9215,2.7525
rest of Asia Pacific,2050,1.8837,1.8186
Middle East,2050,2.2622,2.1619
Southeast Asia,2050,2.4275,2.3107
Russia,2050,1.2136,1.2006
rest of Europe,2050,1.6467,1.6016
Japan,2050,1.1117,1.1052
rest of North America,2050,1.4989,1.4655
Africa,2050,2.9177,2.7491
Brazil,2050,1.6735,1.6263
rest of Central and South America,2050,2.1473,2.058
Caspian,2050,1.9272,1.8582
