country,demand_twh,weo_region,multiple,source
AE,215.29,Middle East,1.2162,"Ember 2024 x outlook consensus (data/demand_outlooks.csv), IEA WEO25 STEPS regional shape"
AF,7.92,rest of Asia Pacific,1.1619,"Ember 2024 x outlook consensus (data/demand_outlooks.csv), IEA WEO25 STEPS regional shape"
AG,0.44,rest of Central and South America,1.1873,"Ember 2024 x outlook consensus (data/demand_outlooks.csv), IEA WEO25 STEPS regional shape"
AM,8.91,Caspian,1.1666,"Ember 2024 x outlook consensus (data/demand_outlooks.csv), IEA WEO25 STEPS regional shape"
AO,19.84,Africa,1.2724,"Ember 2024 x outlook consensus (data/demand_outlooks.csv), IEA WEO25 STEPS regional shape"
AR,191.96,rest of Central and South America,1.1873,"Ember 2024 x outlook consensus (data/demand_outlooks.csv), IEA WEO25 STEPS regional shape"
AS,0.21,rest of Asia Pacific,1.1619,"Ember 2024 x outlook consensus (data/demand_outlooks.csv), IEA WEO25 STEPS regional shape"
AT,82.89,European Union,1.1562,"Ember 2024 x outlook consensus (data/demand_outlooks.csv), IEA WEO25 STEPS regional shape"
AU,327.25,rest of Asia Pacific,1.1619,"Ember 2024 x outlook consensus (data/demand_outlooks.csv), IEA WEO25 STEPS regional shape"
AW,1.19,rest of Central and South America,1.1873,"Ember 2024 x outlook consensus (data/demand_outlooks.csv), IEA WEO25 STEPS regional shape"
AZ,31.04,Caspian,1.1666,"Ember 2024 x outlook consensus (data/demand_outlooks.csv), IEA WEO25 STEPS regional shape"
BA,14.95,rest of Europe,1.1447,"Ember 2024 x outlook consensus (data/demand_outlooks.csv), IEA WEO25 STEPS regional shape"
BB,1.32,rest of Central and South America,1.1873,"Ember 2024 x outlook consensus (data/demand_outlooks.csv), IEA WEO25 STEPS regional shape"
BD,129.84,rest of Asia Pacific,1.1619,"Ember 2024 x outlook consensus (data/demand_outlooks.csv), IEA WEO25 STEPS regional shape"
BE,99.62,European Union,1.1562,"Ember 2024 x outlook consensus (data/demand_outlooks.csv), IEA WEO25 STEPS regional shape"
BF,4.06,Africa,1.2724,"Ember 2024 x outlook consensus (data/demand_outlooks.csv), IEA WEO25 STEPS regional shape"
BG,43.14,European Union,1.1562,"Ember 2024 x outlook consensus (data/demand_outlooks.csv), IEA WEO25 STEPS regional shape"
BH,46.75,Middle East,1.2162,"Ember 2024 x outlook consensus (data/demand_outlooks.csv), IEA WEO25 STEPS regional shape"
BI,0.73,Africa,1.2724,"Ember 2024 x outlook consensus (data/demand_outlooks.csv), IEA WEO25 STEPS regional shape"
BJ,2.94,Africa,1.2724,"Ember 2024 x outlook consensus (data/demand_outlooks.csv), IEA WEO25 STEPS regional shape"
BM,0.72,rest of Central and South America,1.1873,"Ember 2024 x outlook consensus (data/demand_outlooks.csv), IEA WEO25 STEPS regional shape"
BN,7.09,Southeast Asia,1.2748,"Ember 2024 x outlook consensus (data/demand_outlooks.csv), IEA WEO25 STEPS regional shape"
BO,16.06,rest of Central and South America,1.1873,"Ember 2024 x outlook consensus (data/demand_outlooks.csv), IEA WEO25 STEPS regional shape"
BR,849.97,Brazil,1.1224,"Ember 2024 x outlook consensus (data/demand_outlooks.csv), IEA WEO25 STEPS regional shape"
BS,2.67,rest of Central and South America,1.1873,"Ember 2024 x outlook consensus (data/demand_outlooks.csv), IEA WEO25 STEPS regional shape"
BT,14.48,rest of Asia Pacific,1.1619,"Ember 2024 x outlook consensus (data/demand_outlooks.csv), IEA WEO25 STEPS regional shape"
BW,5.94,Africa,1.2724,"Ember 2024 x outlook consensus (data/demand_outlooks.csv), IEA WEO25 STEPS regional shape"
BY,51.76,rest of Europe,1.1447,"Ember 2024 x outlook consensus (data/demand_outlooks.csv), IEA WEO25 STEPS regional shape"
BZ,1.01,rest of Central and South America,1.1873,"Ember 2024 x outlook consensus (data/demand_outlooks.csv), IEA WEO25 STEPS regional shape"
CA,677.51,rest of North America,1.0851,"Ember 2024 x outlook consensus (data/demand_outlooks.csv), IEA WEO25 STEPS regional shape"
CD,22.09,Africa,1.2724,"Ember 2024 x outlook consensus (data/demand_outlooks.csv), IEA WEO25 STEPS regional shape"
CF,0.18,Africa,1.2724,"Ember 2024 x outlook consensus (data/demand_outlooks.csv), IEA WEO25 STEPS regional shape"
CG,6.85,Africa,1.2724,"Ember 2024 x outlook consensus (data/demand_outlooks.csv), IEA WEO25 STEPS regional shape"
CH,73.23,rest of Europe,1.1447,"Ember 2024 x outlook consensus (data/demand_outlooks.csv), IEA WEO25 STEPS regional shape"
CI,12.8,Africa,1.2724,"Ember 2024 x outlook consensus (data/demand_outlooks.csv), IEA WEO25 STEPS regional shape"
CK,0.05,rest of Asia Pacific,1.1619,"Ember 2024 x outlook consensus (data/demand_outlooks.csv), IEA WEO25 STEPS regional shape"
CL,105.22,rest of Central and South America,1.1873,"Ember 2024 x outlook consensus (data/demand_outlooks.csv), IEA WEO25 STEPS regional shape"
CM,9.31,Africa,1.2724,"Ember 2024 x outlook consensus (data/demand_outlooks.csv), IEA WEO25 STEPS regional shape"
CN,12231.24,China,1.2146,"Ember 2024 x outlook consensus (data/demand_outlooks.csv), IEA WEO25 STEPS regional shape"
CO,105.84,rest of Central and South America,1.1873,"Ember 2024 x outlook consensus (data/demand_outlooks.csv), IEA WEO25 STEPS regional shape"
CR,13.32,rest of Central and South America,1.1873,"Ember 2024 x outlook consensus (data/demand_outlooks.csv), IEA WEO25 STEPS regional shape"
CU,23.07,rest of Central and South America,1.1873,"Ember 2024 x outlook consensus (data/demand_outlooks.csv), IEA WEO25 STEPS regional shape"
CV,0.66,Africa,1.2724,"Ember 2024 x outlook consensus (data/demand_outlooks.csv), IEA WEO25 STEPS regional shape"
CY,6.69,European Union,1.1562,"Ember 2024 x outlook consensus (data/demand_outlooks.csv), IEA WEO25 STEPS regional shape"
CZ,76.48,European Union,1.1562,"Ember 2024 x outlook consensus (data/demand_outlooks.csv), IEA WEO25 STEPS regional shape"
DE,603.83,European Union,1.1562,"Ember 2024 x outlook consensus (data/demand_outlooks.csv), IEA WEO25 STEPS regional shape"
DJ,1.02,Africa,1.2724,"Ember 2024 x outlook consensus (data/demand_outlooks.csv), IEA WEO25 STEPS regional shape"
DK,45.04,European Union,1.1562,"Ember 2024 x outlook consensus (data/demand_outlooks.csv), IEA WEO25 STEPS regional shape"
DM,0.18,rest of Central and South America,1.1873,"Ember 2024 x outlook consensus (data/demand_outlooks.csv), IEA WEO25 STEPS regional shape"
DO,28.53,rest of Central and South America,1.1873,"Ember 2024 x outlook consensus (data/demand_outlooks.csv), IEA WEO25 STEPS regional shape"
DZ,119.4,Africa,1.2724,"Ember 2024 x outlook consensus (data/demand_outlooks.csv), IEA WEO25 STEPS regional shape"
EC,39.61,rest of Central and South America,1.1873,"Ember 2024 x outlook consensus (data/demand_outlooks.csv), IEA WEO25 STEPS regional shape"
EE,10.61,European Union,1.1562,"Ember 2024 x outlook consensus (data/demand_outlooks.csv), IEA WEO25 STEPS regional shape"
EG,300.28,Africa,1.2724,"Ember 2024 x outlook consensus (data/demand_outlooks.csv), IEA WEO25 STEPS regional shape"
EH,0.11,Africa,1.2724,"Ember 2024 x outlook consensus (data/demand_outlooks.csv), IEA WEO25 STEPS regional shape"
ER,0.57,Africa,1.2724,"Ember 2024 x outlook consensus (data/demand_outlooks.csv), IEA WEO25 STEPS regional shape"
ES,312.99,European Union,1.1562,"Ember 2024 x outlook consensus (data/demand_outlooks.csv), IEA WEO25 STEPS regional shape"
ET,29.83,Africa,1.2724,"Ember 2024 x outlook consensus (data/demand_outlooks.csv), IEA WEO25 STEPS regional shape"
FI,99.12,European Union,1.1562,"Ember 2024 x outlook consensus (data/demand_outlooks.csv), IEA WEO25 STEPS regional shape"
FJ,1.34,rest of Asia Pacific,1.1619,"Ember 2024 x outlook consensus (data/demand_outlooks.csv), IEA WEO25 STEPS regional shape"
FK,0.01,rest of Central and South America,1.1873,"Ember 2024 x outlook consensus (data/demand_outlooks.csv), IEA WEO25 STEPS regional shape"
FO,0.56,rest of Europe,1.1447,"Ember 2024 x outlook consensus (data/demand_outlooks.csv), IEA WEO25 STEPS regional shape"
FR,545.67,European Union,1.1562,"Ember 2024 x outlook consensus (data/demand_outlooks.csv), IEA WEO25 STEPS regional shape"
GA,4.05,Africa,1.2724,"Ember 2024 x outlook consensus (data/demand_outlooks.csv), IEA WEO25 STEPS regional shape"
GB,363.27,rest of Europe,1.1447,"Ember 2024 x outlook consensus (data/demand_outlooks.csv), IEA WEO25 STEPS regional shape"
GD,0.28,rest of Central and South America,1.1873,"Ember 2024 x outlook consensus (data/demand_outlooks.csv), IEA WEO25 STEPS regional shape"
GE,16.46,Caspian,1.1666,"Ember 2024 x outlook consensus (data/demand_outlooks.csv), IEA WEO25 STEPS regional shape"
GF,1.16,rest of Central and South America,1.1873,"Ember 2024 x outlook consensus (data/demand_outlooks.csv), IEA WEO25 STEPS regional shape"
GH,27.78,Africa,1.2724,"Ember 2024 x outlook consensus (data/demand_outlooks.csv), IEA WEO25 STEPS regional shape"
GI,0.25,rest of Europe,1.1447,"Ember 2024 x outlook consensus (data/demand_outlooks.csv), IEA WEO25 STEPS regional shape"
GL,0.71,rest of Central and South America,1.1873,"Ember 2024 x outlook consensus (data/demand_outlooks.csv), IEA WEO25 STEPS regional shape"
GM,0.65,Africa,1.2724,"Ember 2024 x outlook consensus (data/demand_outlooks.csv), IEA WEO25 STEPS regional shape"
GN,5.13,Africa,1.2724,"Ember 2024 x outlook consensus (data/demand_outlooks.csv), IEA WEO25 STEPS regional shape"
GP,1.98,rest of Central and South America,1.1873,"Ember 2024 x outlook consensus (data/demand_outlooks.csv), IEA WEO25 STEPS regional shape"
GQ,1.9,Africa,1.2724,"Ember 2024 x outlook consensus (data/demand_outlooks.csv), IEA WEO25 STEPS regional shape"
GR,65.64,European Union,1.1562,"Ember 2024 x outlook consensus (data/demand_outlooks.csv), IEA WEO25 STEPS regional shape"
GT,19.41,rest of Central and South America,1.1873,"Ember 2024 x outlook consensus (data/demand_outlooks.csv), IEA WEO25 STEPS regional shape"
GU,2.16,rest of Asia Pacific,1.1619,"Ember 2024 x outlook consensus (data/demand_outlooks.csv), IEA WEO25 STEPS regional shape"
GW,0.1,Africa,1.2724,"Ember 2024 x outlook consensus (data/demand_outlooks.csv), IEA WEO25 STEPS regional shape"
GY,1.64,rest of Central and South America,1.1873,"Ember 2024 x outlook consensus (data/demand_outlooks.csv), IEA WEO25 STEPS regional shape"
HK,59.29,China,1.2146,"Ember 2024 x outlook consensus (data/demand_outlooks.csv), IEA WEO25 STEPS regional shape"
HN,15.0,rest of Central and South America,1.1873,"Ember 2024 x outlook consensus (data/demand_outlooks.csv), IEA WEO25 STEPS regional shape"
HR,22.72,European Union,1.1562,"Ember 2024 x outlook consensus (data/demand_outlooks.csv), IEA WEO25 STEPS regional shape"
HT,1.02,rest of Central and South America,1.1873,"Ember 2024 x outlook consensus (data/demand_outlooks.csv), IEA WEO25 STEPS regional shape"
HU,56.34,European Union,1.1562,"Ember 2024 x outlook consensus (data/demand_outlooks.csv), IEA WEO25 STEPS regional shape"
ID,474.87,Southeast Asia,1.2748,"Ember 2024 x outlook consensus (data/demand_outlooks.csv), IEA WEO25 STEPS regional shape"
IE,41.78,European Union,1.1562,"Ember 2024 x outlook consensus (data/demand_outlooks.csv), IEA WEO25 STEPS regional shape"
IL,84.71,rest of Europe,1.1447,"Ember 2024 x outlook consensus (data/demand_outlooks.csv), IEA WEO25 STEPS regional shape"
IN,2753.48,India,1.3536,"Ember 2024 x outlook consensus (data/demand_outlooks.csv), IEA WEO25 STEPS regional shape"
IQ,190.74,Middle East,1.2162,"Ember 2024 x outlook consensus (data/demand_outlooks.csv), IEA WEO25 STEPS regional shape"
IR,478.44,Middle East,1.2162,"Ember 2024 x outlook consensus (data/demand_outlooks.csv), IEA WEO25 STEPS regional shape"
IS,21.81,rest of Europe,1.1447,"Ember 2024 x outlook consensus (data/demand_outlooks.csv), IEA WEO25 STEPS regional shape"
IT,368.31,European Union,1.1562,"Ember 2024 x outlook consensus (data/demand_outlooks.csv), IEA WEO25 STEPS regional shape"
JM,5.84,rest of Central and South America,1.1873,"Ember 2024 x outlook consensus (data/demand_outlooks.csv), IEA WEO25 STEPS regional shape"
JO,28.86,Middle East,1.2162,"Ember 2024 x outlook consensus (data/demand_outlooks.csv), IEA WEO25 STEPS regional shape"
JP,1053.04,Japan,1.0361,"Ember 2024 x outlook consensus (data/demand_outlooks.csv), IEA WEO25 STEPS regional shape"
KE,18.77,Africa,1.2724,"Ember 2024 x outlook consensus (data/demand_outlooks.csv), IEA WEO25 STEPS regional shape"
KG,22.46,Caspian,1.1666,"Ember 2024 x outlook consensus (data/demand_outlooks.csv), IEA WEO25 STEPS regional shape"
KH,25.5,Southeast Asia,1.2748,"Ember 2024 x outlook consensus (data/demand_outlooks.csv), IEA WEO25 STEPS regional shape"
KI,0.05,rest of Asia Pacific,1.1619,"Ember 2024 x outlook consensus (data/demand_outlooks.csv), IEA WEO25 STEPS regional shape"
KM,0.18,Africa,1.2724,"Ember 2024 x outlook consensus (data/demand_outlooks.csv), IEA WEO25 STEPS regional shape"
KN,0.27,rest of Central and South America,1.1873,"Ember 2024 x outlook consensus (data/demand_outlooks.csv), IEA WEO25 STEPS regional shape"
KP,31.49,rest of Asia Pacific,1.1619,"Ember 2024 x outlook consensus (data/demand_outlooks.csv), IEA WEO25 STEPS regional shape"
KR,726.66,rest of Asia Pacific,1.1619,"Ember 2024 x outlook consensus (data/demand_outlooks.csv), IEA WEO25 STEPS regional shape"
KW,112.49,Middle East,1.2162,"Ember 2024 x outlook consensus (data/demand_outlooks.csv), IEA WEO25 STEPS regional shape"
KY,0.84,rest of Central and South America,1.1873,"Ember 2024 x outlook consensus (data/demand_outlooks.csv), IEA WEO25 STEPS regional shape"
KZ,141.06,Caspian,1.1666,"Ember 2024 x outlook consensus (data/demand_outlooks.csv), IEA WEO25 STEPS regional shape"
LA,19.9,Southeast Asia,1.2748,"Ember 2024 x outlook consensus (data/demand_outlooks.csv), IEA WEO25 STEPS regional shape"
LB,6.49,Middle East,1.2162,"Ember 2024 x outlook consensus (data/demand_outlooks.csv), IEA WEO25 STEPS regional shape"
LC,0.47,rest of Central and South America,1.1873,"Ember 2024 x outlook consensus (data/demand_outlooks.csv), IEA WEO25 STEPS regional shape"
LK,19.82,rest of Asia Pacific,1.1619,"Ember 2024 x outlook consensus (data/demand_outlooks.csv), IEA WEO25 STEPS regional shape"
LR,0.73,Africa,1.2724,"Ember 2024 x outlook consensus (data/demand_outlooks.csv), IEA WEO25 STEPS regional shape"
LS,0.74,Africa,1.2724,"Ember 2024 x outlook consensus (data/demand_outlooks.csv), IEA WEO25 STEPS regional shape"
LT,14.79,European Union,1.1562,"Ember 2024 x outlook consensus (data/demand_outlooks.csv), IEA WEO25 STEPS regional shape"
LU,7.82,European Union,1.1562,"Ember 2024 x outlook consensus (data/demand_outlooks.csv), IEA WEO25 STEPS regional shape"
LV,8.56,European Union,1.1562,"Ember 2024 x outlook consensus (data/demand_outlooks.csv), IEA WEO25 STEPS regional shape"
LY,44.01,Africa,1.2724,"Ember 2024 x outlook consensus (data/demand_outlooks.csv), IEA WEO25 STEPS regional shape"
MA,57.18,Africa,1.2724,"Ember 2024 x outlook consensus (data/demand_outlooks.csv), IEA WEO25 STEPS regional shape"
MD,6.94,rest of Europe,1.1447,"Ember 2024 x outlook consensus (data/demand_outlooks.csv), IEA WEO25 STEPS regional shape"
ME,3.86,rest of Europe,1.1447,"Ember 2024 x outlook consensus (data/demand_outlooks.csv), IEA WEO25 STEPS regional shape"
MG,3.09,Africa,1.2724,"Ember 2024 x outlook consensus (data/demand_outlooks.csv), IEA WEO25 STEPS regional shape"
MK,8.04,rest of Europe,1.1447,"Ember 2024 x outlook consensus (data/demand_outlooks.csv), IEA WEO25 STEPS regional shape"
ML,6.95,Africa,1.2724,"Ember 2024 x outlook consensus (data/demand_outlooks.csv), IEA WEO25 STEPS regional shape"
MM,27.94,Southeast Asia,1.2748,"Ember 2024 x outlook consensus (data/demand_outlooks.csv), IEA WEO25 STEPS regional shape"
MN,13.41,rest of Asia Pacific,1.1619,"Ember 2024 x outlook consensus (data/demand_outlooks.csv), IEA WEO25 STEPS regional shape"
MO,7.3,rest of Asia Pacific,1.1619,"Ember 2024 x outlook consensus (data/demand_outlooks.csv), IEA WEO25 STEPS regional shape"
MQ,1.79,rest of Central and South America,1.1873,"Ember 2024 x outlook consensus (data/demand_outlooks.csv), IEA WEO25 STEPS regional shape"
MR,3.02,Africa,1.2724,"Ember 2024 x outlook consensus (data/demand_outlooks.csv), IEA WEO25 STEPS regional shape"
MS,0.01,rest of Central and South America,1.1873,"Ember 2024 x outlook consensus (data/demand_outlooks.csv), IEA WEO25 STEPS regional shape"
MT,3.65,European Union,1.1562,"Ember 2024 x outlook consensus (data/demand_outlooks.csv), IEA WEO25 STEPS regional shape"
MU,4.34,Africa,1.2724,"Ember 2024 x outlook consensus (data/demand_outlooks.csv), IEA WEO25 STEPS regional shape"
MV,0.99,rest of Asia Pacific,1.1619,"Ember 2024 x outlook consensus (data/demand_outlooks.csv), IEA WEO25 STEPS regional shape"
MW,2.3,Africa,1.2724,"Ember 2024 x outlook consensus (data/demand_outlooks.csv), IEA WEO25 STEPS regional shape"
MX,385.08,rest of North America,1.0851,"Ember 2024 x outlook consensus (data/demand_outlooks.csv), IEA WEO25 STEPS regional shape"
MY,251.19,Southeast Asia,1.2748,"Ember 2024 x outlook consensus (data/demand_outlooks.csv), IEA WEO25 STEPS regional shape"
MZ,20.98,Africa,1.2724,"Ember 2024 x outlook consensus (data/demand_outlooks.csv), IEA WEO25 STEPS regional shape"
NC,3.63,rest of Asia Pacific,1.1619,"Ember 2024 x outlook consensus (data/demand_outlooks.csv), IEA WEO25 STEPS regional shape"
NE,2.74,Africa,1.2724,"Ember 2024 x outlook consensus (data/demand_outlooks.csv), IEA WEO25 STEPS regional shape"
NG,44.87,Africa,1.2724,"Ember 2024 x outlook consensus (data/demand_outlooks.csv), IEA WEO25 STEPS regional shape"
NI,6.44,rest of Central and South America,1.1873,"Ember 2024 x outlook consensus (data/demand_outlooks.csv), IEA WEO25 STEPS regional shape"
NL,136.56,European Union,1.1562,"Ember 2024 x outlook consensus (data/demand_outlooks.csv), IEA WEO25 STEPS regional shape"
NO,158.74,rest of Europe,1.1447,"Ember 2024 x outlook consensus (data/demand_outlooks.csv), IEA WEO25 STEPS regional shape"
NP,12.82,rest of Asia Pacific,1.1619,"Ember 2024 x outlook consensus (data/demand_outlooks.csv), IEA WEO25 STEPS regional shape"
NR,0.06,rest of Asia Pacific,1.1619,"Ember 2024 x outlook consensus (data/demand_outlooks.csv), IEA WEO25 STEPS regional shape"
NU,0.0,rest of Asia Pacific,1.1619,"Ember 2024 x outlook consensus (data/demand_outlooks.csv), IEA WEO25 STEPS regional shape"
NZ,51.14,rest of Asia Pacific,1.1619,"Ember 2024 x outlook consensus (data/demand_outlooks.csv), IEA WEO25 STEPS regional shape"
OM,59.72,Middle East,1.2162,"Ember 2024 x outlook consensus (data/demand_outlooks.csv), IEA WEO25 STEPS regional shape"
PA,15.78,rest of Central and South America,1.1873,"Ember 2024 x outlook consensus (data/demand_outlooks.csv), IEA WEO25 STEPS regional shape"
PE,70.43,rest of Central and South America,1.1873,"Ember 2024 x outlook consensus (data/demand_outlooks.csv), IEA WEO25 STEPS regional shape"
PF,0.84,rest of Asia Pacific,1.1619,"Ember 2024 x outlook consensus (data/demand_outlooks.csv), IEA WEO25 STEPS regional shape"
PG,5.5,rest of Asia Pacific,1.1619,"Ember 2024 x outlook consensus (data/demand_outlooks.csv), IEA WEO25 STEPS regional shape"
PH,158.29,Southeast Asia,1.2748,"Ember 2024 x outlook consensus (data/demand_outlooks.csv), IEA WEO25 STEPS regional shape"
PK,183.06,rest of Asia Pacific,1.1619,"Ember 2024 x outlook consensus (data/demand_outlooks.csv), IEA WEO25 STEPS regional shape"
PL,201.28,European Union,1.1562,"Ember 2024 x outlook consensus (data/demand_outlooks.csv), IEA WEO25 STEPS regional shape"
PM,0.06,rest of Central and South America,1.1873,"Ember 2024 x outlook consensus (data/demand_outlooks.csv), IEA WEO25 STEPS regional shape"
PR,23.75,rest of Central and South America,1.1873,"Ember 2024 x outlook consensus (data/demand_outlooks.csv), IEA WEO25 STEPS regional shape"
PS,9.72,Middle East,1.2162,"Ember 2024 x outlook consensus (data/demand_outlooks.csv), IEA WEO25 STEPS regional shape"
PT,66.76,European Union,1.1562,"Ember 2024 x outlook consensus (data/demand_outlooks.csv), IEA WEO25 STEPS regional shape"
PY,31.36,rest of Central and South America,1.1873,"Ember 2024 x outlook consensus (data/demand_outlooks.csv), IEA WEO25 STEPS regional shape"
QA,68.93,Middle East,1.2162,"Ember 2024 x outlook consensus (data/demand_outlooks.csv), IEA WEO25 STEPS regional shape"
RE,3.91,Africa,1.2724,"Ember 2024 x outlook consensus (data/demand_outlooks.csv), IEA WEO25 STEPS regional shape"
RO,64.38,European Union,1.1562,"Ember 2024 x outlook consensus (data/demand_outlooks.csv), IEA WEO25 STEPS regional shape"
RS,42.9,rest of Europe,1.1447,"Ember 2024 x outlook consensus (data/demand_outlooks.csv), IEA WEO25 STEPS regional shape"
RU,1260.25,Russia,1.0564,"Ember 2024 x outlook consensus (data/demand_outlooks.csv), IEA WEO25 STEPS regional shape"
RW,1.55,Africa,1.2724,"Ember 2024 x outlook consensus (data/demand_outlooks.csv), IEA WEO25 STEPS regional shape"
SA,552.87,Middle East,1.2162,"Ember 2024 x outlook consensus (data/demand_outlooks.csv), IEA WEO25 STEPS regional shape"
SB,0.13,rest of Asia Pacific,1.1619,"Ember 2024 x outlook consensus (data/demand_outlooks.csv), IEA WEO25 STEPS regional shape"
SC,0.8,Africa,1.2724,"Ember 2024 x outlook consensus (data/demand_outlooks.csv), IEA WEO25 STEPS regional shape"
SD,19.81,Africa,1.2724,"Ember 2024 x outlook consensus (data/demand_outlooks.csv), IEA WEO25 STEPS regional shape"
SE,160.37,European Union,1.1562,"Ember 2024 x outlook consensus (data/demand_outlooks.csv), IEA WEO25 STEPS regional shape"
SG,76.02,Southeast Asia,1.2748,"Ember 2024 x outlook consensus (data/demand_outlooks.csv), IEA WEO25 STEPS regional shape"
SH,0.01,Africa,1.2724,"Ember 2024 x outlook consensus (data/demand_outlooks.csv), IEA WEO25 STEPS regional shape"
SI,16.53,European Union,1.1562,"Ember 2024 x outlook consensus (data/demand_outlooks.csv), IEA WEO25 STEPS regional shape"
SK,30.72,European Union,1.1562,"Ember 2024 x outlook consensus (data/demand_outlooks.csv), IEA WEO25 STEPS regional shape"
SL,0.27,Africa,1.2724,"Ember 2024 x outlook consensus (data/demand_outlooks.csv), IEA WEO25 STEPS regional shape"
SN,10.34,Africa,1.2724,"Ember 2024 x outlook consensus (data/demand_outlooks.csv), IEA WEO25 STEPS regional shape"
SO,0.55,Africa,1.2724,"Ember 2024 x outlook consensus (data/demand_outlooks.csv), IEA WEO25 STEPS regional shape"
SR,2.07,rest of Central and South America,1.1873,"Ember 2024 x outlook consensus (data/demand_outlooks.csv), IEA WEO25 STEPS regional shape"
SS,0.71,Africa,1.2724,"Ember 2024 x outlook consensus (data/demand_outlooks.csv), IEA WEO25 STEPS regional shape"
ST,0.11,Africa,1.2724,"Ember 2024 x outlook consensus (data/demand_outlooks.csv), IEA WEO25 STEPS regional shape"
SV,7.36,rest of Central and South America,1.1873,"Ember 2024 x outlook consensus (data/demand_outlooks.csv), IEA WEO25 STEPS regional shape"
SY,29.53,Middle East,1.2162,"Ember 2024 x outlook consensus (data/demand_outlooks.csv), IEA WEO25 STEPS regional shape"
SZ,2.1,Africa,1.2724,"Ember 2024 x outlook consensus (data/demand_outlooks.csv), IEA WEO25 STEPS regional shape"
TC,0.32,rest of Central and South America,1.1873,"Ember 2024 x outlook consensus (data/demand_outlooks.csv), IEA WEO25 STEPS regional shape"
TD,0.47,Africa,1.2724,"Ember 2024 x outlook consensus (data/demand_outlooks.csv), IEA WEO25 STEPS regional shape"
TG,2.81,Africa,1.2724,"Ember 2024 x outlook consensus (data/demand_outlooks.csv), IEA WEO25 STEPS regional shape"
TH,295.67,Southeast Asia,1.2748,"Ember 2024 x outlook consensus (data/demand_outlooks.csv), IEA WEO25 STEPS regional shape"
TJ,22.87,Caspian,1.1666,"Ember 2024 x outlook consensus (data/demand_outlooks.csv), IEA WEO25 STEPS regional shape"
TL,0.59,rest of Asia Pacific,1.1619,"Ember 2024 x outlook consensus (data/demand_outlooks.csv), IEA WEO25 STEPS regional shape"
TM,28.01,Caspian,1.1666,"Ember 2024 x outlook consensus (data/demand_outlooks.csv), IEA WEO25 STEPS regional shape"
TN,30.49,Africa,1.2724,"Ember 2024 x outlook consensus (data/demand_outlooks.csv), IEA WEO25 STEPS regional shape"
TO,0.08,rest of Asia Pacific,1.1619,"Ember 2024 x outlook consensus (data/demand_outlooks.csv), IEA WEO25 STEPS regional shape"
TR,389.48,rest of Europe,1.1447,"Ember 2024 x outlook consensus (data/demand_outlooks.csv), IEA WEO25 STEPS regional shape"
TT,11.34,rest of Central and South America,1.1873,"Ember 2024 x outlook consensus (data/demand_outlooks.csv), IEA WEO25 STEPS regional shape"
TW,335.29,rest of Asia Pacific,1.1619,"Ember 2024 x outlook consensus (data/demand_outlooks.csv), IEA WEO25 STEPS regional shape"
TZ,11.49,Africa,1.2724,"Ember 2024 x outlook consensus (data/demand_outlooks.csv), IEA WEO25 STEPS regional shape"
UA,127.76,rest of Europe,1.1447,"Ember 2024 x outlook consensus (data/demand_outlooks.csv), IEA WEO25 STEPS regional shape"
UG,6.83,Africa,1.2724,"Ember 2024 x outlook consensus (data/demand_outlooks.csv), IEA WEO25 STEPS regional shape"
US,4820.63,United States,1.0944,"Ember 2024 x outlook consensus (data/demand_outlooks.csv), IEA WEO25 STEPS regional shape"
UY,17.24,rest of Central and South America,1.1873,"Ember 2024 x outlook consensus (data/demand_outlooks.csv), IEA WEO25 STEPS regional shape"
UZ,98.49,Caspian,1.1666,"Ember 2024 x outlook consensus (data/demand_outlooks.csv), IEA WEO25 STEPS regional shape"
VC,0.18,rest of Central and South America,1.1873,"Ember 2024 x outlook consensus (data/demand_outlooks.csv), IEA WEO25 STEPS regional shape"
VE,95.14,rest of Central and South America,1.1873,"Ember 2024 x outlook consensus (data/demand_outlooks.csv), IEA WEO25 STEPS regional shape"
VG,0.2,rest of Central and South America,1.1873,"Ember 2024 x outlook consensus (data/demand_outlooks.csv), IEA WEO25 STEPS regional shape"
VI,0.81,rest of Central and South America,1.1873,"Ember 2024 x outlook consensus (data/demand_outlooks.csv), IEA WEO25 STEPS regional shape"
VN,391.6,Southeast Asia,1.2748,"Ember 2024 x outlook consensus (data/demand_outlooks.csv), IEA WEO25 STEPS regional shape"
VU,0.09,rest of Asia Pacific,1.1619,"Ember 2024 x outlook consensus (data/demand_outlooks.csv), IEA WEO25 STEPS regional shape"
WS,0.19,rest of Asia Pacific,1.1619,"Ember 2024 x outlook consensus (data/demand_outlooks.csv), IEA WEO25 STEPS regional shape"
XK,8.34,rest of Europe,1.1447,"Ember 2024 x outlook consensus (data/demand_outlooks.csv), IEA WEO25 STEPS regional shape"
YE,6.39,Middle East,1.2162,"Ember 2024 x outlook consensus (data/demand_outlooks.csv), IEA WEO25 STEPS regional shape"
ZA,313.29,Africa,1.2724,"Ember 2024 x outlook consensus (data/demand_outlooks.csv), IEA WEO25 STEPS regional shape"
ZM,21.12,Africa,1.2724,"Ember 2024 x outlook consensus (data/demand_outlooks.csv), IEA WEO25 STEPS regional shape"
ZW,15.4,Africa,1.2724,"Ember 2024 x outlook consensus (data/demand_outlooks.csv), IEA WEO25 STEPS regional shape"
