,"This datasheet has been prepared by Solargis, under the contract to The World Bank Group. It is published as a partial output of the Global Photovoltaic Power Potential Study, analysing data from the Global Solar Atlas, World Bank Open Data and other public sources. It is a part of global ESMAP initiative on Renewable Energy Resource Mapping, to support the appropriate scale-up of solar power in the worldwide energy mix."
,"The methodology and details behind the data are discussed in the study, available at the Global Solar Atlas website (https://globalsolaratlas.info/global-pv-potential-study/). The study provides an aggregated and harmonized view on solar resource and the potential for development of utility-scale photovoltaic  power plants from the perspective of countries or regions. Based on consistent, high-resolution, and trusted data and replicable methodology; this study presents:
  • Ranking and comparison of countries and regions according to their solar and PV power potential
  • Approximate Levelized Cost of Electricity relevant to current PV projects
  • Cross-correlation with the socio-economic indicators, relevant to PV development	
  • Country factsheets with analytical data and relative position in the global context"
,"The findings are relevant to policymakers, project developers, financial and academic sectors, as well as professionals and individuals interested in solar energy."
,
,
,"Disclaimer: Neither Solargis nor the World Bank Group shall be held responsible for the accuracy and/or completeness of the data and liable for any errors or omissions. It is strongly advised that the data be limited to use in informing policy discussions on the subject. As such, neither Solargis nor the World Bank Group will be liable for any damages related to the use of the study for financial commitments or any similar cases."
,
,March 2020
,
,Project web site within Global Solar Atlas:
,https://globalsolaratlas.info/global-pv-potential-study/
,
,Web sites of the World Bank Group and Solargis:
,https://esmap.org
,https://solargis.com
