source,table,country_or_project,technology,capacity_mw,overnight_cost_value,currency,currency_year,unit,notes,source_url,usd2024_per_kw
IEA/NEA Projected Costs of Generating Electricity 2020,Table 3.4a Nuclear generating technologies - New build (p. 49),France,EPR,1650,4013.0,USD,2018.0,per kW,"Country-submitted generic plant, net capacity; overnight cost = pre-construction (owner's) + EPC + contingency (15 % of overnight for nuclear), excl. interest during construction; investment cost incl. IDC: 4459 / 5132 / 5705 USD/kWe at 3/7/10 %",https://iea.blob.core.windows.net/assets/ae17da3d-e8a5-4163-a3ec-2e6fb0b5677d/Projected-Costs-of-Generating-Electricity-2020.pdf,5013.137654466025
IEA/NEA Projected Costs of Generating Electricity 2020,Table 3.4a Nuclear generating technologies - New build (p. 49),Japan,ALWR,1152,3963.0,USD,2018.0,per kW,"Country-submitted generic plant, net capacity; overnight cost = pre-construction (owner's) + EPC + contingency (15 % of overnight for nuclear), excl. interest during construction; investment 4402 / 5068 / 5633 USD/kWe at 3/7/10 %",https://iea.blob.core.windows.net/assets/ae17da3d-e8a5-4163-a3ec-2e6fb0b5677d/Projected-Costs-of-Generating-Electricity-2020.pdf,4950.676432755758
IEA/NEA Projected Costs of Generating Electricity 2020,Table 3.4a Nuclear generating technologies - New build (p. 49),Korea,ALWR,1377,2157.0,USD,2018.0,per kW,"Country-submitted generic plant, net capacity; overnight cost = pre-construction (owner's) + EPC + contingency (15 % of overnight for nuclear), excl. interest during construction; investment 2396 / 2759 / 3066 USD/kWe at 3/7/10 %",https://iea.blob.core.windows.net/assets/ae17da3d-e8a5-4163-a3ec-2e6fb0b5677d/Projected-Costs-of-Generating-Electricity-2020.pdf,2694.577104580916
IEA/NEA Projected Costs of Generating Electricity 2020,Table 3.4a Nuclear generating technologies - New build (p. 49),Russia,VVER,1122,2271.0,USD,2018.0,per kW,"Country-submitted generic plant, net capacity; overnight cost = pre-construction (owner's) + EPC + contingency (15 % of overnight for nuclear), excl. interest during construction; investment 2523 / 2904 / 3228 USD/kWe at 3/7/10 %",https://iea.blob.core.windows.net/assets/ae17da3d-e8a5-4163-a3ec-2e6fb0b5677d/Projected-Costs-of-Generating-Electricity-2020.pdf,2836.9886900803244
IEA/NEA Projected Costs of Generating Electricity 2020,Table 3.4a Nuclear generating technologies - New build (p. 49),Slovak Republic,Other nuclear,1004,6920.0,USD,2018.0,per kW,"Country-submitted generic plant, net capacity; overnight cost = pre-construction (owner's) + EPC + contingency (15 % of overnight for nuclear), excl. interest during construction; investment 7688 / 8850 / 9837 USD/kWe at 3/7/10 %",https://iea.blob.core.windows.net/assets/ae17da3d-e8a5-4163-a3ec-2e6fb0b5677d/Projected-Costs-of-Generating-Electricity-2020.pdf,8644.633084700945
IEA/NEA Projected Costs of Generating Electricity 2020,Table 3.4a Nuclear generating technologies - New build (p. 49),United States,LWR,1100,4250.0,USD,2018.0,per kW,"Country-submitted generic plant, net capacity; overnight cost = pre-construction (owner's) + EPC + contingency (15 % of overnight for nuclear), excl. interest during construction; investment 4721 / 5435 / 6041 USD/kWe at 3/7/10 %",https://iea.blob.core.windows.net/assets/ae17da3d-e8a5-4163-a3ec-2e6fb0b5677d/Projected-Costs-of-Generating-Electricity-2020.pdf,5309.20384537269
IEA/NEA Projected Costs of Generating Electricity 2020,Table 3.4a Nuclear generating technologies - New build (p. 49),China (non-OECD),LWR,950,2500.0,USD,2018.0,per kW,"Country-submitted generic plant, net capacity; overnight cost = pre-construction (owner's) + EPC + contingency (15 % of overnight for nuclear), excl. interest during construction; investment 2777 / 3197 / 3554 USD/kWe at 3/7/10 %",https://iea.blob.core.windows.net/assets/ae17da3d-e8a5-4163-a3ec-2e6fb0b5677d/Projected-Costs-of-Generating-Electricity-2020.pdf,3123.061085513347
IEA/NEA Projected Costs of Generating Electricity 2020,Table 3.4a Nuclear generating technologies - New build (p. 49),India (non-OECD),LWR,950,2778.0,USD,2018.0,per kW,"Country-submitted generic plant, net capacity; overnight cost = pre-construction (owner's) + EPC + contingency (15 % of overnight for nuclear), excl. interest during construction; investment 3086 / 3552 / 3949 USD/kWe at 3/7/10 %",https://iea.blob.core.windows.net/assets/ae17da3d-e8a5-4163-a3ec-2e6fb0b5677d/Projected-Costs-of-Generating-Electricity-2020.pdf,3470.345478222431
IEA/NEA Projected Costs of Generating Electricity 2020,Table 3.4b Nuclear generating technologies - Long-Term Operation (p. 49),Switzerland,Nuclear LTO (lifetime extension),1000,550.0,USD,2018.0,per kW,Overnight cost of long-term operation refurbishment per kWe of an existing 1000 MWe plant; investment 567/589/606 USD/kWe at 3/7/10 %,https://iea.blob.core.windows.net/assets/ae17da3d-e8a5-4163-a3ec-2e6fb0b5677d/Projected-Costs-of-Generating-Electricity-2020.pdf,687.0734388129364
IEA/NEA Projected Costs of Generating Electricity 2020,Table 3.4b Nuclear generating technologies - Long-Term Operation (p. 49),France,Nuclear LTO (lifetime extension),1000,629.0,USD,2018.0,per kW,Overnight cost of long-term operation refurbishment per kWe of an existing 1000 MWe plant; investment 648/673/693 USD/kWe at 3/7/10 %,https://iea.blob.core.windows.net/assets/ae17da3d-e8a5-4163-a3ec-2e6fb0b5677d/Projected-Costs-of-Generating-Electricity-2020.pdf,785.7621691151581
IEA/NEA Projected Costs of Generating Electricity 2020,Table 3.4b Nuclear generating technologies - Long-Term Operation (p. 49),Sweden,Nuclear LTO (lifetime extension),1000,444.0,USD,2018.0,per kW,Overnight cost of long-term operation refurbishment per kWe of an existing 1000 MWe plant; investment 457/475/489 USD/kWe at 3/7/10 %,https://iea.blob.core.windows.net/assets/ae17da3d-e8a5-4163-a3ec-2e6fb0b5677d/Projected-Costs-of-Generating-Electricity-2020.pdf,554.6556487871704
IEA/NEA Projected Costs of Generating Electricity 2020,Table 3.4b Nuclear generating technologies - Long-Term Operation (p. 49),United States,Nuclear LTO (lifetime extension),1000,391.0,USD,2018.0,per kW,Overnight cost of long-term operation refurbishment per kWe of an existing 1000 MWe plant; investment 403/419/431 USD/kWe at 3/7/10 %,https://iea.blob.core.windows.net/assets/ae17da3d-e8a5-4163-a3ec-2e6fb0b5677d/Projected-Costs-of-Generating-Electricity-2020.pdf,488.44675377428746
IEA/NEA Projected Costs of Generating Electricity 2020,Table 3.1 Summary statistics (p. 43),"8 countries (FR, JP, KR, RU, SK, US, CN, IN)",Nuclear new build,"950-1650 (mean 1234, median 1137)",3606.0,USD,2018.0,per kW,"Mean of the 8 country datasets; min 2157, median 3370, max 6920 USD/kWe",https://iea.blob.core.windows.net/assets/ae17da3d-e8a5-4163-a3ec-2e6fb0b5677d/Projected-Costs-of-Generating-Electricity-2020.pdf,4504.703309744452
IEA/NEA Projected Costs of Generating Electricity 2020,Table 3.1 Summary statistics (p. 43),"4 countries (CH, FR, SE, US)",Nuclear LTO,1000,504.0,USD,2018.0,per kW,"Mean; min 391, median 497, max 629 USD/kWe",https://iea.blob.core.windows.net/assets/ae17da3d-e8a5-4163-a3ec-2e6fb0b5677d/Projected-Costs-of-Generating-Electricity-2020.pdf,629.6091148394909
"NEA (2020) Unlocking Reductions in the Construction Costs of Nuclear, NEA No. 7530",Table 1 Construction costs of recent FOAK Gen-III/III+ projects (p. 23) - initial announced budget,"Sanmen 1, 2 (China)",AP1000,2 x 1000,2044.0,USD,,per kW,"Initial announced budget; 'NEA analysis based on publicly available information'; same table reproduced as Table 8.2 (p. 152) of EGC 2020; construction start 2009; initial announced construction time 5 y, ex-post 9 y",https://www.oecd-nea.org/upload/docs/application/pdf/2020-07/7530-reducing-cost-nuclear-construction.pdf,
"NEA (2020) Unlocking Reductions in the Construction Costs of Nuclear, NEA No. 7530",Table 1 Construction costs of recent FOAK Gen-III/III+ projects (p. 23) - ex-post construction cost,"Sanmen 1, 2 (China)",AP1000,2 x 1000,3154.0,USD,,per kW,"Ex-post construction cost (labelled 'actual construction cost' in EGC 2020 Table 8.2); construction start 2009; initial announced construction time 5 y, ex-post 9 y",https://www.oecd-nea.org/upload/docs/application/pdf/2020-07/7530-reducing-cost-nuclear-construction.pdf,
"NEA (2020) Unlocking Reductions in the Construction Costs of Nuclear, NEA No. 7530",Table 1 Construction costs of recent FOAK Gen-III/III+ projects (p. 23) - initial announced budget,"Vogtle 3, 4 (United States)",AP1000,2 x 1117,4300.0,USD,,per kW,"Initial announced budget; 'NEA analysis based on publicly available information'; same table reproduced as Table 8.2 (p. 152) of EGC 2020; construction start 2013; 4 y announced, 8/9 y ex-post (estimate at publication)",https://www.oecd-nea.org/upload/docs/application/pdf/2020-07/7530-reducing-cost-nuclear-construction.pdf,
"NEA (2020) Unlocking Reductions in the Construction Costs of Nuclear, NEA No. 7530",Table 1 Construction costs of recent FOAK Gen-III/III+ projects (p. 23) - ex-post construction cost,"Vogtle 3, 4 (United States)",AP1000,2 x 1117,8600.0,USD,,per kW,"Ex-post construction cost (labelled 'actual construction cost' in EGC 2020 Table 8.2); construction start 2013; 4 y announced, 8/9 y ex-post (estimate at publication)",https://www.oecd-nea.org/upload/docs/application/pdf/2020-07/7530-reducing-cost-nuclear-construction.pdf,
"NEA (2020) Unlocking Reductions in the Construction Costs of Nuclear, NEA No. 7530",Table 1 Construction costs of recent FOAK Gen-III/III+ projects (p. 23) - initial announced budget,"Shin Kori 3, 4 (Korea)",APR1400,2 x 1340,1828.0,USD,,per kW,"Initial announced budget; 'NEA analysis based on publicly available information'; same table reproduced as Table 8.2 (p. 152) of EGC 2020; construction start 2012 (EGC 2020 Table 8.2 says 2008); 5 y announced, 8/10 y ex-post",https://www.oecd-nea.org/upload/docs/application/pdf/2020-07/7530-reducing-cost-nuclear-construction.pdf,
"NEA (2020) Unlocking Reductions in the Construction Costs of Nuclear, NEA No. 7530",Table 1 Construction costs of recent FOAK Gen-III/III+ projects (p. 23) - ex-post construction cost,"Shin Kori 3, 4 (Korea)",APR1400,2 x 1340,2410.0,USD,,per kW,"Ex-post construction cost (labelled 'actual construction cost' in EGC 2020 Table 8.2); construction start 2012 (EGC 2020 Table 8.2 says 2008); 5 y announced, 8/10 y ex-post",https://www.oecd-nea.org/upload/docs/application/pdf/2020-07/7530-reducing-cost-nuclear-construction.pdf,
"NEA (2020) Unlocking Reductions in the Construction Costs of Nuclear, NEA No. 7530",Table 1 Construction costs of recent FOAK Gen-III/III+ projects (p. 23) - initial announced budget,Olkiluoto 3 (Finland),EPR,1 x 1630,2020.0,USD,,per kW,"Initial announced budget; 'NEA analysis based on publicly available information'; same table reproduced as Table 8.2 (p. 152) of EGC 2020; construction start 2005; 5 y announced, 16 y ex-post (estimate); ex-post cost given as '>5 723'",https://www.oecd-nea.org/upload/docs/application/pdf/2020-07/7530-reducing-cost-nuclear-construction.pdf,
"NEA (2020) Unlocking Reductions in the Construction Costs of Nuclear, NEA No. 7530",Table 1 Construction costs of recent FOAK Gen-III/III+ projects (p. 23) - ex-post construction cost,Olkiluoto 3 (Finland),EPR,1 x 1630,5723.0,USD,,per kW,"Ex-post construction cost (labelled 'actual construction cost' in EGC 2020 Table 8.2); construction start 2005; 5 y announced, 16 y ex-post (estimate); ex-post cost given as '>5 723'",https://www.oecd-nea.org/upload/docs/application/pdf/2020-07/7530-reducing-cost-nuclear-construction.pdf,
"NEA (2020) Unlocking Reductions in the Construction Costs of Nuclear, NEA No. 7530",Table 1 Construction costs of recent FOAK Gen-III/III+ projects (p. 23) - initial announced budget,Flamanville 3 (France),EPR,1 x 1600,1886.0,USD,,per kW,"Initial announced budget; 'NEA analysis based on publicly available information'; same table reproduced as Table 8.2 (p. 152) of EGC 2020; construction start 2007; 5 y announced, 15 y ex-post (estimate)",https://www.oecd-nea.org/upload/docs/application/pdf/2020-07/7530-reducing-cost-nuclear-construction.pdf,
"NEA (2020) Unlocking Reductions in the Construction Costs of Nuclear, NEA No. 7530",Table 1 Construction costs of recent FOAK Gen-III/III+ projects (p. 23) - ex-post construction cost,Flamanville 3 (France),EPR,1 x 1600,8620.0,USD,,per kW,"Ex-post construction cost (labelled 'actual construction cost' in EGC 2020 Table 8.2); construction start 2007; 5 y announced, 15 y ex-post (estimate)",https://www.oecd-nea.org/upload/docs/application/pdf/2020-07/7530-reducing-cost-nuclear-construction.pdf,
"NEA (2020) Unlocking Reductions in the Construction Costs of Nuclear, NEA No. 7530",Table 1 Construction costs of recent FOAK Gen-III/III+ projects (p. 23) - initial announced budget,"Taishan 1, 2 (China)",EPR,2 x 1660,1960.0,USD,,per kW,"Initial announced budget; 'NEA analysis based on publicly available information'; same table reproduced as Table 8.2 (p. 152) of EGC 2020; construction start 2009; 4.5 y announced, 9 y ex-post",https://www.oecd-nea.org/upload/docs/application/pdf/2020-07/7530-reducing-cost-nuclear-construction.pdf,
"NEA (2020) Unlocking Reductions in the Construction Costs of Nuclear, NEA No. 7530",Table 1 Construction costs of recent FOAK Gen-III/III+ projects (p. 23) - ex-post construction cost,"Taishan 1, 2 (China)",EPR,2 x 1660,3222.0,USD,,per kW,"Ex-post construction cost (labelled 'actual construction cost' in EGC 2020 Table 8.2); construction start 2009; 4.5 y announced, 9 y ex-post",https://www.oecd-nea.org/upload/docs/application/pdf/2020-07/7530-reducing-cost-nuclear-construction.pdf,
"NEA (2020) Unlocking Reductions in the Construction Costs of Nuclear, NEA No. 7530",Table 1 Construction costs of recent FOAK Gen-III/III+ projects (p. 23) - initial announced budget,Novovoronezh II-1 & 2 (Russia),VVER-1200,2 x 1114,2244.0,USD,,per kW,"Initial announced budget; 'NEA analysis based on publicly available information'; same table reproduced as Table 8.2 (p. 152) of EGC 2020; construction start 2008; 4 y announced, 8/10 y ex-post; ex-post cost: no data available",https://www.oecd-nea.org/upload/docs/application/pdf/2020-07/7530-reducing-cost-nuclear-construction.pdf,
"NEA (2020) Unlocking Reductions in the Construction Costs of Nuclear, NEA No. 7530",Box 5 Optimism bias (p. 45-46),"AP1000 (advertised OCC evolution, US)",AP1000,,2000.0,USD,,per kW,"Advertised overnight cost, early estimate; increased to 4500 then 8600 USD/kWe (MIT 2018)",https://www.oecd-nea.org/upload/docs/application/pdf/2020-07/7530-reducing-cost-nuclear-construction.pdf,
"NEA (2020) Unlocking Reductions in the Construction Costs of Nuclear, NEA No. 7530",Box 5 Optimism bias (p. 45-46),"AP1000 (advertised OCC evolution, US)",AP1000,,8600.0,USD,,per kW,Latest advertised overnight cost in the sequence 2000 -> 4500 -> 8600 USD/kWe,https://www.oecd-nea.org/upload/docs/application/pdf/2020-07/7530-reducing-cost-nuclear-construction.pdf,
"NEA (2020) Unlocking Reductions in the Construction Costs of Nuclear, NEA No. 7530",Box 5 Optimism bias (p. 45-46),NuScale (pre-conceptual vs current),NuScale SMR,,1200.0,USD,,per kW,Early pre-conceptual estimate; 'now projected to be approximately USD 5 100/kWe',https://www.oecd-nea.org/upload/docs/application/pdf/2020-07/7530-reducing-cost-nuclear-construction.pdf,
"NEA (2020) Unlocking Reductions in the Construction Costs of Nuclear, NEA No. 7530",Box 5 Optimism bias (p. 45-46),NuScale (pre-conceptual vs current),NuScale SMR,,5100.0,USD,,per kW,Projected overnight cost at time of writing (2020),https://www.oecd-nea.org/upload/docs/application/pdf/2020-07/7530-reducing-cost-nuclear-construction.pdf,
"NEA (2020) Unlocking Reductions in the Construction Costs of Nuclear, NEA No. 7530",Box 5 Optimism bias (p. 45-46),Flamanville 3 (France),EPR,1600,2000.0,EUR,,per kW,Initial OCC per Folz (2019); increased to EUR 7 500/kWe,https://www.oecd-nea.org/upload/docs/application/pdf/2020-07/7530-reducing-cost-nuclear-construction.pdf,
"NEA (2020) Unlocking Reductions in the Construction Costs of Nuclear, NEA No. 7530",Box 5 Optimism bias (p. 45-46),Flamanville 3 (France),EPR,1600,7500.0,EUR,,per kW,OCC of the FOAK Flamanville EPR per Folz (2019),https://www.oecd-nea.org/upload/docs/application/pdf/2020-07/7530-reducing-cost-nuclear-construction.pdf,
"NEA (2020) Unlocking Reductions in the Construction Costs of Nuclear, NEA No. 7530",Figure 21 Key drivers of Flamanville 3 EPR cost overruns (p. 48),Flamanville 3 ex-post (France),EPR,1600,7575.0,EUR,,per kW,Stacked bar read from figure: budgeted 1697 + design maturity 1771 + project management/FOAK 1923 + regulatory changes 607 + delays 1577 = 7575 EUR/kWe (based on Folz 2019),https://www.oecd-nea.org/upload/docs/application/pdf/2020-07/7530-reducing-cost-nuclear-construction.pdf,
"NEA (2020) Unlocking Reductions in the Construction Costs of Nuclear, NEA No. 7530",Figure 21 Key drivers of Flamanville 3 EPR cost overruns (p. 48),"Taishan 1-2 ex-post, pro-forma adjusted (China)",EPR,1660,2900.0,EUR,,per kW,Pro-forma adjusted ex-post overnight cost from figure,https://www.oecd-nea.org/upload/docs/application/pdf/2020-07/7530-reducing-cost-nuclear-construction.pdf,
"NEA (2020) Unlocking Reductions in the Construction Costs of Nuclear, NEA No. 7530",Box 18 Russia's long-term industrial performance (p. 121),Russia (new build),VVER,,,,,,No absolute figure: 'overnight costs of new nuclear construction in Russia are 54 % below the OECD average' (preliminary EGC 2020 data),https://www.oecd-nea.org/upload/docs/application/pdf/2020-07/7530-reducing-cost-nuclear-construction.pdf,
NEA (2025) The NEA Small Modular Reactor Dashboard: Third Edition,"whole report (260 pp., data as of 2025-02-14)",74 SMR designs,SMR (various),,,,,,"Contains NO overnight or capital cost figures per design; only financing totals (USD2023 15.4 bn tracked, ~10 bn public + 5.4 bn private) and per-developer fundraising amounts (e.g. X-energy 700 mn, TerraPower 864 mn, newcleo 570 mn, Radiant 100 mn)",https://www.oecd-nea.org/upload/docs/application/pdf/2025-09/web_-_smr_dashboard_-_third_edition.pdf,
