technology,label,group,kind,in_default_mix,capex_power_usd_kw,capex_energy_usd_kwh,duration_h,fom_usd_kw_yr,vom_usd_mwh,efficiency,lifetime_yr,capacity_factor,cycles_per_yr,fuel_usd_mwh_th,existing_gw,pipeline_gw,lead_time_yr,max_build_rate_gw_yr,learning_rate,learning_on,learning_rate_2,learning_on_2,learning_basis,reference_site,section,currency_year,source,comment
nuclear-gen4,Gen IV nuclear,advanced,generation,yes,17000,,,151,4.9,0.40,60,0.9,,8.0,1.7,1.2,8,1,0.10,plant,,,decided,,,2024,Meeting 2026-09-30; GEM tracker (BN-600/800 HTR-PM CEFR PFBR operating; Xiapu CFR-600 absent); DOE Liftoff Advanced Nuclear 2024 FOAK,"Sodium/lead salt (Kairos-Google) and helium (China) cooled; FOAK assumption; pipeline = under construction (a further 2.9 GW pre-construction e.g. Kairos Hermes 2 TerraPower Natrium X-energy); efficiency 0.40 (Natrium design 345 MWe / 840 MWth, HTR-PM ~0.42); fuel 8.0 USD/MWh_th (raised from 5.0 on 2026-10-06) = HALEU at 23,725 USD/kgU (Nuclear Innovation Alliance 2023 baseline) over burnups of 100-150 GWd/t = 6.6-9.9 USD/MWh_th midpoint; fabrication excluded; 4 x LWR; build limit 1 GW/yr = ASSUMPTION, about the delivery rate of today's pipeline (1.2 GW construction + 2.9 GW pre-construction); GEM Gen IV starts 2016-2025: 0.3 GW (BREST-300, 2021)"
iron-air,Iron-air battery (100 h),advanced,storage,yes,,75,100,36,,0.41,17.5,,25,,0.002,0.4,1.5,,0.15,energy,,,analogy,,,2024,Google/Form Pine Island 300 MW / 30 GWh: ~1 bn USD after ITC = 33 $/kWh; ~2.3 bn pre-incentive = 77 $/kWh (Weaver ESS News Apr 2026); Form (2023) modelling recommendations,Fixed E/P 100 h. Unsubsidised current price (meeting 2026-09-30: 'above 35' is the post-ITC level; 22 by 2030 judged too optimistic); target 15-20 $/kWh. Efficiency = 0.70 x 0.59; FOM = Form 1 %/yr of 35 $/kWh x 100 h. Existing = Cambridge MN pilot; pipeline = Pine Island + Georgia + Maine. Analogy rate 15 % (Joule 2025 15 +- 5)
egs,Enhanced geothermal,advanced,generation,yes,7900,,,164,,,30,0.85,,,0.004,0.5,3,,0.15,drilling,0.10,plant,literature,Fervo Cape Station (Utah),,2024,Meeting 2026-09-30; Fervo Cape Station (500 MW by 2028); NREL ATB 2024 EGS classes; Ricks & Jenkins 2025 (Joule 9 101971; learning rates p. 4),"CAPEX 7900 and FOM 164 = the geothermal cost model (Ricks & Jenkins 2025) at the Fervo Cape Station cell per NET kW (misc-quarter1/geothermal build/site_check.csv: 7882 USD/kW at 5.5 km, plant 2559 + wells 5322; 15 % wellfield pumping netted out; CF 0.85; Fervo S-1 estimate ~7000 USD2025/kW, basis not stated); reference value only, LCOE site-specific (reference_site set), the model uses the per-cell supply curves of misc-quarter1/geothermal (cheapest 10 GW in the large modelled regions 4700-7600 USD/kW, median land cell ~16500; land as for onshore wind; the earlier 7500 reference level was dropped). HIGHLY HETEROGENEOUS: EGS cost depends on temperature at depth and drilling depth per site, so one scalar cannot represent it; the model uses the per-cell supply curves of misc-quarter1/geothermal (egs_potential) and this row is the reference level only. 7500 = order expected once a project figure exists (meeting 2026-09-30: ~7000 with drilling roughly half; Fervo's 3000 claim judged unlikely). Learning after Ricks & Jenkins 2025: 15 % per doubling on the wellfield (drilling + stimulation; from 500 MW by 2030) and 10 % on the surface binary plant (from ~4 GW); their extra 0.5 %/yr R&D decline is not carried. Fitted 34 % on Fervo USD/ft is evidence only. FOM placeholder of ATB order. Existing = Project Red"
sofc,"SOFC on gas, no CC",advanced,generation,yes,4100,,,205,,0.59,10,0.9,,20,1.4,,1,,0.30,plant,,,fitted,,,2024,Meeting 2026-09-30 (4100 without carbon capture); Bloom Energy 10-K series (fitted 30 %); technology-costs gap_fill 2495,Replaces CCGT + amine CC on the baseload side (turbine costs tripled). CC adder not yet costed; ~5 y stack life not reflected (report LCOE); FOM 5 %/yr DEA fuel-cell proxy; existing = Bloom cumulative deployment approx.; gas 20 USD/MWh_th global default (add liquefaction / LNG cost where LNG sets the price)
sofc-cc,"SOFC on gas, with CC",advanced,generation,yes,4740,,,237,4.5,0.55,10,0.9,,20,,,2,,0.30,plant,,,fitted,,sofc,2024,"SOFC row + capture adder from NETL (2022) DOE/NETL-2022-3259, atmospheric reference NGFC plant with vs without CCS (Exhibits ES-5/ES-6, June 2018 USD)","CAPEX = 4100 (SOFC row, Bloom) + 640 capture adder: NETL TOC 1627 vs 1116 USD2018/kW (+511, ASU + oxy-combustion of anode off-gas + CO2 purification/compression) x CPI 2018->2024 1.249; absolute adder because the capture equipment does not scale with the stack cost (NETL's 650 MW plant; small Bloom-size units would pay more per kW); efficiency 0.59 x 57.9/61.6 (NETL HHV with/without CCS) = 0.55; capture rate 97.8 %; FOM 5 % of CAPEX as the SOFC row; VOM 4.5 = CO2 transport and storage 10 USD2018/t (NETL QGESS) = 12.5 USD2024/t x 0.36 t captured per MWh; learning 30 % on the whole plant incl. the capture part (simplification)"
vrfb,Vanadium flow (8 h),advanced,storage,no,193.1,398.5,8,12.1,,0.806,12,,300,,1.0,,1,,0.22,energy,,,fitted,,,2024,technology-data v0.15.0; Schmidt et al. 2018 series (fitted 22 % chained; Schmidt published 13 +- 3),FOM = 4.7 $/kW/yr + 0.93 $/kWh/yr x 8 h; existing capacity TO FILL (order 1-2 GW); existing 1.0 GW = ~4.1 GWh installed by end-2024 (technology-costs learning series: Schmidt 2017 end 0.71 GWh + Project Blue China additions) at a typical 4 h
co2-battery,CO2 battery (10 h),advanced,storage,no,2449,244.9,10,,,0.75,30,,300,,0.0025,0.04,2,,0.05,energy,,,analogy,,,2024,Energy Dome disclosed range 220 EUR2023/kWh (technology-costs gap_fill); Sardinia 2.5 MW demo; Ottana 20 MW and Alliant Columbia 20 MW,No FOM published; analogy rate 5 %
solar-utility,Solar PV (utility),mature,generation,yes,655,,,14.4,,,37.5,0.18,,,1882,,1,,,none,,,exogenous,,,2024,technology-data v0.15.0 (DEA 2025 file); Ember 2024 capacity,Exogenous cost path in the model; fitted experience rate 33 % (technology-costs) kept for reference only
onwind,Onshore wind,mature,generation,yes,1584,,,19.6,2.1,,28.5,0.33,,,1051,,2,,,none,,,exogenous,,,2024,technology-data v0.15.0; Ember 2024 wind capacity less offshore,Existing = 1134 GW wind (Ember) minus 83 GW offshore (GWEC); fitted rate 24 % for reference
offwind,Offshore wind,mature,generation,yes,2449,,,58.1,0.03,,30,0.45,,,83,,4,,,none,,,exogenous,,,2024,technology-data v0.15.0; GWEC Global Offshore Wind Report 2025,Existing approx. (GWEC end-2024)
hydro,Hydro (reservoir),mature,generation,yes,3180,,,31.8,,,80,0.45,,,1278,,6,,,none,,,exogenous,,,2024,technology-data v0.15.0; Ember 2024,Existing = all hydro incl. run-of-river; fixed existing fleet in the model
ror,Hydro (run-of-river),mature,generation,yes,4770,,,95.4,,,80,0.45,,,,,4,,,none,,,exogenous,,,2024,technology-data v0.15.0,Existing fleet counted under hydro
geothermal,Geothermal (hydrothermal),mature,generation,yes,4887,,,127.7,,,30,0.9,,,15.6,7.0,4,,,none,,,exogenous,,,2024,NREL ATB 2024 hydrothermal flash (USD2022 x 1.072); IRENA installed; GEM pipeline,From misc-quarter1/geothermal; binary class 6420 $/kW; resource-limited (potential_best per country)
biomass,Biomass,mature,generation,yes,3249,,,147.1,,0.30,30,0.6,,19.1,128,,3,,,none,,,exogenous,,,2024,"technology-data v0.15.0 (investment, FOM, lifetime: legacy 'biomass' entry, DIW 2013; fuel: 'solid biomass' JRC ENSPRESO forest-residue chips 17.33 EUR2025/MWh_th; efficiency: DEA 09c straw, large, electricity 0.30); Ember 2024","Fuel 19.1 USD/MWh_th = technology-data 'solid biomass' (was the legacy 'biomass' 10.3, IEA 2011); efficiency 0.30 = DEA large straw plant net electrical efficiency (was the legacy 0.468, DIW 2013); traded chips / pellets cost more"
nuclear-lwr-cnin,"LWR nuclear, China + India",mature,generation,yes,3150,,,151,4.9,0.326,60,0.9,,2.0,72.8,49.5,6,12,0,none,,,decided,,,2024,Meeting 2026-09-30; GEM Global Nuclear Power Tracker Aug 2026 (nuclear-projects); FOM/VOM from technology-data nuclear,"Large and SMR LWR in one bin; State Council approvals and NPCIL budgets 2100-3300 $/kW. Existing = all non-Gen-IV fission operating in CN+IN (LWR 66.6 GW); pipeline = under construction. Build limit from GEM starts: China ~10 GW/yr (11 in 2025) India ~2 GW/yr; median build 6 y (CN) / 14 y (IN); fuel 2.0 USD/MWh_th (~6 USD/MWh_el) from the DOE Liftoff split (fuel 15-20 % of ~31 USD/MWh US generating cost); technology-data 8.2 (TYNDP 2024) too high; build limit 12 GW/yr = GEM construction starts China ~10-11 (11.0 GW in 2025) + India ~2; moved to the mature group 2026-10-05 (no learning, constant cost from project data)"
nuclear-lwr-row,"LWR nuclear, rest of world",mature,generation,yes,11000,,,151,4.9,0.326,60,0.9,,2.0,333.3,40.2,10,7,0,none,,,decided,,,2024,Meeting 2026-09-30; project cost strip (nuclear-projects): West large LWR mean 10900 median 9900 SMR-LWR mean 13300 USD2024/kW; technology-data nuclear-large 11900,"Minor learning discussed but set to 0. Caveat: Korea (3200-3500) Russia (4000-7000) Brazil cheaper; no project evidence that LWR SMRs are cheaper than large LWRs. Existing = non-Gen-IV fission operating outside CN+IN (LWR 301 GW); pipeline = under construction (mostly Rosatom/KHNP exports); Western starts 1-3 GW/yr; fuel 2.0 USD/MWh_th (~6 USD/MWh_el) from the DOE Liftoff split (fuel 15-20 % of ~31 USD/MWh US generating cost); technology-data 8.2 (TYNDP 2024) too high; build limit 7 GW/yr = most construction started outside China/India in any year 2016-2025 (7.2 GW in 2024, GEM; 2021-25 mean 3.7); moved to the mature group 2026-10-05 (no learning, constant cost from project data)"
CCGT,Gas CCGT,mature,generation,yes,2500,,,42.0,6.3,0.57,25,0.55,,20,1680,,3,,,none,,,exogenous,,,2024,technology-data v0.15.0 (DEA); Ember 2024 gas capacity,Existing 1680 = Ember 2024 gas capacity 2036 minus the 356 GW of open-cycle GTs (OCGT row); includes gas steam and engine plants (GEM GOGPT Aug 2026: CC 1409 GW operating). CAPEX 2500 = recent US/EU new-build quotes during the turbine shortage (2000-2500); technology-data (DEA) pre-shortage 1257. Gas 20 USD/MWh_th global default (technology-data 47.2); regional calibration prices override
OCGT,Gas OCGT,mature,generation,yes,1300,,,11.6,6.6,0.405,25,0.1,,20,356,,2,,,none,,,exogenous,,,2024,technology-data v0.15.0 (DEA); GEM Global Oil and Gas Plant Tracker Aug 2026 (summary table by technology),"Existing 356 GW = operating gas turbines (GT, open cycle) in GEM GOGPT Aug 2026, incl. some oil-fired units; CAPEX = technology-data (DEA) 654 scaled by the CCGT update (2500/1257), i.e. the DEA OCGT/CCGT ratio kept; gas 20 USD/MWh_th as CCGT"
battery-liion,Li-ion battery (4 h),mature,storage,yes,316.5,275.3,4,41.2,,0.955,22.5,,300,,124,,1,,,none,,,exogenous,,,2024,technology-data v0.15.0; FOM override 40 USD2023/kW/yr (technology-costs gap_fill); IEA Electricity 2026 (utility-scale batteries end-2024),"Round-trip efficiency; existing 124 GW = IEA utility-scale batteries end-2024 (all chemistries, almost all Li-ion); was TO FILL (IEA / Ember end-2024)"
PHS,Pumped hydro (10 h),mature,storage,yes,1934,79.0,10,22.6,,0.894,60,,300,,180,,8,,,none,,,exogenous,,,2024,technology-data v0.15.0; IHA World Hydropower Outlook (approx.),FOM = 19.2 $/kW/yr + 0.34 $/kWh/yr x 10 h; fixed existing fleet in the model
