technology,component,year,value,unit,currency,currency_year,capacity,capacity_unit,scope,series,derived,context,source,url,note,fx_mode,citation
solar-utility,plant,2010,5283.0,USD/kW,USD,2024,41.488,GW,plant,irena-rpgc-2024,False,False,"IRENA (2025), Renewable power generation costs in 2024, Figure 3.2: global weighted-average total installed cost of utility-scale PV (2024 USD/kW); cumulative capacity: IRENA Renewable Capacity Statistics (all PV, global) via Our World in Data",https://www.irena.org/-/media/Files/IRENA/Agency/Publication/2025/Jul/IRENA_TEC_RPGC_in_2024_2025.pdf,TIC of projects commissioned in the year; capacity is total installed PV (utility + distributed) at year end,price_year,"IRENA (2025), Renewable Power Generation Costs in 2024"
solar-utility,plant,2011,4659.0,USD/kW,USD,2024,72.658,GW,plant,irena-rpgc-2024,False,False,"IRENA (2025), Renewable power generation costs in 2024, Figure 3.2: global weighted-average total installed cost of utility-scale PV (2024 USD/kW); cumulative capacity: IRENA Renewable Capacity Statistics (all PV, global) via Our World in Data",https://www.irena.org/-/media/Files/IRENA/Agency/Publication/2025/Jul/IRENA_TEC_RPGC_in_2024_2025.pdf,TIC of projects commissioned in the year; capacity is total installed PV (utility + distributed) at year end,price_year,"IRENA (2025), Renewable Power Generation Costs in 2024"
solar-utility,plant,2012,3537.0,USD/kW,USD,2024,102.816,GW,plant,irena-rpgc-2024,False,False,"IRENA (2025), Renewable power generation costs in 2024, Figure 3.2: global weighted-average total installed cost of utility-scale PV (2024 USD/kW); cumulative capacity: IRENA Renewable Capacity Statistics (all PV, global) via Our World in Data",https://www.irena.org/-/media/Files/IRENA/Agency/Publication/2025/Jul/IRENA_TEC_RPGC_in_2024_2025.pdf,TIC of projects commissioned in the year; capacity is total installed PV (utility + distributed) at year end,price_year,"IRENA (2025), Renewable Power Generation Costs in 2024"
solar-utility,plant,2013,3107.0,USD/kW,USD,2024,139.687,GW,plant,irena-rpgc-2024,False,False,"IRENA (2025), Renewable power generation costs in 2024, Figure 3.2: global weighted-average total installed cost of utility-scale PV (2024 USD/kW); cumulative capacity: IRENA Renewable Capacity Statistics (all PV, global) via Our World in Data",https://www.irena.org/-/media/Files/IRENA/Agency/Publication/2025/Jul/IRENA_TEC_RPGC_in_2024_2025.pdf,TIC of projects commissioned in the year; capacity is total installed PV (utility + distributed) at year end,price_year,"IRENA (2025), Renewable Power Generation Costs in 2024"
solar-utility,plant,2014,2849.0,USD/kW,USD,2024,178.848,GW,plant,irena-rpgc-2024,False,False,"IRENA (2025), Renewable power generation costs in 2024, Figure 3.2: global weighted-average total installed cost of utility-scale PV (2024 USD/kW); cumulative capacity: IRENA Renewable Capacity Statistics (all PV, global) via Our World in Data",https://www.irena.org/-/media/Files/IRENA/Agency/Publication/2025/Jul/IRENA_TEC_RPGC_in_2024_2025.pdf,TIC of projects commissioned in the year; capacity is total installed PV (utility + distributed) at year end,price_year,"IRENA (2025), Renewable Power Generation Costs in 2024"
solar-utility,plant,2015,2140.0,USD/kW,USD,2024,226.598,GW,plant,irena-rpgc-2024,False,False,"IRENA (2025), Renewable power generation costs in 2024, Figure 3.2: global weighted-average total installed cost of utility-scale PV (2024 USD/kW); cumulative capacity: IRENA Renewable Capacity Statistics (all PV, global) via Our World in Data",https://www.irena.org/-/media/Files/IRENA/Agency/Publication/2025/Jul/IRENA_TEC_RPGC_in_2024_2025.pdf,TIC of projects commissioned in the year; capacity is total installed PV (utility + distributed) at year end,price_year,"IRENA (2025), Renewable Power Generation Costs in 2024"
solar-utility,plant,2016,1958.0,USD/kW,USD,2024,298.507,GW,plant,irena-rpgc-2024,False,False,"IRENA (2025), Renewable power generation costs in 2024, Figure 3.2: global weighted-average total installed cost of utility-scale PV (2024 USD/kW); cumulative capacity: IRENA Renewable Capacity Statistics (all PV, global) via Our World in Data",https://www.irena.org/-/media/Files/IRENA/Agency/Publication/2025/Jul/IRENA_TEC_RPGC_in_2024_2025.pdf,TIC of projects commissioned in the year; capacity is total installed PV (utility + distributed) at year end,price_year,"IRENA (2025), Renewable Power Generation Costs in 2024"
solar-utility,plant,2017,1683.0,USD/kW,USD,2024,392.343,GW,plant,irena-rpgc-2024,False,False,"IRENA (2025), Renewable power generation costs in 2024, Figure 3.2: global weighted-average total installed cost of utility-scale PV (2024 USD/kW); cumulative capacity: IRENA Renewable Capacity Statistics (all PV, global) via Our World in Data",https://www.irena.org/-/media/Files/IRENA/Agency/Publication/2025/Jul/IRENA_TEC_RPGC_in_2024_2025.pdf,TIC of projects commissioned in the year; capacity is total installed PV (utility + distributed) at year end,price_year,"IRENA (2025), Renewable Power Generation Costs in 2024"
solar-utility,plant,2018,1438.0,USD/kW,USD,2024,487.846,GW,plant,irena-rpgc-2024,False,False,"IRENA (2025), Renewable power generation costs in 2024, Figure 3.2: global weighted-average total installed cost of utility-scale PV (2024 USD/kW); cumulative capacity: IRENA Renewable Capacity Statistics (all PV, global) via Our World in Data",https://www.irena.org/-/media/Files/IRENA/Agency/Publication/2025/Jul/IRENA_TEC_RPGC_in_2024_2025.pdf,TIC of projects commissioned in the year; capacity is total installed PV (utility + distributed) at year end,price_year,"IRENA (2025), Renewable Power Generation Costs in 2024"
solar-utility,plant,2019,1188.0,USD/kW,USD,2024,590.12,GW,plant,irena-rpgc-2024,False,False,"IRENA (2025), Renewable power generation costs in 2024, Figure 3.2: global weighted-average total installed cost of utility-scale PV (2024 USD/kW); cumulative capacity: IRENA Renewable Capacity Statistics (all PV, global) via Our World in Data",https://www.irena.org/-/media/Files/IRENA/Agency/Publication/2025/Jul/IRENA_TEC_RPGC_in_2024_2025.pdf,TIC of projects commissioned in the year; capacity is total installed PV (utility + distributed) at year end,price_year,"IRENA (2025), Renewable Power Generation Costs in 2024"
solar-utility,plant,2020,1044.0,USD/kW,USD,2024,721.222,GW,plant,irena-rpgc-2024,False,False,"IRENA (2025), Renewable power generation costs in 2024, Figure 3.2: global weighted-average total installed cost of utility-scale PV (2024 USD/kW); cumulative capacity: IRENA Renewable Capacity Statistics (all PV, global) via Our World in Data",https://www.irena.org/-/media/Files/IRENA/Agency/Publication/2025/Jul/IRENA_TEC_RPGC_in_2024_2025.pdf,TIC of projects commissioned in the year; capacity is total installed PV (utility + distributed) at year end,price_year,"IRENA (2025), Renewable Power Generation Costs in 2024"
solar-utility,plant,2021,973.0,USD/kW,USD,2024,865.921,GW,plant,irena-rpgc-2024,False,False,"IRENA (2025), Renewable power generation costs in 2024, Figure 3.2: global weighted-average total installed cost of utility-scale PV (2024 USD/kW); cumulative capacity: IRENA Renewable Capacity Statistics (all PV, global) via Our World in Data",https://www.irena.org/-/media/Files/IRENA/Agency/Publication/2025/Jul/IRENA_TEC_RPGC_in_2024_2025.pdf,TIC of projects commissioned in the year; capacity is total installed PV (utility + distributed) at year end,price_year,"IRENA (2025), Renewable Power Generation Costs in 2024"
solar-utility,plant,2022,930.0,USD/kW,USD,2024,1057.868,GW,plant,irena-rpgc-2024,False,False,"IRENA (2025), Renewable power generation costs in 2024, Figure 3.2: global weighted-average total installed cost of utility-scale PV (2024 USD/kW); cumulative capacity: IRENA Renewable Capacity Statistics (all PV, global) via Our World in Data",https://www.irena.org/-/media/Files/IRENA/Agency/Publication/2025/Jul/IRENA_TEC_RPGC_in_2024_2025.pdf,TIC of projects commissioned in the year; capacity is total installed PV (utility + distributed) at year end,price_year,"IRENA (2025), Renewable Power Generation Costs in 2024"
solar-utility,plant,2023,776.0,USD/kW,USD,2024,1423.988,GW,plant,irena-rpgc-2024,False,False,"IRENA (2025), Renewable power generation costs in 2024, Figure 3.2: global weighted-average total installed cost of utility-scale PV (2024 USD/kW); cumulative capacity: IRENA Renewable Capacity Statistics (all PV, global) via Our World in Data",https://www.irena.org/-/media/Files/IRENA/Agency/Publication/2025/Jul/IRENA_TEC_RPGC_in_2024_2025.pdf,TIC of projects commissioned in the year; capacity is total installed PV (utility + distributed) at year end,price_year,"IRENA (2025), Renewable Power Generation Costs in 2024"
solar-utility,plant,2024,691.0,USD/kW,USD,2024,1883.178,GW,plant,irena-rpgc-2024,False,False,"IRENA (2025), Renewable power generation costs in 2024, Figure 3.2: global weighted-average total installed cost of utility-scale PV (2024 USD/kW); cumulative capacity: IRENA Renewable Capacity Statistics (all PV, global) via Our World in Data",https://www.irena.org/-/media/Files/IRENA/Agency/Publication/2025/Jul/IRENA_TEC_RPGC_in_2024_2025.pdf,TIC of projects commissioned in the year; capacity is total installed PV (utility + distributed) at year end,price_year,"IRENA (2025), Renewable Power Generation Costs in 2024"
onwind,plant,2010,2324.0,USD/kW,USD,2024,180.84,GW,plant,irena-rpgc-2024,False,False,"IRENA (2025), Renewable power generation costs in 2024, Figure 2.5: global weighted-average total installed cost of onshore wind (2024 USD/kW); cumulative capacity: IRENA Renewable Capacity Statistics (all wind, global) via Our World in Data",https://www.irena.org/-/media/Files/IRENA/Agency/Publication/2025/Jul/IRENA_TEC_RPGC_in_2024_2025.pdf,TIC of projects commissioned in the year; capacity is total installed wind (on- and offshore) at year end,price_year,"IRENA (2025), Renewable Power Generation Costs in 2024"
onwind,plant,2011,2278.0,USD/kW,USD,2024,220.178,GW,plant,irena-rpgc-2024,False,False,"IRENA (2025), Renewable power generation costs in 2024, Figure 2.5: global weighted-average total installed cost of onshore wind (2024 USD/kW); cumulative capacity: IRENA Renewable Capacity Statistics (all wind, global) via Our World in Data",https://www.irena.org/-/media/Files/IRENA/Agency/Publication/2025/Jul/IRENA_TEC_RPGC_in_2024_2025.pdf,TIC of projects commissioned in the year; capacity is total installed wind (on- and offshore) at year end,price_year,"IRENA (2025), Renewable Power Generation Costs in 2024"
onwind,plant,2012,2234.0,USD/kW,USD,2024,266.937,GW,plant,irena-rpgc-2024,False,False,"IRENA (2025), Renewable power generation costs in 2024, Figure 2.5: global weighted-average total installed cost of onshore wind (2024 USD/kW); cumulative capacity: IRENA Renewable Capacity Statistics (all wind, global) via Our World in Data",https://www.irena.org/-/media/Files/IRENA/Agency/Publication/2025/Jul/IRENA_TEC_RPGC_in_2024_2025.pdf,TIC of projects commissioned in the year; capacity is total installed wind (on- and offshore) at year end,price_year,"IRENA (2025), Renewable Power Generation Costs in 2024"
onwind,plant,2013,2165.0,USD/kW,USD,2024,299.758,GW,plant,irena-rpgc-2024,False,False,"IRENA (2025), Renewable power generation costs in 2024, Figure 2.5: global weighted-average total installed cost of onshore wind (2024 USD/kW); cumulative capacity: IRENA Renewable Capacity Statistics (all wind, global) via Our World in Data",https://www.irena.org/-/media/Files/IRENA/Agency/Publication/2025/Jul/IRENA_TEC_RPGC_in_2024_2025.pdf,TIC of projects commissioned in the year; capacity is total installed wind (on- and offshore) at year end,price_year,"IRENA (2025), Renewable Power Generation Costs in 2024"
onwind,plant,2014,2147.0,USD/kW,USD,2024,349.493,GW,plant,irena-rpgc-2024,False,False,"IRENA (2025), Renewable power generation costs in 2024, Figure 2.5: global weighted-average total installed cost of onshore wind (2024 USD/kW); cumulative capacity: IRENA Renewable Capacity Statistics (all wind, global) via Our World in Data",https://www.irena.org/-/media/Files/IRENA/Agency/Publication/2025/Jul/IRENA_TEC_RPGC_in_2024_2025.pdf,TIC of projects commissioned in the year; capacity is total installed wind (on- and offshore) at year end,price_year,"IRENA (2025), Renewable Power Generation Costs in 2024"
onwind,plant,2015,1956.0,USD/kW,USD,2024,416.384,GW,plant,irena-rpgc-2024,False,False,"IRENA (2025), Renewable power generation costs in 2024, Figure 2.5: global weighted-average total installed cost of onshore wind (2024 USD/kW); cumulative capacity: IRENA Renewable Capacity Statistics (all wind, global) via Our World in Data",https://www.irena.org/-/media/Files/IRENA/Agency/Publication/2025/Jul/IRENA_TEC_RPGC_in_2024_2025.pdf,TIC of projects commissioned in the year; capacity is total installed wind (on- and offshore) at year end,price_year,"IRENA (2025), Renewable Power Generation Costs in 2024"
onwind,plant,2016,1960.0,USD/kW,USD,2024,467.316,GW,plant,irena-rpgc-2024,False,False,"IRENA (2025), Renewable power generation costs in 2024, Figure 2.5: global weighted-average total installed cost of onshore wind (2024 USD/kW); cumulative capacity: IRENA Renewable Capacity Statistics (all wind, global) via Our World in Data",https://www.irena.org/-/media/Files/IRENA/Agency/Publication/2025/Jul/IRENA_TEC_RPGC_in_2024_2025.pdf,TIC of projects commissioned in the year; capacity is total installed wind (on- and offshore) at year end,price_year,"IRENA (2025), Renewable Power Generation Costs in 2024"
onwind,plant,2017,1963.0,USD/kW,USD,2024,514.972,GW,plant,irena-rpgc-2024,False,False,"IRENA (2025), Renewable power generation costs in 2024, Figure 2.5: global weighted-average total installed cost of onshore wind (2024 USD/kW); cumulative capacity: IRENA Renewable Capacity Statistics (all wind, global) via Our World in Data",https://www.irena.org/-/media/Files/IRENA/Agency/Publication/2025/Jul/IRENA_TEC_RPGC_in_2024_2025.pdf,TIC of projects commissioned in the year; capacity is total installed wind (on- and offshore) at year end,price_year,"IRENA (2025), Renewable Power Generation Costs in 2024"
onwind,plant,2018,1865.0,USD/kW,USD,2024,563.516,GW,plant,irena-rpgc-2024,False,False,"IRENA (2025), Renewable power generation costs in 2024, Figure 2.5: global weighted-average total installed cost of onshore wind (2024 USD/kW); cumulative capacity: IRENA Renewable Capacity Statistics (all wind, global) via Our World in Data",https://www.irena.org/-/media/Files/IRENA/Agency/Publication/2025/Jul/IRENA_TEC_RPGC_in_2024_2025.pdf,TIC of projects commissioned in the year; capacity is total installed wind (on- and offshore) at year end,price_year,"IRENA (2025), Renewable Power Generation Costs in 2024"
onwind,plant,2019,1766.0,USD/kW,USD,2024,623.076,GW,plant,irena-rpgc-2024,False,False,"IRENA (2025), Renewable power generation costs in 2024, Figure 2.5: global weighted-average total installed cost of onshore wind (2024 USD/kW); cumulative capacity: IRENA Renewable Capacity Statistics (all wind, global) via Our World in Data",https://www.irena.org/-/media/Files/IRENA/Agency/Publication/2025/Jul/IRENA_TEC_RPGC_in_2024_2025.pdf,TIC of projects commissioned in the year; capacity is total installed wind (on- and offshore) at year end,price_year,"IRENA (2025), Renewable Power Generation Costs in 2024"
onwind,plant,2020,1589.0,USD/kW,USD,2024,733.271,GW,plant,irena-rpgc-2024,False,False,"IRENA (2025), Renewable power generation costs in 2024, Figure 2.5: global weighted-average total installed cost of onshore wind (2024 USD/kW); cumulative capacity: IRENA Renewable Capacity Statistics (all wind, global) via Our World in Data",https://www.irena.org/-/media/Files/IRENA/Agency/Publication/2025/Jul/IRENA_TEC_RPGC_in_2024_2025.pdf,TIC of projects commissioned in the year; capacity is total installed wind (on- and offshore) at year end,price_year,"IRENA (2025), Renewable Power Generation Costs in 2024"
onwind,plant,2021,1506.0,USD/kW,USD,2024,824.191,GW,plant,irena-rpgc-2024,False,False,"IRENA (2025), Renewable power generation costs in 2024, Figure 2.5: global weighted-average total installed cost of onshore wind (2024 USD/kW); cumulative capacity: IRENA Renewable Capacity Statistics (all wind, global) via Our World in Data",https://www.irena.org/-/media/Files/IRENA/Agency/Publication/2025/Jul/IRENA_TEC_RPGC_in_2024_2025.pdf,TIC of projects commissioned in the year; capacity is total installed wind (on- and offshore) at year end,price_year,"IRENA (2025), Renewable Power Generation Costs in 2024"
onwind,plant,2022,1353.0,USD/kW,USD,2024,903.012,GW,plant,irena-rpgc-2024,False,False,"IRENA (2025), Renewable power generation costs in 2024, Figure 2.5: global weighted-average total installed cost of onshore wind (2024 USD/kW); cumulative capacity: IRENA Renewable Capacity Statistics (all wind, global) via Our World in Data",https://www.irena.org/-/media/Files/IRENA/Agency/Publication/2025/Jul/IRENA_TEC_RPGC_in_2024_2025.pdf,TIC of projects commissioned in the year; capacity is total installed wind (on- and offshore) at year end,price_year,"IRENA (2025), Renewable Power Generation Costs in 2024"
onwind,plant,2023,1187.0,USD/kW,USD,2024,1018.318,GW,plant,irena-rpgc-2024,False,False,"IRENA (2025), Renewable power generation costs in 2024, Figure 2.5: global weighted-average total installed cost of onshore wind (2024 USD/kW); cumulative capacity: IRENA Renewable Capacity Statistics (all wind, global) via Our World in Data",https://www.irena.org/-/media/Files/IRENA/Agency/Publication/2025/Jul/IRENA_TEC_RPGC_in_2024_2025.pdf,TIC of projects commissioned in the year; capacity is total installed wind (on- and offshore) at year end,price_year,"IRENA (2025), Renewable Power Generation Costs in 2024"
onwind,plant,2024,1041.0,USD/kW,USD,2024,1132.587,GW,plant,irena-rpgc-2024,False,False,"IRENA (2025), Renewable power generation costs in 2024, Figure 2.5: global weighted-average total installed cost of onshore wind (2024 USD/kW); cumulative capacity: IRENA Renewable Capacity Statistics (all wind, global) via Our World in Data",https://www.irena.org/-/media/Files/IRENA/Agency/Publication/2025/Jul/IRENA_TEC_RPGC_in_2024_2025.pdf,TIC of projects commissioned in the year; capacity is total installed wind (on- and offshore) at year end,price_year,"IRENA (2025), Renewable Power Generation Costs in 2024"
battery-liion,energy,2021,238.0,USD/kWh,USD,2021,56.0,GWh,system,bnef-turnkey,False,False,BloombergNEF Energy Storage System Cost Survey (annual; global average turnkey 4 h system price),https://about.bnef.com/insights/commodities/global-energy-storage-market-to-grow-15-fold-by-2030/,"price: BNEF ESS Cost Survey 2021; fleet: BNEF 'Global Energy Storage Market to Grow 15-Fold by 2030' (Oct 2022): 27 GW / 56 GWh online at end of 2021; capacity basis (all stationary storage, BNEF) differs from the Schmidt series (utility Li-ion, DOE database), so the two are not chained",price_year,BNEF Energy Storage System Cost Survey (2021-2025)
battery-liion,energy,2022,324.0,USD/kWh,USD,2022,91.0,GWh,system,bnef-turnkey,False,False,BloombergNEF Energy Storage System Cost Survey (annual; global average turnkey 4 h system price),https://about.bnef.com/insights/commodities/global-energy-storage-market-to-grow-15-fold-by-2030/,"price: BNEF ESS Cost Survey 2022; fleet: 56 GWh end-2021 + 16 GW / 35 GWh added in 2022 (same BNEF release); capacity basis (all stationary storage, BNEF) differs from the Schmidt series (utility Li-ion, DOE database), so the two are not chained",price_year,BNEF Energy Storage System Cost Survey (2021-2025)
battery-liion,energy,2023,263.0,USD/kWh,USD,2023,187.1,GWh,system,bnef-turnkey,False,False,BloombergNEF Energy Storage System Cost Survey (annual; global average turnkey 4 h system price),https://www.ess-news.com/2024/12/18/bloombergnef-stationary-storage-installations-surge-to-170-gwh-in-2024/,"price: BNEF ESS Cost Survey 2023; fleet: 91 GWh end-2022 + 96.1 GWh deployed in 2023 (BNEF via ess-news, Dec 2024); capacity basis (all stationary storage, BNEF) differs from the Schmidt series (utility Li-ion, DOE database), so the two are not chained",price_year,BNEF Energy Storage System Cost Survey (2021-2025)
battery-liion,energy,2024,165.0,USD/kWh,USD,2024,355.1,GWh,system,bnef-turnkey,False,False,BloombergNEF Energy Storage System Cost Survey (annual; global average turnkey 4 h system price),https://www.energy-storage.news/behind-the-numbers-bnef-finds-40-year-on-year-drop-in-bess-costs/,"price: BNEF ESS Cost Survey 2024 (165 USD/kWh, -40 %); fleet: 187 GWh end-2023 + 168 GWh deployed in 2024 (BNEF via ess-news, Dec 2024); capacity basis (all stationary storage, BNEF) differs from the Schmidt series (utility Li-ion, DOE database), so the two are not chained",price_year,BNEF Energy Storage System Cost Survey (2021-2025)
battery-liion,energy,2025,117.0,USD/kWh,USD,2025,548.1,GWh,system,bnef-turnkey-2025,False,True,BloombergNEF Energy Storage System Cost Survey (annual; global average turnkey 4 h system price),https://www.energy-storage.news/battery-storage-system-prices-continue-to-fall-sharply-bnef-and-ember-reports-find/,"price: BNEF ESS Cost Survey 2025 (117 USD/kWh, -31 %); fleet: 355 GWh end-2024 + 193 GWh BNEF forecast for 2025 -> forecast, context only",price_year,BNEF Energy Storage System Cost Survey (2021-2025)
vrfb,energy,2022,665.0,USD/kWh,USD,2022,1.2,GWh,system,vrfb-projects,False,True,"Dalian Rongke Power VRFB phase 1, 100 MW / 400 MWh (final cost, see data/observed_projects.csv); cumulative capacity: Project Blue, 'Hype fades as the future of vanadium flow batteries grows uncertain' (2025): China VFB additions 451 MWh (2022), 250 MWh (2023), 2.6 GWh (2024), 2.4 GWh (2025); rest of world 125 MWh 2022-2025",https://projectblue.com/blue/news-analysis/1389/hype-fades-as-the-future-of-vanadium-flow-batteries-grows-uncertain,x indicative: Schmidt 2017 cumulative 0.71 GWh + ~0.45 GWh China 2022; 2018-2021 additions unknown,price_year,Dalian Rongke 100 MW / 400 MWh
vrfb,energy,2024,423.0,USD/kWh,USD,2024,4.1,GWh,system,vrfb-projects,False,True,"BNEF 2024 flow battery installed cost, China (see data/observed_projects.csv); cumulative capacity: Project Blue, 'Hype fades as the future of vanadium flow batteries grows uncertain' (2025): China VFB additions 451 MWh (2022), 250 MWh (2023), 2.6 GWh (2024), 2.4 GWh (2025); rest of world 125 MWh 2022-2025",https://projectblue.com/blue/news-analysis/1389/hype-fades-as-the-future-of-vanadium-flow-batteries-grows-uncertain,x indicative: 1.2 GWh (2022) + 0.25 (2023) + 2.6 (2024) GWh China,price_year,"BNEF (2024) flow battery cost, China"
vrfb,energy,2024,701.0,USD/kWh,USD,2024,4.1,GWh,system,vrfb-projects,False,True,"BNEF 2024 flow battery installed cost, rest of world (see data/observed_projects.csv); cumulative capacity: Project Blue, 'Hype fades as the future of vanadium flow batteries grows uncertain' (2025): China VFB additions 451 MWh (2022), 250 MWh (2023), 2.6 GWh (2024), 2.4 GWh (2025); rest of world 125 MWh 2022-2025",https://projectblue.com/blue/news-analysis/1389/hype-fades-as-the-future-of-vanadium-flow-batteries-grows-uncertain,"x indicative, as for the China point",price_year,"BNEF (2024) flow battery cost, rest of world"
h2-sofc,power,2024,2300.0,USD/kW,USD,2024,2.0,GW,system,iea-ghr-2025,False,True,"IEA (2025), Global Hydrogen Review 2025, ch. 3: installed cost of alkaline electrolyser plants in 2024 (survey), and 2 GW installed water-electrolysis capacity at end-2024",https://iea.blob.core.windows.net/assets/12d92ecc-e960-40f3-aff5-b2de6690ab6b/GlobalHydrogenReview2025.pdf,"midpoint of USD 2 000-2 600/kW for electrolysers made outside China (equipment, gas treatment, BoP, EPC, contingency); x = IEA operating capacity, a different basis from the Schmidt cumulative-production series",price_year,"IEA (2025), Global Hydrogen Review"
h2-sofc,power,2024,900.0,USD/kW,USD,2024,2.0,GW,system,iea-ghr-2025,False,True,"IEA (2025), Global Hydrogen Review 2025, ch. 3: installed cost of alkaline electrolyser plants in 2024 (survey), and 2 GW installed water-electrolysis capacity at end-2024",https://iea.blob.core.windows.net/assets/12d92ecc-e960-40f3-aff5-b2de6690ab6b/GlobalHydrogenReview2025.pdf,midpoint of USD 600-1 200/kW for electrolysers made and installed in China; same basis caveat,price_year,"IEA (2025), Global Hydrogen Review"
egs,drilling,2022,994.62,USD/ft,USD,2024,1.0,wells,well,fervo-wells,False,False,"El-Sadi et al. (2024), Stanford Geothermal Workshop, as tabulated in Akindipe et al. (2025), '2025 Geothermal Drilling Cost Curves Update', Table 1",https://pangea.stanford.edu/ERE/pdf/IGAstandard/SGW/2025/Akindipe.pdf,"Project Red 1: 71 days, TD 11220 ft; x = cumulative horizontal EGS wells drilled by Fervo; Cape wells are ~2,100 ft deeper and hotter than Project Red; nominal USD of 2023-24 taken as USD2024",price_year,El-Sadi et al. (2024) via Akindipe et al. (2025)
egs,drilling,2022,1106.74,USD/ft,USD,2024,2.0,wells,well,fervo-wells,False,False,"El-Sadi et al. (2024), Stanford Geothermal Workshop, as tabulated in Akindipe et al. (2025), '2025 Geothermal Drilling Cost Curves Update', Table 1",https://pangea.stanford.edu/ERE/pdf/IGAstandard/SGW/2025/Akindipe.pdf,"Project Red 2: 58 days, TD 11211 ft; x = cumulative horizontal EGS wells drilled by Fervo; Cape wells are ~2,100 ft deeper and hotter than Project Red; nominal USD of 2023-24 taken as USD2024",price_year,El-Sadi et al. (2024) via Akindipe et al. (2025)
egs,drilling,2023,633.45,USD/ft,USD,2024,3.0,wells,well,fervo-wells,False,False,"El-Sadi et al. (2024), Stanford Geothermal Workshop, as tabulated in Akindipe et al. (2025), '2025 Geothermal Drilling Cost Curves Update', Table 1",https://pangea.stanford.edu/ERE/pdf/IGAstandard/SGW/2025/Akindipe.pdf,"Cape Station 3: 33.75 days, TD 13316 ft; x = cumulative horizontal EGS wells drilled by Fervo; Cape wells are ~2,100 ft deeper and hotter than Project Red; nominal USD of 2023-24 taken as USD2024",price_year,El-Sadi et al. (2024) via Akindipe et al. (2025)
egs,drilling,2023,471.59,USD/ft,USD,2024,4.0,wells,well,fervo-wells,False,False,"El-Sadi et al. (2024), Stanford Geothermal Workshop, as tabulated in Akindipe et al. (2025), '2025 Geothermal Drilling Cost Curves Update', Table 1",https://pangea.stanford.edu/ERE/pdf/IGAstandard/SGW/2025/Akindipe.pdf,"Cape Station 4: 25.91 days, TD 13272 ft; x = cumulative horizontal EGS wells drilled by Fervo; Cape wells are ~2,100 ft deeper and hotter than Project Red; nominal USD of 2023-24 taken as USD2024",price_year,El-Sadi et al. (2024) via Akindipe et al. (2025)
egs,drilling,2023,395.71,USD/ft,USD,2024,5.0,wells,well,fervo-wells,False,False,"El-Sadi et al. (2024), Stanford Geothermal Workshop, as tabulated in Akindipe et al. (2025), '2025 Geothermal Drilling Cost Curves Update', Table 1",https://pangea.stanford.edu/ERE/pdf/IGAstandard/SGW/2025/Akindipe.pdf,"Cape Station 5: 24.26 days, TD 13601 ft; x = cumulative horizontal EGS wells drilled by Fervo; Cape wells are ~2,100 ft deeper and hotter than Project Red; nominal USD of 2023-24 taken as USD2024",price_year,El-Sadi et al. (2024) via Akindipe et al. (2025)
egs,drilling,2023,346.45,USD/ft,USD,2024,6.0,wells,well,fervo-wells,False,False,"El-Sadi et al. (2024), Stanford Geothermal Workshop, as tabulated in Akindipe et al. (2025), '2025 Geothermal Drilling Cost Curves Update', Table 1",https://pangea.stanford.edu/ERE/pdf/IGAstandard/SGW/2025/Akindipe.pdf,"Cape Station 6: 20.1 days, TD 13289 ft; x = cumulative horizontal EGS wells drilled by Fervo; Cape wells are ~2,100 ft deeper and hotter than Project Red; nominal USD of 2023-24 taken as USD2024",price_year,El-Sadi et al. (2024) via Akindipe et al. (2025)
egs,drilling,2024,394.08,USD/ft,USD,2024,7.0,wells,well,fervo-wells,False,False,"El-Sadi et al. (2024), Stanford Geothermal Workshop, as tabulated in Akindipe et al. (2025), '2025 Geothermal Drilling Cost Curves Update', Table 1",https://pangea.stanford.edu/ERE/pdf/IGAstandard/SGW/2025/Akindipe.pdf,"Cape Station 7: 23.71 days, TD 13949 ft; x = cumulative horizontal EGS wells drilled by Fervo; Cape wells are ~2,100 ft deeper and hotter than Project Red; nominal USD of 2023-24 taken as USD2024",price_year,El-Sadi et al. (2024) via Akindipe et al. (2025)
egs,drilling,2024,357.36,USD/ft,USD,2024,8.0,wells,well,fervo-wells,False,False,"El-Sadi et al. (2024), Stanford Geothermal Workshop, as tabulated in Akindipe et al. (2025), '2025 Geothermal Drilling Cost Curves Update', Table 1",https://pangea.stanford.edu/ERE/pdf/IGAstandard/SGW/2025/Akindipe.pdf,"Cape Station 8: 22.27 days, TD 13734 ft; x = cumulative horizontal EGS wells drilled by Fervo; Cape wells are ~2,100 ft deeper and hotter than Project Red; nominal USD of 2023-24 taken as USD2024",price_year,El-Sadi et al. (2024) via Akindipe et al. (2025)
smr-nuclear,plant,2023,8936.0,USD/kW,USD,2023,0.27,GW,plant,smr-estimates,False,True,EIA AEO2025 SMR 6x80 MW (see data/observed_projects.csv),https://www.eia.gov/outlooks/aeo/,"x indicative: operating SMR fleet (Akademik Lomonosov 70 MW, HTR-PM 200 MW)",price_year,EIA AEO2025
smr-nuclear,plant,2024,13000.0,USD/kW,USD,2024,0.27,GW,plant,smr-estimates,False,True,"DOE Pathways to Commercial Liftoff: Advanced Nuclear (Sep 2024), FOAK SMR median (see data/observed_projects.csv)",https://gain.inl.gov/content/uploads/4/2024/11/DOE-Advanced-Nuclear-Liftoff-Report.pdf,x indicative: operating SMR fleet,price_year,DOE Liftoff: Advanced Nuclear (2024)
smr-nuclear,plant,2030,20130.0,USD/kW,USD,2023,0.73,GW,plant,smr-estimates,False,True,NuScale UAMPS CFPP VOYGR-6 estimate before cancellation (see data/observed_projects.csv),https://www.uamps.com/,x indicative: fleet + project (462 MW),price_year,NuScale / UAMPS CFPP estimate (2023)
smr-nuclear,plant,2030,17417.0,CAD/kW,CAD,2024,1.47,GW,plant,smr-estimates,False,True,"OPG Darlington BWRX-300, 4 units (see data/observed_projects.csv)",https://www.opg.com/,"x indicative: fleet + project (1,200 MW)",price_year,OPG Darlington BWRX-300
smr-nuclear,plant,2031,11594.0,USD/kW,USD,2025,0.615,GW,plant,smr-estimates,False,True,TerraPower Natrium Kemmerer 1 (see data/observed_projects.csv),https://www.terrapower.com/,x indicative: fleet + project (345 MW),price_year,TerraPower Natrium Kemmerer 1
iron-air,energy,2025,17.5,USD/kWh,USD,2023,0.15,GWh,target,form-target,False,True,"Form Energy (2023), 'Modeling recommendations for iron-air batteries': all-in installed capital cost 15-20 USD/kWh at 100 h (vendor target)",https://formenergy.com/,"midpoint of the vendor target, placed at the first commercial project (Great River Energy Cambridge, 1.5 MW / 150 MWh, 2025); not an observed cost",price_year,"Form Energy (2023), modelling recommendations"
iron-air,energy,2026,17.5,USD/kWh,USD,2023,1.65,GWh,target,form-target,False,True,"Form Energy (2023) vendor target, see 2025 row",https://formenergy.com/,"same target at the Georgia Power project (15 MW / 1,500 MWh, 2026); not an observed cost",price_year,"Form Energy (2023), vendor target"
co2-battery,energy,2022,200.0,USD/kWh,USD,2022,0.004,GWh,estimate,energy-dome,False,True,Energy Dome CEO estimate for first full-scale plants (see data/observed_projects.csv),https://energydome.com/,x = Ottana pilot 2.5 MW / 4 MWh (2022),price_year,"Energy Dome, CEO estimate"
co2-battery,energy,2027,375.0,USD/kWh,USD,2024,0.404,GWh,estimate,energy-dome,False,True,"Alliant Columbia Energy Storage, Energy Dome 20 MW / 200 MWh, midpoint of 300-450 USD/kWh (see data/observed_projects.csv)",https://www.alliantenergy.com/,x indicative: pilot 4 MWh + Sardinia 200 MWh + Columbia 200 MWh,price_year,Alliant Columbia Energy Storage (Energy Dome)
allam-ccs,plant,2023,3333.0,USD/kW,USD,2023,0.3,GW,estimate,net-power,False,True,"NET Power Project Permian, 2023 estimate (see data/observed_projects.csv)",https://netpower.com/,x = first utility-scale plant (300 MW); La Porte 50 MWth demo (2018) has no disclosed cost,price_year,"NET Power, Project Permian 2023 estimate"
allam-ccs,plant,2029,6167.0,USD/kW,USD,2025,0.3,GW,estimate,net-power,False,True,"NET Power Project Permian SN1, midpoint of USD 1.7-2.0 bn / 300 MW (see data/observed_projects.csv)",https://netpower.com/,x = first utility-scale plant (300 MW),price_year,"NET Power, Project Permian SN1 update"
closed-loop-geo,plant,2024,33000.0,USD/kW,USD,2023,0.008,GW,estimate,closed-loop-estimates,False,True,"DOE Pathways to Commercial Liftoff: Next-Generation Geothermal (Mar 2024), closed-loop 'today' modelled cost (see data/gap_fill.csv)",https://liftoff.energy.gov/,x = Eavor Geretsried commercial pilot (8 MW),price_year,"DOE Liftoff: Next-Gen Geothermal (2024), today"
closed-loop-geo,plant,2035,9500.0,USD/kW,USD,2023,0.008,GW,estimate,closed-loop-estimates,False,True,DOE Liftoff Next-Gen Geothermal 2035 ambitious pathway (see data/observed_projects.csv),https://liftoff.energy.gov/,"projection, not an observation",price_year,"DOE Liftoff: Next-Gen Geothermal (2024), 2035 pathway"
sofc,plant,2009,4328571.0,JPY/kW,JPY,2009,3497.9,kW,system,enefarm-pefc,False,False,"ACE (Advanced Cogeneration and Energy Utilization Center Japan), 'ENE-FARM manufacturer shipment statistics as of December 2024' (Jan 2025): cumulative manufacturer shipments per fiscal year (all ENE-FARM, PEFC + SOFC); unit prices (equipment only, excl. installation and subsidy) per fiscal year from ANRE (Agency for Natural Resources and Energy) material reproduced in the same sheet",https://www.ace.or.jp/fc/m/DocFile/Org/20250117130901_29_DocFile1.pdf,"PEFC (Panasonic/Toshiba/ENEOS type) unit price 303 x 10^4 JPY per 0.7 kW unit, FY2009; x = cumulative ENE-FARM shipments (4,997 units) x 0.7 kW nominal (spillover: one supply chain and installer base for both cell types). A constant kW per unit cancels in the slope. Prices after FY2019 not surveyed by ANRE",constant,ACE ENE-FARM shipment statistics (2025) with ANRE unit prices
sofc,plant,2010,4285714.0,JPY/kW,JPY,2010,8026.2,kW,system,enefarm-pefc,False,False,"ACE (Advanced Cogeneration and Energy Utilization Center Japan), 'ENE-FARM manufacturer shipment statistics as of December 2024' (Jan 2025): cumulative manufacturer shipments per fiscal year (all ENE-FARM, PEFC + SOFC); unit prices (equipment only, excl. installation and subsidy) per fiscal year from ANRE (Agency for Natural Resources and Energy) material reproduced in the same sheet",https://www.ace.or.jp/fc/m/DocFile/Org/20250117130901_29_DocFile1.pdf,"PEFC (Panasonic/Toshiba/ENEOS type) unit price 300 x 10^4 JPY per 0.7 kW unit, FY2010; x = cumulative ENE-FARM shipments (11,466 units) x 0.7 kW nominal (spillover: one supply chain and installer base for both cell types). A constant kW per unit cancels in the slope. Prices after FY2019 not surveyed by ANRE",constant,ACE ENE-FARM shipment statistics (2025) with ANRE unit prices
sofc,plant,2011,3614286.0,JPY/kW,JPY,2011,17448.2,kW,system,enefarm-pefc,False,False,"ACE (Advanced Cogeneration and Energy Utilization Center Japan), 'ENE-FARM manufacturer shipment statistics as of December 2024' (Jan 2025): cumulative manufacturer shipments per fiscal year (all ENE-FARM, PEFC + SOFC); unit prices (equipment only, excl. installation and subsidy) per fiscal year from ANRE (Agency for Natural Resources and Energy) material reproduced in the same sheet",https://www.ace.or.jp/fc/m/DocFile/Org/20250117130901_29_DocFile1.pdf,"PEFC (Panasonic/Toshiba/ENEOS type) unit price 253 x 10^4 JPY per 0.7 kW unit, FY2011; x = cumulative ENE-FARM shipments (24,926 units) x 0.7 kW nominal (spillover: one supply chain and installer base for both cell types). A constant kW per unit cancels in the slope. Prices after FY2019 not surveyed by ANRE",constant,ACE ENE-FARM shipment statistics (2025) with ANRE unit prices
sofc,plant,2012,3100000.0,JPY/kW,JPY,2012,34610.1,kW,system,enefarm-pefc,False,False,"ACE (Advanced Cogeneration and Energy Utilization Center Japan), 'ENE-FARM manufacturer shipment statistics as of December 2024' (Jan 2025): cumulative manufacturer shipments per fiscal year (all ENE-FARM, PEFC + SOFC); unit prices (equipment only, excl. installation and subsidy) per fiscal year from ANRE (Agency for Natural Resources and Energy) material reproduced in the same sheet",https://www.ace.or.jp/fc/m/DocFile/Org/20250117130901_29_DocFile1.pdf,"PEFC (Panasonic/Toshiba/ENEOS type) unit price 217 x 10^4 JPY per 0.7 kW unit, FY2012; x = cumulative ENE-FARM shipments (49,443 units) x 0.7 kW nominal (spillover: one supply chain and installer base for both cell types). A constant kW per unit cancels in the slope. Prices after FY2019 not surveyed by ANRE",constant,ACE ENE-FARM shipment statistics (2025) with ANRE unit prices
sofc,plant,2013,2457143.0,JPY/kW,JPY,2013,58081.8,kW,system,enefarm-pefc,False,False,"ACE (Advanced Cogeneration and Energy Utilization Center Japan), 'ENE-FARM manufacturer shipment statistics as of December 2024' (Jan 2025): cumulative manufacturer shipments per fiscal year (all ENE-FARM, PEFC + SOFC); unit prices (equipment only, excl. installation and subsidy) per fiscal year from ANRE (Agency for Natural Resources and Energy) material reproduced in the same sheet",https://www.ace.or.jp/fc/m/DocFile/Org/20250117130901_29_DocFile1.pdf,"PEFC (Panasonic/Toshiba/ENEOS type) unit price 172 x 10^4 JPY per 0.7 kW unit, FY2013; x = cumulative ENE-FARM shipments (82,974 units) x 0.7 kW nominal (spillover: one supply chain and installer base for both cell types). A constant kW per unit cancels in the slope. Prices after FY2019 not surveyed by ANRE",constant,ACE ENE-FARM shipment statistics (2025) with ANRE unit prices
sofc,plant,2014,2185714.0,JPY/kW,JPY,2014,84694.4,kW,system,enefarm-pefc,False,False,"ACE (Advanced Cogeneration and Energy Utilization Center Japan), 'ENE-FARM manufacturer shipment statistics as of December 2024' (Jan 2025): cumulative manufacturer shipments per fiscal year (all ENE-FARM, PEFC + SOFC); unit prices (equipment only, excl. installation and subsidy) per fiscal year from ANRE (Agency for Natural Resources and Energy) material reproduced in the same sheet",https://www.ace.or.jp/fc/m/DocFile/Org/20250117130901_29_DocFile1.pdf,"PEFC (Panasonic/Toshiba/ENEOS type) unit price 153 x 10^4 JPY per 0.7 kW unit, FY2014; x = cumulative ENE-FARM shipments (120,992 units) x 0.7 kW nominal (spillover: one supply chain and installer base for both cell types). A constant kW per unit cancels in the slope. Prices after FY2019 not surveyed by ANRE",constant,ACE ENE-FARM shipment statistics (2025) with ANRE unit prices
sofc,plant,2015,1928571.0,JPY/kW,JPY,2015,113007.3,kW,system,enefarm-pefc,False,False,"ACE (Advanced Cogeneration and Energy Utilization Center Japan), 'ENE-FARM manufacturer shipment statistics as of December 2024' (Jan 2025): cumulative manufacturer shipments per fiscal year (all ENE-FARM, PEFC + SOFC); unit prices (equipment only, excl. installation and subsidy) per fiscal year from ANRE (Agency for Natural Resources and Energy) material reproduced in the same sheet",https://www.ace.or.jp/fc/m/DocFile/Org/20250117130901_29_DocFile1.pdf,"PEFC (Panasonic/Toshiba/ENEOS type) unit price 135 x 10^4 JPY per 0.7 kW unit, FY2015; x = cumulative ENE-FARM shipments (161,439 units) x 0.7 kW nominal (spillover: one supply chain and installer base for both cell types). A constant kW per unit cancels in the slope. Prices after FY2019 not surveyed by ANRE",constant,ACE ENE-FARM shipment statistics (2025) with ANRE unit prices
sofc,plant,2016,1614286.0,JPY/kW,JPY,2016,145956.3,kW,system,enefarm-pefc,False,False,"ACE (Advanced Cogeneration and Energy Utilization Center Japan), 'ENE-FARM manufacturer shipment statistics as of December 2024' (Jan 2025): cumulative manufacturer shipments per fiscal year (all ENE-FARM, PEFC + SOFC); unit prices (equipment only, excl. installation and subsidy) per fiscal year from ANRE (Agency for Natural Resources and Energy) material reproduced in the same sheet",https://www.ace.or.jp/fc/m/DocFile/Org/20250117130901_29_DocFile1.pdf,"PEFC (Panasonic/Toshiba/ENEOS type) unit price 113 x 10^4 JPY per 0.7 kW unit, FY2016; x = cumulative ENE-FARM shipments (208,509 units) x 0.7 kW nominal (spillover: one supply chain and installer base for both cell types). A constant kW per unit cancels in the slope. Prices after FY2019 not surveyed by ANRE",constant,ACE ENE-FARM shipment statistics (2025) with ANRE unit prices
sofc,plant,2017,1457143.0,JPY/kW,JPY,2017,180137.3,kW,system,enefarm-pefc,False,False,"ACE (Advanced Cogeneration and Energy Utilization Center Japan), 'ENE-FARM manufacturer shipment statistics as of December 2024' (Jan 2025): cumulative manufacturer shipments per fiscal year (all ENE-FARM, PEFC + SOFC); unit prices (equipment only, excl. installation and subsidy) per fiscal year from ANRE (Agency for Natural Resources and Energy) material reproduced in the same sheet",https://www.ace.or.jp/fc/m/DocFile/Org/20250117130901_29_DocFile1.pdf,"PEFC (Panasonic/Toshiba/ENEOS type) unit price 102 x 10^4 JPY per 0.7 kW unit, FY2017; x = cumulative ENE-FARM shipments (257,339 units) x 0.7 kW nominal (spillover: one supply chain and installer base for both cell types). A constant kW per unit cancels in the slope. Prices after FY2019 not surveyed by ANRE",constant,ACE ENE-FARM shipment statistics (2025) with ANRE unit prices
sofc,plant,2018,1342857.0,JPY/kW,JPY,2018,212750.3,kW,system,enefarm-pefc,False,False,"ACE (Advanced Cogeneration and Energy Utilization Center Japan), 'ENE-FARM manufacturer shipment statistics as of December 2024' (Jan 2025): cumulative manufacturer shipments per fiscal year (all ENE-FARM, PEFC + SOFC); unit prices (equipment only, excl. installation and subsidy) per fiscal year from ANRE (Agency for Natural Resources and Energy) material reproduced in the same sheet",https://www.ace.or.jp/fc/m/DocFile/Org/20250117130901_29_DocFile1.pdf,"PEFC (Panasonic/Toshiba/ENEOS type) unit price 94 x 10^4 JPY per 0.7 kW unit, FY2018; x = cumulative ENE-FARM shipments (303,929 units) x 0.7 kW nominal (spillover: one supply chain and installer base for both cell types). A constant kW per unit cancels in the slope. Prices after FY2019 not surveyed by ANRE",constant,ACE ENE-FARM shipment statistics (2025) with ANRE unit prices
sofc,plant,2019,1285714.0,JPY/kW,JPY,2019,241441.9,kW,system,enefarm-pefc,False,False,"ACE (Advanced Cogeneration and Energy Utilization Center Japan), 'ENE-FARM manufacturer shipment statistics as of December 2024' (Jan 2025): cumulative manufacturer shipments per fiscal year (all ENE-FARM, PEFC + SOFC); unit prices (equipment only, excl. installation and subsidy) per fiscal year from ANRE (Agency for Natural Resources and Energy) material reproduced in the same sheet",https://www.ace.or.jp/fc/m/DocFile/Org/20250117130901_29_DocFile1.pdf,"PEFC (Panasonic/Toshiba/ENEOS type) unit price 90 x 10^4 JPY per 0.7 kW unit, FY2019; x = cumulative ENE-FARM shipments (344,917 units) x 0.7 kW nominal (spillover: one supply chain and installer base for both cell types). A constant kW per unit cancels in the slope. Prices after FY2019 not surveyed by ANRE",constant,ACE ENE-FARM shipment statistics (2025) with ANRE unit prices
sofc,plant,2011,3485714.0,JPY/kW,JPY,2011,17448.2,kW,system,enefarm-sofc,False,False,"ACE (Advanced Cogeneration and Energy Utilization Center Japan), 'ENE-FARM manufacturer shipment statistics as of December 2024' (Jan 2025): cumulative manufacturer shipments per fiscal year (all ENE-FARM, PEFC + SOFC); unit prices (equipment only, excl. installation and subsidy) per fiscal year from ANRE (Agency for Natural Resources and Energy) material reproduced in the same sheet",https://www.ace.or.jp/fc/m/DocFile/Org/20250117130901_29_DocFile1.pdf,"Type S SOFC (Aisin/Kyocera/Osaka Gas) unit price 244 x 10^4 JPY per 0.7 kW unit, FY2011; x = cumulative ENE-FARM shipments (24,926 units) x 0.7 kW nominal (spillover: one supply chain and installer base for both cell types). A constant kW per unit cancels in the slope. Prices after FY2019 not surveyed by ANRE",constant,ACE ENE-FARM shipment statistics (2025) with ANRE unit prices
sofc,plant,2012,2814286.0,JPY/kW,JPY,2012,34610.1,kW,system,enefarm-sofc,False,False,"ACE (Advanced Cogeneration and Energy Utilization Center Japan), 'ENE-FARM manufacturer shipment statistics as of December 2024' (Jan 2025): cumulative manufacturer shipments per fiscal year (all ENE-FARM, PEFC + SOFC); unit prices (equipment only, excl. installation and subsidy) per fiscal year from ANRE (Agency for Natural Resources and Energy) material reproduced in the same sheet",https://www.ace.or.jp/fc/m/DocFile/Org/20250117130901_29_DocFile1.pdf,"Type S SOFC (Aisin/Kyocera/Osaka Gas) unit price 197 x 10^4 JPY per 0.7 kW unit, FY2012; x = cumulative ENE-FARM shipments (49,443 units) x 0.7 kW nominal (spillover: one supply chain and installer base for both cell types). A constant kW per unit cancels in the slope. Prices after FY2019 not surveyed by ANRE",constant,ACE ENE-FARM shipment statistics (2025) with ANRE unit prices
sofc,plant,2013,2600000.0,JPY/kW,JPY,2013,58081.8,kW,system,enefarm-sofc,False,False,"ACE (Advanced Cogeneration and Energy Utilization Center Japan), 'ENE-FARM manufacturer shipment statistics as of December 2024' (Jan 2025): cumulative manufacturer shipments per fiscal year (all ENE-FARM, PEFC + SOFC); unit prices (equipment only, excl. installation and subsidy) per fiscal year from ANRE (Agency for Natural Resources and Energy) material reproduced in the same sheet",https://www.ace.or.jp/fc/m/DocFile/Org/20250117130901_29_DocFile1.pdf,"Type S SOFC (Aisin/Kyocera/Osaka Gas) unit price 182 x 10^4 JPY per 0.7 kW unit, FY2013; x = cumulative ENE-FARM shipments (82,974 units) x 0.7 kW nominal (spillover: one supply chain and installer base for both cell types). A constant kW per unit cancels in the slope. Prices after FY2019 not surveyed by ANRE",constant,ACE ENE-FARM shipment statistics (2025) with ANRE unit prices
sofc,plant,2014,2500000.0,JPY/kW,JPY,2014,84694.4,kW,system,enefarm-sofc,False,False,"ACE (Advanced Cogeneration and Energy Utilization Center Japan), 'ENE-FARM manufacturer shipment statistics as of December 2024' (Jan 2025): cumulative manufacturer shipments per fiscal year (all ENE-FARM, PEFC + SOFC); unit prices (equipment only, excl. installation and subsidy) per fiscal year from ANRE (Agency for Natural Resources and Energy) material reproduced in the same sheet",https://www.ace.or.jp/fc/m/DocFile/Org/20250117130901_29_DocFile1.pdf,"Type S SOFC (Aisin/Kyocera/Osaka Gas) unit price 175 x 10^4 JPY per 0.7 kW unit, FY2014; x = cumulative ENE-FARM shipments (120,992 units) x 0.7 kW nominal (spillover: one supply chain and installer base for both cell types). A constant kW per unit cancels in the slope. Prices after FY2019 not surveyed by ANRE",constant,ACE ENE-FARM shipment statistics (2025) with ANRE unit prices
sofc,plant,2015,1928571.0,JPY/kW,JPY,2015,113007.3,kW,system,enefarm-sofc,False,False,"ACE (Advanced Cogeneration and Energy Utilization Center Japan), 'ENE-FARM manufacturer shipment statistics as of December 2024' (Jan 2025): cumulative manufacturer shipments per fiscal year (all ENE-FARM, PEFC + SOFC); unit prices (equipment only, excl. installation and subsidy) per fiscal year from ANRE (Agency for Natural Resources and Energy) material reproduced in the same sheet",https://www.ace.or.jp/fc/m/DocFile/Org/20250117130901_29_DocFile1.pdf,"Type S SOFC (Aisin/Kyocera/Osaka Gas) unit price 135 x 10^4 JPY per 0.7 kW unit, FY2015; x = cumulative ENE-FARM shipments (161,439 units) x 0.7 kW nominal (spillover: one supply chain and installer base for both cell types). A constant kW per unit cancels in the slope. Prices after FY2019 not surveyed by ANRE",constant,ACE ENE-FARM shipment statistics (2025) with ANRE unit prices
sofc,plant,2016,1828571.0,JPY/kW,JPY,2016,145956.3,kW,system,enefarm-sofc,False,False,"ACE (Advanced Cogeneration and Energy Utilization Center Japan), 'ENE-FARM manufacturer shipment statistics as of December 2024' (Jan 2025): cumulative manufacturer shipments per fiscal year (all ENE-FARM, PEFC + SOFC); unit prices (equipment only, excl. installation and subsidy) per fiscal year from ANRE (Agency for Natural Resources and Energy) material reproduced in the same sheet",https://www.ace.or.jp/fc/m/DocFile/Org/20250117130901_29_DocFile1.pdf,"Type S SOFC (Aisin/Kyocera/Osaka Gas) unit price 128 x 10^4 JPY per 0.7 kW unit, FY2016; x = cumulative ENE-FARM shipments (208,509 units) x 0.7 kW nominal (spillover: one supply chain and installer base for both cell types). A constant kW per unit cancels in the slope. Prices after FY2019 not surveyed by ANRE",constant,ACE ENE-FARM shipment statistics (2025) with ANRE unit prices
sofc,plant,2017,1700000.0,JPY/kW,JPY,2017,180137.3,kW,system,enefarm-sofc,False,False,"ACE (Advanced Cogeneration and Energy Utilization Center Japan), 'ENE-FARM manufacturer shipment statistics as of December 2024' (Jan 2025): cumulative manufacturer shipments per fiscal year (all ENE-FARM, PEFC + SOFC); unit prices (equipment only, excl. installation and subsidy) per fiscal year from ANRE (Agency for Natural Resources and Energy) material reproduced in the same sheet",https://www.ace.or.jp/fc/m/DocFile/Org/20250117130901_29_DocFile1.pdf,"Type S SOFC (Aisin/Kyocera/Osaka Gas) unit price 119 x 10^4 JPY per 0.7 kW unit, FY2017; x = cumulative ENE-FARM shipments (257,339 units) x 0.7 kW nominal (spillover: one supply chain and installer base for both cell types). A constant kW per unit cancels in the slope. Prices after FY2019 not surveyed by ANRE",constant,ACE ENE-FARM shipment statistics (2025) with ANRE unit prices
sofc,plant,2018,1585714.0,JPY/kW,JPY,2018,212750.3,kW,system,enefarm-sofc,False,False,"ACE (Advanced Cogeneration and Energy Utilization Center Japan), 'ENE-FARM manufacturer shipment statistics as of December 2024' (Jan 2025): cumulative manufacturer shipments per fiscal year (all ENE-FARM, PEFC + SOFC); unit prices (equipment only, excl. installation and subsidy) per fiscal year from ANRE (Agency for Natural Resources and Energy) material reproduced in the same sheet",https://www.ace.or.jp/fc/m/DocFile/Org/20250117130901_29_DocFile1.pdf,"Type S SOFC (Aisin/Kyocera/Osaka Gas) unit price 111 x 10^4 JPY per 0.7 kW unit, FY2018; x = cumulative ENE-FARM shipments (303,929 units) x 0.7 kW nominal (spillover: one supply chain and installer base for both cell types). A constant kW per unit cancels in the slope. Prices after FY2019 not surveyed by ANRE",constant,ACE ENE-FARM shipment statistics (2025) with ANRE unit prices
sofc,plant,2019,1442857.0,JPY/kW,JPY,2019,241441.9,kW,system,enefarm-sofc,False,False,"ACE (Advanced Cogeneration and Energy Utilization Center Japan), 'ENE-FARM manufacturer shipment statistics as of December 2024' (Jan 2025): cumulative manufacturer shipments per fiscal year (all ENE-FARM, PEFC + SOFC); unit prices (equipment only, excl. installation and subsidy) per fiscal year from ANRE (Agency for Natural Resources and Energy) material reproduced in the same sheet",https://www.ace.or.jp/fc/m/DocFile/Org/20250117130901_29_DocFile1.pdf,"Type S SOFC (Aisin/Kyocera/Osaka Gas) unit price 101 x 10^4 JPY per 0.7 kW unit, FY2019; x = cumulative ENE-FARM shipments (344,917 units) x 0.7 kW nominal (spillover: one supply chain and installer base for both cell types). A constant kW per unit cancels in the slope. Prices after FY2019 not surveyed by ANRE",constant,ACE ENE-FARM shipment statistics (2025) with ANRE unit prices
