iso3,iso2,name,archetype,rule_fired,proximity,size_tier,population,demand_twh,emissions_mt,emissions_year,score_dense,score_geothermal,score_islanded,score_hydro,score_fossil
AND,AD,Andorra,islanded,R8,0.667,micro,82904.0,0.5463300000000001,,,0.44,0.081,0.667,0.0,0.0
ARE,AE,United Arab Emirates,fossil,R7,0.565,large,11513149.0,177.02,82.87,2024.0,0.373,0.101,0.55,0.0,0.565
AFG,AF,Afghanistan,hydro,R3,0.929,small,43844111.0,6.82,0.13,2024.0,0.0,0.11,0.333,0.929,0.0
ATG,AG,Antigua and Barbuda,fossil,R4,1.0,micro,94209.0,0.37,0.22,2024.0,0.207,0.093,1.0,0.0,1.0
ALB,AL,Albania,islanded,R8,0.667,small,2349580.0,8.427712,,,0.246,0.0,0.667,0.0,0.0
ARM,AM,Armenia,islanded,R8,0.333,small,3086700.0,7.03,2.17,2024.0,0.277,0.114,0.333,0.034,0.0
AGO,AO,Angola,hydro,R3,0.843,medium,39040039.0,15.59,2.89,2024.0,0.029,0.0,0.663,0.843,0.0
ARG,AR,Argentina,fossil,R7,0.368,large,45851378.0,162.43,52.59,2024.0,0.127,0.139,0.436,0.0,0.368
AZE,AZ,Azerbaijan,fossil,R4,1.0,medium,10246996.0,26.41,17.66,2024.0,0.255,0.0,0.567,0.0,1.0
BIH,BA,Bosnia and Herzegovina,fossil,R7,0.334,medium,3140095.0,12.23,9.35,2024.0,0.362,0.01,0.332,0.274,0.334
BRB,BB,Barbados,fossil,R4,1.0,small,282623.0,1.11,0.66,2024.0,0.457,0.0,1.0,0.0,1.0
BGD,BD,Bangladesh,fossil,R4,1.0,large,175686899.0,118.06,70.8,2024.0,0.525,0.019,0.317,0.0,1.0
BFA,BF,Burkina Faso,fossil,R4,0.857,small,24074580.0,3.19,0.95,2024.0,0.048,0.0,0.333,0.0,0.857
BGR,BG,Bulgaria,islanded,R8,0.569,medium,6433302.0,36.66,10.68,2024.0,0.477,0.049,0.569,0.0,0.0
BHR,BH,Bahrain,fossil,R4,1.0,medium,1600366.0,38.44,34.24,2024.0,0.667,0.016,0.952,0.0,1.0
BDI,BI,Burundi,hydro,R3,0.891,micro,14390003.0,0.57,0.09,2024.0,0.465,0.772,0.355,0.891,0.0
BEN,BJ,Benin,fossil,R4,1.0,small,14814460.0,2.31,0.59,2024.0,0.146,0.07,0.333,0.0,1.0
BRN,BN,Brunei,fossil,R4,1.0,small,466330.0,5.56,4.96,2024.0,0.521,0.285,0.833,0.0,1.0
BOL,BO,Bolivia,geothermal,R2,0.412,medium,12581843.0,13.63,6.7,2024.0,0.0,0.412,0.664,0.131,0.478
BRA,BR,Brazil,hydro,R3,0.53,large,212812405.0,762.12,79.09,2024.0,0.171,0.053,0.3,0.53,0.0
BHS,BS,Bahamas,fossil,R4,1.0,small,403033.0,2.25,1.47,2024.0,0.251,0.077,1.0,0.0,1.0
BTN,BT,Bhutan,hydro,R3,1.0,medium,796682.0,12.46,0.26,2024.0,0.517,0.075,0.405,1.0,0.0
BWA,BW,Botswana,fossil,R4,1.0,small,2562122.0,4.67,2.92,2024.0,0.0,0.0,0.333,0.0,1.0
BLR,BY,Belarus,fossil,R7,0.386,medium,9085991.0,44.92,15.1,2024.0,0.497,0.0,0.598,0.0,0.386
BLZ,BZ,Belize,hydro,R3,0.518,micro,422924.0,0.85,0.08,2024.0,0.13,0.104,0.333,0.518,0.0
CAN,CA,Canada,hydro,R3,0.547,large,41651653.0,645.63,118.07,2024.0,0.537,0.0,0.477,0.547,0.0
COD,CD,DR Congo,hydro,R3,1.0,medium,112832473.0,17.36,0.44,2024.0,0.113,0.0,0.477,1.0,0.0
CAF,CF,Central African Republic,hydro,R3,1.0,micro,5513282.0,0.14,0.0,2023.0,0.069,0.062,0.667,1.0,0.0
COG,CG,Congo,fossil,R4,0.782,small,6484437.0,5.38,3.91,2024.0,0.215,0.008,0.634,0.002,0.782
CIV,CI,Ivory Coast,fossil,R4,0.622,medium,32711547.0,10.06,4.37,2024.0,0.167,0.0,0.505,0.13,0.622
CHL,CL,Chile,geothermal,R2,0.756,medium,19859921.0,88.5,23.12,2024.0,0.136,0.756,0.613,0.037,0.0
CMR,CM,Cameroon,hydro,R3,0.867,small,29879337.0,7.32,1.64,2024.0,0.108,0.079,0.648,0.867,0.0
CHN,CN,China,fossil,R7,0.368,giga,1406585000.0,10558.25,5610.99,2024.0,0.539,0.164,0.329,0.0,0.368
COL,CO,Colombia,hydro,R3,0.819,medium,53425635.0,91.61,26.59,2024.0,0.156,0.158,0.581,0.819,0.0
CRI,CR,Costa Rica,hydro,R3,0.913,medium,5152950.0,12.45,0.28,2024.0,0.171,0.832,0.601,0.913,0.0
CUB,CU,Cuba,fossil,R4,1.0,medium,10937203.0,19.43,12.49,2024.0,0.059,0.055,0.994,0.0,1.0
CPV,CV,Cape Verde,islanded,R5,1.0,micro,527326.0,0.52,0.24,2024.0,0.05,0.0,1.0,0.0,0.585
CYP,CY,Cyprus,fossil,R4,0.645,small,1370754.0,5.91,2.96,2024.0,0.187,0.0,1.0,0.0,0.645
DJI,DJ,Djibouti,geothermal,R2,1.0,micro,1184076.0,0.8,0.09,2024.0,0.0,1.0,0.333,0.0,0.5
DMA,DM,Dominica,geothermal,R2,0.872,micro,65871.0,0.15,0.09,2023.0,0.188,0.872,1.0,0.0,0.933
DOM,DO,Dominican Republic,fossil,R4,0.724,medium,11520487.0,22.68,13.64,2024.0,0.16,0.042,0.825,0.0,0.724
DZA,DZ,Algeria,fossil,R4,1.0,medium,47435312.0,93.84,60.99,2024.0,0.0,0.17,0.55,0.0,1.0
ECU,EC,Ecuador,hydro,R3,0.965,medium,18289896.0,36.64,6.65,2024.0,0.292,0.329,0.646,0.965,0.0
EST,EE,Estonia,dense,R8,0.584,small,1366475.0,8.9,2.15,2024.0,0.584,0.0,0.333,0.0,0.0
EGY,EG,Egypt,fossil,R4,0.94,large,118365995.0,244.31,136.38,2024.0,0.016,0.076,0.495,0.0,0.94
ERI,ER,Eritrea,geothermal,R2,0.475,micro,3607003.0,0.45,0.26,2024.0,0.0,0.475,0.667,0.0,0.978
ESP,ES,Spain,islanded,R8,0.383,large,49355143.0,275.18,41.08,2024.0,0.28,0.072,0.383,0.0,0.0
ETH,ET,Ethiopia,hydro,R3,1.0,medium,135472051.0,31.02,0.59,2024.0,0.033,0.357,0.484,1.0,0.0
FIN,FI,Finland,dense,R8,0.667,medium,5646436.0,87.86,5.51,2024.0,0.667,0.0,0.473,0.0,0.0
FJI,FJ,Fiji,hydro,R3,0.536,small,933154.0,1.15,0.32,2024.0,0.204,0.326,1.0,0.536,0.0
FSM,FM,Micronesia,islanded,R5,1.0,micro,113683.0,0.0889,,,0.24,0.044,1.0,0.0,0.0
GAB,GA,Gabon,fossil,R7,0.492,small,2593130.0,3.18,1.36,2024.0,0.25,0.012,0.333,0.25,0.492
GRD,GD,Grenada,fossil,R4,1.0,micro,117303.0,0.24,0.16,2024.0,0.279,0.746,1.0,0.0,1.0
GEO,GE,Georgia,hydro,R3,0.98,medium,3935766.0,14.7,2.02,2024.0,0.323,0.136,0.482,0.98,0.0
GHA,GH,Ghana,fossil,R7,0.476,medium,35064272.0,21.83,11.38,2024.0,0.203,0.0,0.41,0.257,0.476
GMB,GM,Gambia,fossil,R4,1.0,micro,2822093.0,0.51,0.34,2024.0,0.187,0.029,0.833,0.0,1.0
GIN,GN,Guinea,hydro,R3,0.907,small,15099727.0,4.03,0.73,2024.0,0.075,0.0,0.667,0.907,0.0
GNQ,GQ,Equatorial Guinea,fossil,R4,0.663,small,1938431.0,1.49,0.96,2024.0,0.235,0.053,0.667,0.114,0.663
GRC,GR,Greece,fossil,R7,0.245,medium,10413962.0,55.39,18.37,2024.0,0.322,0.315,0.534,0.0,0.245
GTM,GT,Guatemala,geothermal,R2,0.394,medium,18687881.0,16.35,4.76,2024.0,0.143,0.394,0.586,0.332,0.0
GNB,GW,Guinea-Bissau,fossil,R4,1.0,micro,2249515.0,0.08,0.05,2024.0,0.071,0.028,0.667,0.0,1.0
GUY,GY,Guyana,fossil,R4,1.0,small,835986.0,1.38,0.89,2024.0,0.125,0.022,0.667,0.0,1.0
HND,HN,Honduras,geothermal,R2,0.812,medium,11005850.0,12.63,4.02,2024.0,0.113,0.812,0.638,0.174,0.091
HRV,HR,Croatia,dense,R8,0.42,medium,3876200.0,20.02,2.61,2024.0,0.42,0.106,0.327,0.322,0.0
HTI,HT,Haiti,fossil,R4,0.828,micro,11906095.0,0.86,0.46,2024.0,0.294,0.084,0.833,0.0,0.828
HUN,HU,Hungary,dense,R6,0.5,medium,9514251.0,49.24,7.01,2024.0,0.5,0.455,0.307,0.0,0.0
IDN,ID,Indonesia,geothermal,R2,0.766,large,285721236.0,372.5,253.06,2024.0,0.255,0.766,0.414,0.0,0.838
ISR,IL,Israel,fossil,R4,0.861,medium,10122800.0,75.7,43.46,2024.0,0.6,0.0,0.434,0.0,0.861
IND,IN,India,fossil,R4,0.667,giga,1463865525.0,2082.82,1439.15,2024.0,0.42,0.056,0.332,0.0,0.667
IRQ,IQ,Iraq,fossil,R4,1.0,large,47020774.0,156.83,102.28,2024.0,0.102,0.065,0.466,0.0,1.0
IRN,IR,Iran,fossil,R4,1.0,large,92417681.0,395.6,256.74,2024.0,0.127,0.112,0.403,0.0,1.0
ISL,IS,Iceland,geothermal,R2,1.0,medium,392404.0,19.05,0.53,2024.0,0.667,1.0,0.994,0.844,0.0
ITA,IT,Italy,geothermal,R2,0.522,large,58915656.0,311.83,75.3,2024.0,0.435,0.522,0.128,0.0,0.225
JAM,JM,Jamaica,fossil,R4,0.948,small,2837077.0,4.92,2.77,2024.0,0.221,0.12,1.0,0.0,0.948
JOR,JO,Jordan,fossil,R4,0.718,medium,11520684.0,23.73,12.54,2024.0,0.027,0.113,0.652,0.0,0.718
JPN,JP,Japan,dense,R6,0.816,giga,123366734.0,1029.97,491.51,2024.0,0.816,0.854,0.667,0.0,0.546
KEN,KE,Kenya,geothermal,R2,0.578,medium,57532493.0,15.58,1.13,2024.0,0.062,0.578,0.443,0.016,0.0
KGZ,KG,Kyrgyzstan,hydro,R3,1.0,medium,7343064.0,19.23,1.88,2024.0,0.178,0.005,0.327,1.0,0.0
KHM,KH,Cambodia,fossil,R7,0.382,medium,17847982.0,22.39,8.34,2024.0,0.14,0.116,0.325,0.165,0.382
KIR,KI,Kiribati,fossil,R4,0.7,micro,136488.0,0.04,0.02,2024.0,0.053,0.002,1.0,0.0,0.7
COM,KM,Comoros,fossil,R4,1.0,micro,882847.0,0.14,0.09,2023.0,0.404,0.0,1.0,0.0,1.0
KNA,KN,Saint Kitts and Nevis,geothermal,R2,0.505,micro,46922.0,0.23,0.14,2024.0,0.259,0.505,1.0,0.0,1.0
PRK,KP,North Korea,hydro,R3,0.712,medium,26571036.0,27.1,9.23,2024.0,0.283,0.029,0.655,0.712,0.0
KOR,KR,South Korea,dense,R6,0.871,large,51684564.0,624.66,259.92,2024.0,0.871,0.082,0.5,0.0,0.401
KWT,KW,Kuwait,fossil,R4,1.0,medium,4865298.0,89.22,58.75,2024.0,0.477,0.116,0.613,0.0,1.0
KAZ,KZ,Kazakhstan,fossil,R4,0.903,large,20843754.0,126.1,95.03,2024.0,0.456,0.0,0.545,0.0,0.903
LAO,LA,Laos,hydro,R3,0.941,medium,7873046.0,15.61,12.14,2024.0,0.194,0.087,0.33,0.941,0.0
LBN,LB,Lebanon,fossil,R7,0.324,small,5849421.0,5.34,2.08,2024.0,0.333,0.052,0.667,0.0,0.324
LCA,LC,Saint Lucia,fossil,R4,1.0,micro,180149.0,0.4,0.26,2024.0,0.232,1.0,1.0,0.0,1.0
LIE,LI,Liechtenstein,dense,R6,0.78,micro,41024.0,0.41,,,0.78,0.0,0.667,0.0,0.0
LKA,LK,Sri Lanka,islanded,R5,0.995,medium,21756000.0,17.25,6.41,2024.0,0.336,0.028,0.995,0.303,0.0
LBR,LR,Liberia,hydro,R3,0.544,micro,5731206.0,0.57,0.18,2024.0,0.192,0.0,0.667,0.544,0.112
LSO,LS,Lesotho,islanded,R8,0.5,micro,2363325.0,0.58,0.0,2024.0,0.0,0.0,0.5,0.0,0.0
LTU,LT,Lithuania,dense,R8,0.462,medium,2888774.0,12.48,0.86,2024.0,0.462,0.0,0.332,0.0,0.0
LVA,LV,Latvia,hydro,R3,0.449,small,1847785.0,7.73,0.85,2024.0,0.455,0.0,0.333,0.449,0.0
LBY,LY,Libya,fossil,R4,1.0,medium,7458555.0,34.59,28.6,2024.0,0.147,0.097,0.65,0.0,1.0
MAR,MA,Morocco,fossil,R4,0.734,medium,38430770.0,47.88,25.24,2024.0,0.0,0.084,0.468,0.0,0.734
MCO,MC,Monaco,dense,R1,0.941,micro,38341.0,0.2660144898590937,,,0.941,0.077,0.833,0.0,0.0
MDA,MD,Moldova,fossil,R4,0.628,small,2360527.0,5.52,3.85,2024.0,0.3,0.0,0.333,0.0,0.628
MNE,ME,Montenegro,hydro,R3,0.642,small,623129.0,3.49,1.49,2024.0,0.404,0.0,0.333,0.642,0.0
MDG,MG,Madagascar,islanded,R5,1.0,small,32740678.0,2.43,1.05,2024.0,0.008,0.083,1.0,0.284,0.352
MHL,MH,Marshall Islands,islanded,R5,1.0,micro,36282.0,0.0775999999999999,,,0.221,0.0,1.0,0.0,0.0
MKD,MK,North Macedonia,geothermal,R2,0.731,small,1820909.0,8.48,3.22,2024.0,0.339,0.731,0.333,0.0,0.138
MLI,ML,Mali,fossil,R4,0.811,small,25198821.0,5.46,3.21,2024.0,0.025,0.033,0.463,0.0,0.811
MMR,MM,Myanmar,hydro,R3,0.434,medium,54850648.0,21.92,10.92,2024.0,0.138,0.128,0.637,0.434,0.243
MNG,MN,Mongolia,fossil,R4,1.0,medium,3568978.0,12.41,7.21,2024.0,0.09,0.0,0.332,0.0,1.0
MRT,MR,Mauritania,fossil,R4,0.746,small,5315065.0,2.37,1.06,2024.0,0.01,0.0,0.385,0.0,0.746
MLT,MT,Malta,fossil,R4,0.88,small,579704.0,3.22,1.07,2024.0,0.581,0.03,0.667,0.0,0.88
MUS,MU,Mauritius,fossil,R4,0.842,small,1243741.0,3.41,2.19,2024.0,0.497,0.0,1.0,0.0,0.842
MDV,MV,Maldives,fossil,R4,1.0,micro,529676.0,0.85,0.52,2024.0,0.408,0.001,1.0,0.0,1.0
MWI,MW,Malawi,hydro,R3,1.0,small,22216120.0,1.81,0.1,2024.0,0.145,0.0,0.642,1.0,0.0
MEX,MX,Mexico,geothermal,R2,0.703,large,131946900.0,356.66,171.6,2024.0,0.039,0.703,0.429,0.0,0.681
MOZ,MZ,Mozambique,hydro,R3,1.0,medium,35631653.0,16.49,2.56,2024.0,0.075,0.072,0.329,1.0,0.0
NAM,,Namibia,hydro,R3,0.683,small,3092816.0,4.04,0.08,2024.0,0.0,0.027,0.667,0.683,0.0
NER,NE,Niger,fossil,R4,1.0,small,27917831.0,2.15,0.64,2024.0,0.0,0.12,0.333,0.0,1.0
NGA,NG,Nigeria,fossil,R7,0.574,medium,237527782.0,39.24,18.62,2024.0,0.229,0.096,0.517,0.181,0.574
NIC,NI,Nicaragua,geothermal,R2,0.564,small,7007502.0,5.42,1.36,2024.0,0.144,0.564,0.333,0.0,0.0
NOR,NO,Norway,hydro,R3,1.0,large,5610870.0,137.76,4.66,2024.0,0.667,0.0,0.246,1.0,0.0
NPL,NP,Nepal,hydro,R3,1.0,medium,29618118.0,11.03,0.27,2024.0,0.256,0.059,0.646,1.0,0.0
NRU,NR,Nauru,fossil,R4,0.8,micro,12025.0,0.05,0.03,2024.0,0.484,0.0,1.0,0.0,0.8
NZL,NZ,New Zealand,geothermal,R2,0.572,medium,5324700.0,43.34,4.93,2024.0,0.567,0.572,0.977,0.581,0.0
OMN,OM,Oman,fossil,R4,1.0,medium,5494691.0,52.84,26.65,2024.0,0.333,0.073,0.638,0.0,1.0
PAN,PA,Panama,hydro,R3,0.552,medium,4571189.0,13.29,2.97,2024.0,0.223,0.337,0.641,0.552,0.0
PER,PE,Peru,hydro,R3,0.601,medium,34576665.0,60.47,15.34,2024.0,0.0,0.334,0.631,0.601,0.0
PNG,PG,Papua New Guinea,geothermal,R2,0.607,small,10762817.0,4.73,2.43,2024.0,0.231,0.607,0.833,0.019,0.726
PHL,PH,Philippines,geothermal,R2,0.741,large,116786962.0,123.12,78.16,2024.0,0.419,0.741,0.923,0.0,0.734
PAK,PK,Pakistan,islanded,R8,0.547,large,255219554.0,177.6,52.72,2024.0,0.203,0.098,0.547,0.055,0.0
PRT,PT,Portugal,islanded,R8,0.466,medium,10804871.0,60.43,5.23,2024.0,0.312,0.176,0.466,0.162,0.0
PLW,PW,Palau,islanded,R5,1.0,micro,17663.0,0.09994,,,0.368,0.161,1.0,0.0,0.0
PRY,PY,Paraguay,hydro,R3,1.0,medium,7013078.0,29.65,1.05,2024.0,0.232,0.322,0.32,1.0,0.0
QAT,QA,Qatar,fossil,R4,1.0,medium,2972215.0,56.18,32.97,2024.0,0.443,0.009,0.802,0.0,1.0
ROU,RO,Romania,islanded,R8,0.479,medium,19020271.0,53.6,13.69,2024.0,0.312,0.075,0.479,0.071,0.0
SRB,RS,Serbia,geothermal,R2,0.785,medium,6549143.0,37.99,24.69,2024.0,0.478,0.785,0.57,0.038,0.644
RUS,RU,Russia,fossil,R7,0.486,giga,143513328.0,1176.1,539.49,2024.0,0.633,0.199,0.302,0.0,0.486
RWA,RW,Rwanda,hydro,R3,0.434,small,14569341.0,1.22,0.4,2024.0,0.479,0.853,0.503,0.434,0.209
SAU,SA,Saudi Arabia,fossil,R4,1.0,large,36973555.0,454.59,314.59,2024.0,0.333,0.122,0.364,0.0,1.0
SLB,SB,Solomon Islands,geothermal,R2,0.374,micro,838645.0,0.11,0.07,2024.0,0.231,0.374,1.0,0.0,1.0
SYC,SC,Seychelles,fossil,R4,0.883,micro,122730.0,0.63,0.35,2024.0,0.401,0.085,1.0,0.0,0.883
SDN,SD,Sudan,hydro,R3,0.964,medium,51662147.0,15.57,2.27,2024.0,0.0,0.084,0.549,0.964,0.0
SWE,SE,Sweden,hydro,R3,0.335,large,10596620.0,136.7,6.01,2024.0,0.667,0.0,0.247,0.335,0.0
SGP,SG,Singapore,dense,R1,0.927,medium,6111175.0,60.44,29.73,2024.0,0.927,0.139,0.955,0.0,1.0
SVN,SI,Slovenia,islanded,R8,0.588,medium,2130986.0,14.39,3.85,2024.0,0.554,0.176,0.588,0.121,0.0
SVK,SK,Slovakia,dense,R6,1.0,medium,5413813.0,26.74,2.86,2024.0,1.0,0.093,0.46,0.0,0.0
SLE,SL,Sierra Leone,hydro,R3,1.0,micro,8819794.0,0.21,0.01,2024.0,0.162,0.009,0.667,1.0,0.0
SMR,SM,San Marino,dense,R6,0.733,micro,34109.0,0.1805328191542159,,,0.733,0.0,0.833,0.0,0.0
SEN,SN,Senegal,fossil,R4,0.804,small,18931966.0,8.13,4.12,2024.0,0.046,0.031,0.53,0.0,0.804
SOM,SO,Somalia,fossil,R4,0.781,micro,19654739.0,0.43,0.22,2024.0,0.008,0.085,0.667,0.0,0.781
SUR,SR,Suriname,hydro,R3,0.529,small,639850.0,1.74,0.56,2024.0,0.15,0.014,0.667,0.529,0.143
SSD,SS,South Sudan,fossil,R4,1.0,micro,12188788.0,0.56,0.36,2024.0,0.071,0.089,0.667,0.0,1.0
STP,ST,São Tomé and Príncipe,fossil,R4,0.978,micro,240254.0,0.09,0.05,2023.0,0.394,0.01,1.0,0.0,0.978
SLV,SV,El Salvador,geothermal,R8,1.0,small,6365503.0,6.25,0.74,2024.0,0.17,1.0,0.592,0.172,0.0
SYR,SY,Syria,fossil,R4,1.0,medium,25620427.0,24.28,17.57,2024.0,0.024,0.085,0.602,0.0,1.0
SWZ,SZ,Eswatini,hydro,R3,0.623,small,1256174.0,1.65,0.08,2024.0,0.1,0.042,0.333,0.623,0.0
TCD,TD,Chad,fossil,R4,1.0,micro,21003705.0,0.37,0.23,2024.0,0.0,0.092,0.667,0.0,1.0
TGO,TG,Togo,fossil,R4,0.608,small,8591626.0,2.21,0.3,2024.0,0.184,0.066,0.333,0.0,0.608
THA,TH,Thailand,fossil,R4,0.869,large,71619863.0,225.1,110.81,2024.0,0.251,0.105,0.187,0.0,0.869
TJK,TJ,Tajikistan,hydro,R3,1.0,medium,10786734.0,18.74,1.58,2024.0,0.096,0.328,0.327,1.0,0.0
TLS,TL,Timor-Leste,geothermal,R2,0.411,micro,1418517.0,0.51,0.34,2024.0,0.096,0.411,0.833,0.0,1.0
TKM,TM,Turkmenistan,fossil,R4,1.0,medium,7618847.0,24.01,43.12,2024.0,0.154,0.0,0.324,0.0,1.0
TUN,TN,Tunisia,fossil,R4,1.0,medium,12348573.0,24.9,11.93,2024.0,0.013,0.265,0.425,0.0,1.0
TON,TO,Tonga,geothermal,R2,0.706,micro,103742.0,0.07,0.04,2024.0,0.202,0.706,1.0,0.0,0.914
TUR,TR,Türkiye,geothermal,R2,0.721,large,85878556.0,351.77,160.66,2024.0,0.226,0.721,0.421,0.0,0.335
TTO,TT,Trinidad and Tobago,fossil,R4,1.0,small,1367764.0,9.55,6.51,2024.0,0.509,0.027,1.0,0.0,1.0
TUV,TV,Tuvalu,islanded,R5,1.0,micro,9492.0,0.009798515,,,0.3,0.0,1.0,0.0,0.0
TZA,TZ,Tanzania,fossil,R7,0.542,small,70545865.0,9.03,3.05,2024.0,0.06,0.055,0.62,0.195,0.542
UKR,UA,Ukraine,dense,R6,0.894,large,38980376.0,111.61,27.93,2022.0,0.894,0.0,0.596,0.0,0.0
UGA,UG,Uganda,hydro,R3,1.0,small,51384894.0,5.37,0.34,2024.0,0.19,0.028,0.485,1.0,0.0
URY,UY,Uruguay,islanded,R8,0.33,medium,3384688.0,14.75,0.93,2024.0,0.235,0.028,0.33,0.12,0.0
UZB,UZ,Uzbekistan,fossil,R4,0.812,medium,37053428.0,89.63,84.77,2024.0,0.134,0.0,0.54,0.0,0.812
VCT,VC,Saint Vincent and the Grenadines,fossil,R4,0.933,micro,99924.0,0.15,0.09,2024.0,0.244,1.0,1.0,0.0,0.933
VEN,VE,Venezuela,hydro,R3,1.0,medium,28516896.0,80.13,6.88,2024.0,0.139,0.324,0.619,1.0,0.0
VNM,VN,Vietnam,fossil,R7,0.291,large,101598527.0,313.6,147.84,2024.0,0.504,0.127,0.435,0.217,0.291
VUT,VU,Vanuatu,geothermal,R2,0.897,micro,335169.0,0.08,0.04,2023.0,0.265,0.897,1.0,0.0,0.7
WSM,WS,Samoa,islanded,R5,1.0,micro,219306.0,0.16,0.06,2024.0,0.156,0.0,1.0,0.0,0.325
YEM,YE,Yemen,fossil,R4,0.975,small,41773878.0,5.25,3.11,2024.0,0.0,0.197,0.667,0.0,0.975
ZAF,ZA,South Africa,fossil,R4,0.843,large,64747319.0,236.84,177.65,2024.0,0.092,0.0,0.457,0.0,0.843
ZMB,ZM,Zambia,hydro,R3,1.0,medium,21913874.0,16.6,2.48,2024.0,0.0,0.009,0.329,1.0,0.0
ZWE,ZW,Zimbabwe,hydro,R3,0.593,medium,16950795.0,12.1,3.94,2024.0,0.0,0.0,0.332,0.593,0.058
USW,UW,United States (West),geothermal,R2,0.783,large,77086362.04914951,803.1503260915448,229.11,2024.0,0.333,0.783,0.325,0.0,0.131
USE,UE,United States (East),fossil,R7,0.438,giga,262411848.2816248,3715.99504192722,1416.52,2024.0,0.5,0.0,0.325,0.0,0.438
AUN,XN,Australia (NEM),fossil,R7,0.42,large,24533798.21470373,265.62294598,140.94,2024.0,0.396,0.07,0.826,0.0,0.42
AUW,XW,Australia (SWIS),islanded,R5,0.992,medium,3080612.785296269,21.077054019999995,11.43,2024.0,0.29,0.0,0.992,0.0,0.499
MYW,XP,Malaysia (Peninsular),fossil,R4,1.0,large,29436412.909090903,158.95176239494754,107.08,2024.0,0.502,0.133,0.716,0.0,1.0
MYE,XB,Malaysia (Borneo),hydro,R3,0.692,medium,6541425.090909091,40.95823760505246,10.74,2024.0,0.487,0.137,0.646,0.692,0.0
NWE,XW,North-West Europe,dense,R8,0.626,giga,329531844.0,1989.16,450.77,2024.0,0.626,0.364,0.301,0.0,0.0
