iso2,iso3,name,capital,population,population_year,population_source,demand_twh,demand_year,demand_source,demand_kwh_per_capita,demand_un_twh,demand_un_year,ember_year,population_2050,demand_kwh_per_capita_2050,demand_twh_2050,pvout_kwh_per_kwp_day,cf_solar_realized,cf_wind_realized,share_fossil_pct,share_coal_pct,share_gas_pct,share_nuclear_pct,share_hydro_pct,share_wind_pct,share_solar_pct,geothermal_capacity_mw,egs_suitable_share,t5km_p90_c,heat_flow_mean_mwm2,plate_share_300km,plate_distance_km,geothermal_favourable,net_import_share_pct,n_land_borders,is_island,pop_density_per_km2,protected_area_pct,land_area_km2,latitude,longitude,net_imports_twh,total_generation_twh,gen_coal_twh,cap_coal_gw,gen_gas_twh,cap_gas_gw,gen_other_fossil_twh,cap_other_fossil_gw,gen_nuclear_twh,cap_nuclear_gw,gen_hydro_twh,cap_hydro_gw,gen_wind_twh,cap_wind_gw,gen_solar_twh,cap_solar_gw,gen_bioenergy_twh,cap_bioenergy_gw,gen_other_renewables_twh,cap_other_renewables_gw,share_other_fossil_pct,n_cells
AD,AND,Andorra,Andorra la Vella,82904.0,2025,worldbank,0.5463300000000001,2024.0,un_energy_stats,6589.911222618935,0.5463300000000001,2024.0,,82195.0,9225.875711666507,0.7583208541204286,4.2,,,,,,,,,,0.0,0.0,174.29118766246307,81.14575492284607,0.0,649.6064487534549,False,,2,False,172.034042553191,27.3,470.0,42.5,1.5165,,,,,,,,,,,,,,,,,,,,,,5.0
AE,ARE,United Arab Emirates,Abu Dhabi,11513149.0,2025,worldbank,177.02,2024.0,ember,15375.46330721508,153.47757,2023.0,2024.0,15414665.0,21525.64863010112,331.8106625407176,5.0,0.2671232876712329,0.20755500207555,68.26695249915379,0.0,68.26695249915379,22.9211327992779,,0.1128286133363421,8.580616044228817,0.0,0.0,180.3706627039145,70.4057070483966,0.448010851366218,247.43605197024667,False,-0.1355779008021692,2,False,147.616882568291,19.2,71020.0,24.4667,54.3666,-0.24,177.26,0.0,0.0,121.01,41.7,0.0,,40.63,5.56,,,0.2,0.11,15.21,6.5,0.21,0.01,,,0.0,631.0
AF,AFG,Afghanistan,Kabul,43844111.0,2025,worldbank,6.82,2024.0,ember,155.55110696622404,7.0724,2024.0,2024.0,76885135.0,966.0779687982456,74.2770350515789,5.02,,,13.131313131313131,3.0303030303030303,0.0,0.0,75.75757575757576,0.0,11.11111111111111,0.0,0.0413381463685644,182.9297082881426,74.43867477751826,0.3026816236727293,234.14945508632644,False,85.48387096774194,6,False,63.5585008355948,3.6,652230.0,34.5167,69.1833,5.83,0.99,0.03,,0.0,0.04,0.1,0.24,0.0,0.0,0.75,0.47,0.0,0.0,0.11,0.06,0.0,0.0,0.0,0.0,10.1010101010101,6250.0
AG,ATG,Antigua and Barbuda,Saint John's,94209.0,2025,worldbank,0.37,2024.0,ember,3927.437930558652,0.355,2024.0,2024.0,95055.0,5498.413102782112,0.5226516574849537,4.77,,,91.89189189189187,0.0,0.0,0.0,0.0,0.0,8.108108108108109,0.0,0.0,177.82199411153516,64.94926156799855,1.0,202.56865671486568,False,0.0,0,True,212.081818181818,16.5,440.0,17.118,-61.85,0.0,0.37,0.0,,0.0,,0.34,0.0,0.0,0.0,0.0,0.0,0.0,0.0,0.03,0.02,0.0,0.0,0.0,0.0,91.89189189189187,4.0
AL,ALB,Albania,Tirana,2349580.0,2025,worldbank,8.427712,2024.0,un_energy_stats,3586.901488776717,8.427712,2024.0,,1836293.0,5021.6620842874045,9.22124293374237,4.04,,,,,,,,,,0.0,0.0,106.62862512127938,36.318765956881904,0.6258502887906647,287.1527601776227,False,,4,False,88.0167153284672,23.6,27400.0,41.3275,19.8189,,,,,,,,,,,,,,,,,,,,,,301.0
AM,ARM,Armenia,Yerevan,3086700.0,2025,worldbank,7.03,2025.0,ember,2277.5132018012764,7.295639,2023.0,2025.0,2635492.0,3696.630791789688,9.742440878715389,4.11,0.1173708920187793,,38.39907192575407,0.0,38.39907192575407,31.09048723897912,22.041763341067288,0.0,8.468677494199536,0.0,0.0221144566331918,184.2439785893906,76.07262157393126,0.3190442227665832,285.084687209483,False,-22.61735419630156,4,False,105.119108748259,38.9,28199.44,40.1812,44.5136,-1.59,8.62,0.0,,3.31,1.83,0.0,,2.68,0.45,1.9,1.34,0.0,0.0,0.73,0.71,0.0,0.0,0.0,0.0,0.0,315.0
AO,AGO,Angola,Luanda,39040039.0,2025,worldbank,15.59,2024.0,ember,399.3336174689785,15.313971,2023.0,2024.0,74295394.0,1547.9023563564565,115.00201543903134,4.66,0.1395230847285641,,26.2989095574086,0.0,8.980115458627326,0.0,70.55805003207185,0.0,2.8223220012828736,0.0,0.0,148.46181188981905,61.78143836697959,0.0,1818.995002030559,False,0.0,3,False,29.4777460495709,10.8,1246700.0,-8.8383,13.2344,0.0,15.59,0.0,,1.4,0.72,2.7,1.64,0.0,0.0,11.0,3.73,0.0,0.0,0.44,0.36,0.05,0.05,0.0,0.0,17.31879409878127,10355.0
AR,ARG,Argentina,Buenos Aires,45851378.0,2025,worldbank,162.43,2025.0,ember,3542.532571213018,158.377983,2024.0,2025.0,48308944.0,4959.545599698225,239.590410641268,4.6,0.2265474868214594,0.4723490613901572,58.388297524978775,0.875073466988833,53.647227845621366,7.026709331940181,17.142297394370797,12.159602951740352,3.3566250897929866,0.6,0.0670614456868898,186.1249382856126,77.54976536626822,0.0811270536486552,1338.4371068695143,False,5.725543310964723,5,False,16.6399559321662,8.8,2736690.0,-34.6025,-58.3975,9.3,153.13,1.34,0.65,82.15,22.94,5.92,4.45,10.76,1.75,26.25,9.19,18.62,4.5,5.14,2.59,2.95,0.43,,,3.865996212368576,27859.0
AZ,AZE,Azerbaijan,Baku,10246996.0,2025,worldbank,26.41,2025.0,ember,2577.3407152691384,25.478,2023.0,2025.0,11025141.0,3932.434906214575,43.35564931433746,3.82,0.0,,90.09468317552805,0.0,89.7305171158048,0.0,9.213401310997812,0.3277494537509104,0.0,0.0,0.0,149.229458263612,53.30018687156949,0.0552567104661752,625.1727822249505,False,-3.975766755017039,5,False,122.854906231095,22.1,82650.0,40.3953,49.8622,-1.05,27.46,0.0,,24.64,7.14,0.1,,0.0,0.0,2.53,1.44,0.09,0.06,0.0,0.28,0.1,0.0,0.0,0.04,0.3641660597232338,918.0
BA,BIH,Bosnia and Herzegovina,Sarajevo,3140095.0,2025,worldbank,12.23,2025.0,ember,3894.7866226977208,11.854,2023.0,2025.0,2455167.0,5452.701271776808,13.387292223324453,3.57,0.1005247733933074,0.1759893455098934,56.680440771349865,55.6473829201102,0.0,0.0,36.43250688705234,2.5482093663911844,4.0633608815427,0.0,0.0136087383938142,152.87768758369188,60.06436957458067,0.0,521.6255986137252,False,-18.724448078495502,3,False,62.20845703125,9.5,51200.0,43.85,18.383,-2.29,14.52,8.08,2.09,0.0,,0.15,,0.0,0.0,5.29,1.88,0.37,0.24,0.59,0.67,0.04,0.01,0.0,0.0,1.0330578512396695,584.0
BB,BRB,Barbados,Bridgetown,282623.0,2025,worldbank,1.11,2024.0,ember,3927.493516097416,1.0559,2024.0,2024.0,264216.0,5498.490922536382,1.4527892775888729,4.72,,,90.990990990991,0.0,2.702702702702702,0.0,0.0,0.0,9.009009009009008,0.0,0.0,132.1381813964331,54.96002183119846,1.0,221.85275518282089,False,0.0,0,True,656.595348837209,1.1,430.0,13.102,-59.6165,0.0,1.11,0.0,,0.03,,0.98,0.3,0.0,0.0,0.0,0.0,0.0,0.0,0.1,0.07,0.0,0.0,0.0,0.0,88.28828828828829,3.0
BD,BGD,Bangladesh,Dhaka,175686899.0,2025,worldbank,118.06,2025.0,ember,671.9909149287222,107.393,2023.0,2025.0,214709097.0,2007.9704902145183,431.1295307566066,3.88,0.1548540798094103,,97.86266924564796,21.50870406189555,64.29400386847195,0.0,0.6286266924564796,0.0,1.5087040618955512,0.0,0.0,155.66651196281583,63.044161806837,0.4250870998168979,353.2215543360166,False,12.417414873792987,2,False,1319.17979689183,4.2,129980.0,23.7231,90.4086,14.66,103.4,22.24,7.36,66.48,13.05,12.47,7.83,0.0,0.0,0.65,0.23,0.0,0.06,1.56,1.15,0.0,0.05,0.0,0.0,12.059961315280464,1210.0
BF,BFA,Burkina Faso,Ouagadougou,24074580.0,2025,worldbank,3.19,2024.0,ember,132.50490766609428,3.15,2024.0,2024.0,37304383.0,891.6442373483752,33.262238129786695,4.57,0.0597956077408132,,82.84023668639054,0.0,0.0,0.0,5.325443786982249,0.0,6.508875739644971,0.0,0.0004420659538043,132.33747596749546,46.63414001736578,0.0,1957.3783392379885,False,47.02194357366771,6,False,84.1585380116959,16.8,273600.0,12.3703,-1.5247,1.5,1.69,0.0,,0.0,,1.4,0.4,0.0,0.0,0.09,0.03,0.0,0.0,0.11,0.21,0.09,0.0,0.0,0.0,82.84023668639054,2267.0
BG,BGR,Bulgaria,Sofia,6433302.0,2025,worldbank,36.66,2025.0,ember,5698.473350077456,37.046646,2024.0,2025.0,5159435.0,7977.862690108438,41.16126398853963,3.7,0.1334708604717644,0.2122322978969708,28.067403896787788,22.51184834123224,4.870984728804634,39.09952606635071,6.661400737230121,3.475513428120064,18.19378620326488,0.0,0.0221591071173034,164.7074582102591,66.21629608900172,0.6123677276580987,310.05691069084816,False,-3.600654664484452,5,False,59.3827929255711,44.3,108560.0,42.6833,23.3167,-1.32,37.98,8.55,4.66,1.85,1.18,0.26,,14.85,2.01,2.53,2.55,1.32,0.71,6.91,5.91,1.71,0.09,0.0,0.0,0.6845708267509216,1243.0
BH,BHR,Bahrain,Manama,1600366.0,2025,worldbank,38.44,2024.0,ember,24019.50553810816,-0.0254819999999999,2024.0,2024.0,2072986.0,33627.30775335142,69.70893819038895,4.87,,,99.7364953886693,0.0,99.7364953886693,0.0,0.0,0.0,0.2635046113306982,0.0,0.0,154.88238545220298,66.11951478479214,1.0,232.23264666237424,False,1.2747138397502602,0,True,1971.32375,11.7,800.0,26.2361,50.5831,0.49,37.95,0.0,,37.85,9.28,0.0,,0.0,0.0,0.0,0.0,0.0,0.0,0.1,0.07,0.0,0.0,0.0,0.0,0.0,4.0
BI,BDI,Burundi,Gitega,14390003.0,2025,worldbank,0.57,2024.0,ember,39.61083260371801,0.43,2024.0,2024.0,24131720.0,487.5089697865138,11.764429956376611,4.17,,,24.489795918367346,0.0,0.0,0.0,73.46938775510205,0.0,0.0,0.0,0.3217062311373554,290.98393743819923,92.2612467047572,1.0,117.22464133679703,True,14.035087719298248,3,False,533.078271028037,7.6,25680.0,-3.4271,29.9246,0.08,0.49,0.0,,0.0,,0.12,0.05,0.0,0.0,0.36,0.06,0.0,0.0,0.0,0.01,0.01,0.0,0.0,0.0,24.489795918367346,227.0
BJ,BEN,Benin,Porto-Novo,14814460.0,2025,worldbank,2.31,2024.0,ember,155.92873449319112,2.077561,2023.0,2024.0,24433809.0,967.2499195963508,23.63359979068259,4.2,,,96.03960396039604,0.0,72.27722772277228,0.0,0.0,0.0,3.96039603960396,0.0,0.0010326712103297,171.00970910663474,68.7948111498351,0.0,1889.5704778602485,False,56.27705627705628,4,False,125.142195814118,36.1,112760.0,6.4833,2.6166,1.3,1.01,0.0,,0.73,0.13,0.24,0.17,0.0,0.0,0.0,0.0,0.0,0.0,0.04,0.04,0.0,0.0,0.0,0.0,23.76237623762376,962.0
BN,BRN,Brunei,Bandar Seri Begawan,466330.0,2025,worldbank,5.56,2024.0,ember,11922.887225784316,5.488707000000001,2023.0,2024.0,519551.0,16692.04211609804,8.672367173460854,3.9,,,99.8201438848921,19.784172661870507,79.13669064748203,0.0,0.0,0.0,0.1798561151079137,0.0,0.1458312976408256,203.66577094974903,82.32158328811978,0.0,608.889983209442,True,0.0,1,False,87.0870967741936,39.9,5270.0,4.8833,114.9333,0.0,5.56,1.1,0.22,4.4,1.14,0.05,0.01,0.0,0.0,0.0,0.0,0.0,0.0,0.01,0.01,0.0,0.0,0.0,0.0,0.8992805755395684,48.0
BO,BOL,Bolivia,Sucre,12581843.0,2025,worldbank,13.63,2025.0,ember,1083.307111684671,11.536692,2023.0,2025.0,16110162.0,2549.478901679327,41.07251812163603,4.94,0.2403268445085316,0.228310502283105,63.90315480557594,0.0,62.43580337490829,0.0,27.879677182685253,2.054292002934703,2.934702861335289,0.0,0.1595551098944464,237.1004580694235,78.14694166107795,0.7248276405236851,188.18636075372945,True,0.0,5,False,11.3026483891812,30.9,1083300.0,-19.041,-65.2595,0.0,13.63,0.0,,8.51,2.35,0.2,0.04,0.0,0.0,3.8,0.72,0.28,0.14,0.4,0.19,0.44,0.26,0.0,0.0,1.4673514306676447,9217.0
BR,BRA,Brazil,Brasília,212812405.0,2025,worldbank,762.12,2025.0,ember,3581.182215388243,754.372766,2024.0,2025.0,217489299.0,5013.65510154354,1090.4163334624782,4.4,0.1564186344286167,0.3849261379186621,11.284025954991806,2.290381463765606,7.308168893981587,2.114505749270516,51.78074160926279,15.666262507827804,11.8103207067006,0.0,0.0257445011986964,165.75947730995702,62.87361706253844,0.0024605494326098,1678.0033183419962,False,1.520757885897234,10,False,25.2616884857157,30.6,8358140.0,-15.7833,-47.9161,11.59,750.53,17.19,3.0,54.85,19.45,12.65,8.01,15.87,1.99,388.63,110.27,117.58,34.87,88.64,64.69,55.12,18.36,,,1.6854755972446138,70654.0
BS,BHS,Bahamas,Nassau,403033.0,2025,worldbank,2.25,2024.0,ember,5582.6694092047055,2.23937,2024.0,2024.0,424265.0,7815.737172886587,3.315943731654728,4.55,,,99.11111111111111,0.0,0.0,0.0,0.0,0.0,0.8888888888888888,0.0,0.0,173.1777937471069,68.57433087095025,0.2132467246982981,591.3217896362984,False,0.0,0,True,39.9040959040959,34.6,10010.0,25.0834,-77.35,0.0,2.25,0.0,,0.0,0.13,2.23,0.93,0.0,0.0,0.0,0.0,0.0,0.0,0.02,0.02,0.0,0.0,0.0,0.0,99.11111111111111,110.0
BT,BTN,Bhutan,Thimphu,796682.0,2025,worldbank,12.46,2024.0,ember,15639.86634566866,7.553511,2024.0,2024.0,882340.0,21895.812883936123,19.3195515400122,3.92,,,0.0,0.0,0.0,0.0,100.0,0.0,0.0,0.0,0.0382148660778292,172.45462493031857,66.43158795737781,1.0,60.88028567331101,False,11.717495987158909,2,False,20.6183796539067,51.6,38140.0,27.473,89.639,1.46,11.0,0.0,,0.0,,0.0,0.01,0.0,0.0,11.0,2.45,0.0,0.0,0.0,0.0,0.0,0.0,0.0,0.0,0.0,364.0
BW,BWA,Botswana,Gaborone,2562122.0,2025,worldbank,4.67,2024.0,ember,1822.7078960330537,1.384541,2024.0,2024.0,3437430.0,3306.999754490212,11.367580166077287,5.11,,,99.70845481049562,98.25072886297376,0.0,0.0,0.0,0.0,0.2915451895043731,0.0,0.0,145.30254028332135,55.19509895630258,0.2187918957730241,161.79795112310674,False,26.5524625267666,3,False,4.37641204806522,27.6,566730.0,-24.6463,25.9119,1.24,3.43,3.37,0.73,0.0,,0.05,0.07,0.0,0.0,0.0,0.0,0.0,0.0,0.01,0.07,0.0,0.0,0.0,0.0,1.4577259475218658,5062.0
BY,BLR,Belarus,Minsk,9085991.0,2025,worldbank,44.92,2025.0,ember,4943.874586712665,38.589485,2023.0,2025.0,7511115.0,6921.424421397731,51.98761479292682,2.95,0.0,0.3900304414003044,59.29725010912265,0.0436490615451767,55.10694020078568,37.036228721082495,1.7677869925796594,0.8948057616761239,0.0,0.0,0.0,102.89464556932909,38.81568140392031,0.0,1458.0386489542411,False,-2.0035618878005343,5,False,45.217077292187,9.2,202983.0,53.9,27.5666,-0.9,45.82,0.02,,25.25,9.76,1.9,,16.97,2.34,0.81,0.09,0.41,0.12,0.0,0.28,0.46,0.1,0.0,0.0,4.146660846791794,2809.0
BZ,BLZ,Belize,Belmopan,422924.0,2025,worldbank,0.85,2024.0,ember,2009.8173667136407,0.7941,2024.0,2024.0,516627.0,3472.593296123496,1.7940354567963934,4.18,,,12.765957446808512,0.0,0.0,0.0,51.06382978723405,0.0,2.127659574468085,0.0,0.0258285290475431,181.106815872762,71.26089386314335,1.0,150.53060224318838,False,44.70588235294118,2,False,18.0230600613766,37.3,22810.0,17.252,-88.7671,0.38,0.47,0.0,,0.0,,0.06,0.15,0.0,0.0,0.24,0.06,0.0,0.0,0.01,0.01,0.16,0.04,0.0,0.0,12.765957446808512,193.0
CA,CAN,Canada,Ottawa,41651653.0,2025,worldbank,645.63,2025.0,ember,15500.705338153086,589.360568,2024.0,2025.0,46610680.0,21700.98747341432,1011.4977828073232,3.82,0.1957772182309594,0.3312690151503452,23.03235596155909,3.992765507410757,17.873181797280935,13.077264993945713,52.83938506812992,7.890501663013657,1.5587879159450058,0.0,0.0079547494811505,142.10135439818157,53.33713792544952,0.0298222508300981,2802.918296080248,False,-1.0532348248997103,1,False,4.5568841808231,12.9,8788700.0,45.4167,-75.7,-6.8,652.43,26.05,3.38,116.61,27.19,7.61,2.28,85.32,12.67,344.74,84.13,51.48,17.74,10.17,5.93,10.45,2.67,,,1.1664086568674037,168724.0
CD,COD,DR Congo,Kinshasa,112832473.0,2025,worldbank,17.36,2024.0,ember,153.856416849075,14.605515,2023.0,2024.0,218246072.0,960.8009685124438,209.6910373516365,4.26,,,0.0,0.0,0.0,0.0,84.17085427135679,0.0,15.766331658291456,0.0,0.0030677125718155,149.94949928252095,56.108898012321816,0.2007770967118537,1513.0270602650428,False,8.294930875576037,9,False,46.6640484329856,14.9,2267050.0,-4.3297,15.315,1.44,15.92,0.0,,0.0,,0.0,0.42,0.0,0.0,13.4,3.25,0.0,0.0,2.51,0.03,0.01,0.0,0.0,0.0,0.0,18973.0
CF,CAF,Central African Republic,Bangui,5513282.0,2025,worldbank,0.14,2023.0,ember,25.39322312916336,0.194953,2024.0,2023.0,10616753.0,390.33234400313296,4.144062084192294,4.47,,,0.0,0.0,0.0,0.0,100.0,0.0,0.0,0.0,0.0025808606909449,168.5265824586364,64.72180460953638,0.0,1321.0016857847756,False,0.0,6,False,8.27060419275097,14.8,622980.0,4.3666,18.5583,0.0,0.14,0.0,,0.0,,0.0,0.07,0.0,0.0,0.14,0.02,0.0,0.0,0.0,0.04,0.0,0.0,0.0,0.0,0.0,5048.0
CG,COG,Congo,Brazzaville,6484437.0,2025,worldbank,5.38,2024.0,ember,829.6788140589538,3.042055,2023.0,2024.0,11006471.0,2231.1595380773924,24.55719275222221,3.77,,,79.12087912087912,0.0,73.80952380952381,0.0,20.14652014652015,0.0,0.1831501831501831,0.0,0.0003549712794592,152.45002052266085,56.718377307468735,0.0,1516.2636775206192,False,-1.4869888475836432,5,False,18.1050805270864,36.6,341500.0,-4.2592,15.2847,-0.08,5.46,0.0,,4.03,0.53,0.29,0.06,0.0,0.0,1.1,0.21,0.0,0.0,0.01,0.0,0.03,0.01,0.0,0.0,5.311355311355311,2812.0
CI,CIV,Ivory Coast,Yamoussoukro,32711547.0,2025,worldbank,10.06,2024.0,ember,307.53666281817857,12.688736,2023.0,2024.0,55746985.0,1358.3887429263657,75.72607687608495,4.0,,,71.08433734939759,0.0,70.89898053753475,0.0,27.803521779425395,0.0,0.1853568118628359,0.0,0.0,134.26306365982697,46.24082035493073,0.0,1226.6001205957523,False,-7.256461232604374,5,False,98.0052012578616,22.9,318000.0,6.8184,-5.2755,-0.73,10.79,0.0,,7.65,1.47,0.02,0.2,0.0,0.0,3.0,0.99,0.0,0.0,0.02,0.04,0.1,0.0,0.0,0.0,0.1853568118628359,2631.0
CL,CHL,Chile,Santiago,19859921.0,2025,worldbank,88.5,2025.0,ember,4456.211079590901,89.573449,2024.0,2025.0,20320306.0,6238.695511427261,126.77220183302845,5.36,0.2085637125469221,0.2248159537787718,33.62711864406779,17.76271186440678,15.299435028248588,0.0,22.23728813559322,13.084745762711863,25.062146892655367,83.58,0.282733141910147,299.2524982435668,93.02339061652954,0.9728054774995752,203.9110814933836,True,0.0,3,False,26.4647249005172,21.6,742831.64,-33.45,-70.667,0.0,88.5,15.72,3.12,13.54,5.0,0.5,1.99,0.0,0.0,19.68,7.64,11.58,5.88,22.18,12.14,5.03,0.77,0.27,0.0,0.5649717514124294,7699.0
CM,CMR,Cameroon,Yaoundé,29879337.0,2025,worldbank,7.32,2024.0,ember,244.98535559875376,7.967049,2023.0,2024.0,51096317.0,1212.3993292609998,61.94914045850742,4.28,,,26.859504132231407,0.0,22.03856749311295,0.0,72.03856749311295,0.0,0.5509641873278237,0.0,0.0129883123169318,173.83971067829106,63.88640200438753,0.0,2046.7277683136083,False,0.819672131147541,6,False,60.0213386642973,11.0,472710.0,3.8667,11.5167,0.06,7.26,0.0,,1.6,0.22,0.35,0.15,0.0,0.0,5.23,1.41,0.0,0.0,0.04,0.09,0.04,0.0,0.0,0.0,4.820936639118457,3779.0
CN,CHN,China,Beijing,1406585000.0,2025,worldbank,10558.25,2025.0,ember,7506.300721250404,9439.36169,2023.0,2025.0,1242643456.0,10508.821009750563,13058.71765804185,3.88,0.111568625976356,0.2023247378418946,58.4144394202526,54.57050722698959,3.0052818615749537,4.604588327719327,13.186124406889585,10.734175922765893,11.107697223690195,25.75,0.0414376184423707,171.40770888519148,67.39050592376317,0.3464347547120748,37.65891096845688,True,-0.1843108469680108,16,False,150.264001337848,15.6,9388210.0,39.9289,116.3883,-19.46,10577.71,5772.31,1243.29,317.89,160.51,88.71,16.57,487.06,62.48,1394.79,382.08,1135.43,640.63,1174.94,1202.18,206.58,18.77,,,0.8386503316880497,95113.0
CO,COL,Colombia,Bogotá,53425635.0,2025,worldbank,91.61,2025.0,ember,1714.7199092720189,86.282166,2024.0,2025.0,59385357.0,3207.5410294542007,190.48096912628523,4.05,0.303534193786787,,22.974767596281545,6.1199645861000445,13.756086764054892,0.0,69.16777335104028,0.1660026560424966,5.090748118636564,0.0,0.0791663462052808,187.6537918089524,70.88681752651337,0.6963489454231236,72.39897721961167,False,1.3644798602772623,5,False,47.1574150518251,17.2,1109500.0,4.5964,-74.0833,1.25,90.36,5.53,1.61,12.43,4.31,2.8,1.41,0.0,0.0,62.5,13.22,0.15,0.03,4.6,1.73,2.35,0.42,0.0,0.0,3.098716246126605,9248.0
CR,CRI,Costa Rica,San José,5152950.0,2025,worldbank,12.45,2025.0,ember,2416.0917532675458,12.608745,2024.0,2025.0,5354150.0,3807.433587024897,20.38557053996936,4.09,,0.4021378165213781,0.0,0.0,0.0,0.0,74.78532396565183,12.09992193598751,0.702576112412178,262.66,0.6646690653780885,249.67310340892013,96.67433614089131,1.0,54.18234221064699,True,-2.891566265060241,2,False,99.9906972189581,26.6,51060.0,9.935,-84.0841,-0.36,12.81,0.0,,0.0,,0.0,0.52,0.0,0.0,9.58,2.34,1.55,0.44,0.09,0.08,0.06,0.08,1.53,0.0,0.0,427.0
CU,CUB,Cuba,Havana,10937203.0,2025,worldbank,19.43,2024.0,ember,1776.5053825918746,16.6994765863999,2024.0,2024.0,9381999.0,3264.817344898677,30.630513065022043,4.54,0.0702493853178784,,95.98558929490478,0.0,13.63870303654143,0.0,0.6176016469377251,0.3602676273803397,1.2352032938754502,0.0,0.0,166.3949493861681,60.26004600695319,0.5667688113420773,477.9534168667087,False,0.0,0,True,106.165038535645,15.6,103800.0,23.132,-82.3642,0.0,19.43,0.0,,2.65,0.58,16.0,5.32,0.0,0.0,0.12,0.07,0.07,0.02,0.24,0.39,0.35,0.44,0.0,0.0,82.34688625836336,943.0
CV,CPV,Cape Verde,Praia,527326.0,2025,worldbank,0.52,2024.0,ember,986.1072657141882,0.565,2024.0,2024.0,566134.0,2432.4151772025125,1.3770729339303671,4.68,,,69.23076923076923,0.0,0.0,0.0,0.0,15.384615384615383,15.384615384615383,0.0,0.0,132.09993743888148,53.596968390525326,0.0,1438.1365892436622,False,0.0,0,True,129.610669975186,17.6,4030.0,14.9167,-23.5167,0.0,0.52,0.0,,0.0,,0.36,0.16,0.0,0.0,0.0,0.0,0.08,0.03,0.08,0.03,0.0,0.0,0.0,0.0,69.23076923076923,29.0
CY,CYP,Cyprus,Nicosia,1370754.0,2025,worldbank,5.91,2025.0,ember,4311.495716955777,5.730731,2024.0,2025.0,1508482.0,6036.094003738088,9.105339154946838,4.7,0.1818519698417755,0.1410153102336825,72.25042301184432,0.0,0.0,0.0,0.0,3.553299492385787,23.18104906937394,0.0,0.0,69.22063926661653,24.993133327754485,1.0,96.74736414365772,False,0.0,0,True,145.560173160173,38.6,9240.0,35.1667,33.3666,0.0,5.91,0.0,,0.0,,4.27,1.85,0.0,0.0,0.0,0.0,0.21,0.17,1.37,0.86,0.06,0.01,0.0,0.0,72.25042301184432,57.0
DJ,DJI,Djibouti,Djibouti,1184076.0,2025,worldbank,0.8,2024.0,ember,675.6323073856746,0.945408,2024.0,2024.0,1530540.0,2013.4035473084,3.081594665297398,4.8,,,65.0,0.0,0.0,0.0,0.0,35.0,0.0,0.0,0.7794015935746126,363.6559182248588,118.31797143715502,1.0,40.12270378548439,True,75.0,3,False,49.7387402933563,1.6,23180.0,11.595,43.148,0.6,0.2,0.0,,0.0,,0.13,0.12,0.0,0.0,0.0,0.0,0.07,0.08,0.0,0.0,0.0,0.0,0.0,0.0,65.0,177.0
DM,DMA,Dominica,Roseau,65871.0,2025,worldbank,0.15,2023.0,ember,2277.1781208726147,0.1543660999999999,2024.0,2023.0,63192.0,3696.35884692432,0.2335803082548416,3.97,,,86.66666666666667,0.0,0.0,0.0,13.333333333333334,0.0,0.0,0.0,1.0,261.6320057655614,115.45233328674593,1.0,287.31742789251985,True,0.0,0,True,88.68,21.4,750.0,15.301,-61.387,0.0,0.15,0.0,,0.0,,0.13,0.02,0.0,0.0,0.02,0.01,0.0,0.0,0.0,0.0,0.0,0.0,0.0,0.0,86.66666666666667,5.0
DO,DOM,Dominican Republic,Santo Domingo,11520487.0,2025,worldbank,22.68,2025.0,ember,1968.666775979175,23.430724,2023.0,2025.0,12996293.0,3436.8591265681885,44.666428208604266,4.57,0.1234852476290832,0.3377092846270928,76.19047619047619,29.056437389770725,26.7636684303351,0.0,6.746031746031746,6.261022927689594,9.92063492063492,0.0,0.0,162.57929130589002,64.81682164104834,1.0,145.55101244290333,False,0.0,1,False,235.098143035751,26.3,48198.02,18.4701,-69.9001,0.0,22.68,6.59,1.06,6.07,2.24,4.62,2.45,0.0,0.0,1.53,0.63,1.42,0.48,2.25,2.08,0.2,0.08,0.0,0.0,20.37037037037037,418.0
DZ,DZA,Algeria,Algiers,47435312.0,2025,worldbank,93.84,2024.0,ember,1978.2730637462653,83.002,2023.0,2024.0,59565554.0,3445.2341549563207,205.2172810996951,4.92,0.245681953543776,,98.93109173931092,0.0,98.58862598588628,0.0,0.020755500207555,0.020755500207555,1.0273972602739727,0.0,0.07383931704315,193.0851862326344,70.40622240904567,0.1180733623197669,37.18155491855469,False,-2.6854219948849103,7,False,19.3825602290762,4.7,2381740.0,36.7631,3.0506,-2.52,96.36,0.0,,95.0,25.83,0.33,1.56,0.0,0.0,0.02,0.13,0.02,0.01,0.99,0.46,0.0,0.0,0.0,0.0,0.3424657534246575,21365.0
EC,ECU,Ecuador,Quito,18289896.0,2025,worldbank,36.64,2025.0,ember,2003.2918721899784,35.692,2023.0,2025.0,21337237.0,3466.9512879675526,73.97516129881892,3.4,0.0351246926589392,,20.601092896174865,0.0,2.6775956284153004,0.0,77.89617486338797,0.5191256830601093,0.1092896174863388,0.0,0.1657580676870909,210.03304150328296,81.0350404592154,0.9932352906989018,34.20511336329676,True,0.1091703056768559,2,False,72.3952448059269,23.8,248360.0,-0.215,-78.5001,0.04,36.6,0.0,,0.98,0.81,6.56,3.51,0.0,0.0,28.51,5.39,0.19,0.07,0.04,0.13,0.32,0.17,0.0,0.0,17.92349726775956,2070.0
EE,EST,Estonia,Tallinn,1366475.0,2025,worldbank,8.9,2025.0,ember,6513.108545710679,7.57986,2024.0,2025.0,1199193.0,9118.35196399495,10.934663846758998,2.84,0.1421116391762184,0.1848993504405428,39.74151857835218,0.0,1.292407108239095,0.0,0.4846526655896607,18.578352180936992,19.7092084006462,0.0,0.0,93.5554790684561,42.71978341459203,0.0,1705.0828352585638,False,30.44943820224719,2,False,32.0684764802247,21.6,42730.0,59.4339,24.728,2.71,6.19,0.0,,0.08,0.21,2.38,0.75,0.0,0.0,0.03,0.01,1.15,0.71,1.22,0.98,1.33,0.98,0.0,0.01,38.44911147011308,712.0
EG,EGY,Egypt,Cairo,118365995.0,2025,worldbank,244.31,2025.0,ember,2064.021850194391,208.339,2023.0,2025.0,161630192.0,3519.109418754459,568.7943310222917,5.25,0.2656640554089341,0.350377503503775,86.98465670912864,0.0,79.62638883236335,,6.1332465101135485,3.7849497374954217,3.097147043262382,0.0,0.0094455393247751,172.65787467955528,68.37283070711507,0.251614898794304,346.3186865936972,False,-0.5730424460726127,4,False,115.059291777588,13.1,995450.0,30.05,31.25,-1.4,245.71,0.0,,195.65,53.43,18.08,0.79,,,15.07,2.83,9.3,3.03,7.61,3.27,0.0,0.13,,,7.358267876765291,9058.0
ER,ERI,Eritrea,Asmara,3607003.0,2025,worldbank,0.45,2024.0,ember,124.75731237262625,0.463758,2023.0,2024.0,5696062.0,865.1843007335243,4.9281434184048,4.89,,,88.88888888888889,0.0,0.0,0.0,0.0,0.0,11.11111111111111,0.0,0.2023279296486896,241.6117926040969,76.61676407816198,0.924838669096764,92.81760234173976,True,0.0,3,False,28.638732049164,0.0,121178.2,15.3333,38.9333,0.0,0.45,0.0,,0.0,,0.4,0.21,0.0,0.0,0.0,0.0,0.0,0.0,0.05,0.02,0.0,0.0,0.0,0.0,88.88888888888889,1039.0
ES,ESP,Spain,Madrid,49355143.0,2025,worldbank,275.18,2025.0,ember,5575.508108648373,261.516786,2024.0,2025.0,45726000.0,7805.711352107722,356.9239572864777,4.41,0.1521425206910926,0.2014343110233521,25.3533354168837,0.3194777233739625,21.550855991943603,18.786679167968884,11.379657603222558,20.404903288537,21.849498211619263,0.0,0.0216427554924321,171.66135564395387,67.93494179012627,0.2142206879798983,487.2812153345128,False,-4.647866850788574,5,False,96.7636173412149,28.1,499697.4,40.4,-3.6834,-12.79,287.97,0.92,0.61,62.06,27.89,10.03,3.5,54.1,7.12,32.77,16.79,58.76,33.3,62.92,47.21,6.41,1.16,0.0,0.15,3.4830017015661348,5370.0
ET,ETH,Ethiopia,Addis Ababa,135472051.0,2025,worldbank,31.02,2025.0,ember,228.9771194207431,18.669494,2023.0,2025.0,225021875.0,1172.118900335823,263.752392676505,4.7,,0.2511415525114155,0.0,0.0,0.0,0.0,96.46388972130656,3.296373988612527,0.1198681450404555,7.3,0.1789371147496058,214.15912571557084,78.9517685065905,0.6221829161045723,92.84123188010088,True,-7.575757575757576,6,False,114.037952012,17.0,1128498.8,9.0333,38.7,-2.35,33.37,0.0,,0.0,,0.0,0.1,0.0,0.0,32.19,9.21,1.1,0.5,0.04,0.02,0.01,0.31,0.03,0.03,0.0,9270.0
FI,FIN,Finland,Helsinki,5646436.0,2025,worldbank,87.86,2025.0,ember,15560.25783343688,80.259,2024.0,2025.0,5344446.0,21784.36096681163,116.42534083163255,,0.0712561440246633,0.2748001674601552,3.657351154313488,0.1944106925880923,1.1543134872417984,39.878493317132445,15.11543134872418,27.43620899149453,1.1907654921020656,0.0,0.0,95.55237456339589,42.76027929614981,0.0,1631.1849143134505,False,6.328249487821535,3,False,18.3705454665088,13.9,303960.0,60.1756,24.9341,5.56,82.3,0.16,0.9,0.95,1.43,1.9,1.47,32.82,4.37,12.44,3.22,22.58,9.38,0.98,1.57,10.34,3.66,0.13,0.11,2.3086269744835968,6213.0
FJ,FJI,Fiji,Suva,933154.0,2025,worldbank,1.15,2024.0,ember,1232.3796500899102,1.188,2024.0,2024.0,1000261.0,2719.24215555354,2.71995187775614,3.82,,,36.52173913043479,0.0,0.0,0.0,52.173913043478265,0.0,0.8695652173913044,0.0,0.1638175286196365,210.0074369645092,84.52521707050212,0.99352017028576,210.996928623589,True,0.0,0,True,50.5826491516147,3.9,18270.0,-18.133,178.4417,0.0,1.15,0.0,,0.0,,0.42,0.24,0.0,0.0,0.6,0.14,0.0,0.01,0.01,0.01,0.12,0.07,0.0,0.0,36.52173913043479,153.0
FM,FSM,Micronesia,Palikir,113683.0,2025,worldbank,0.0889,2024.0,un_energy_stats,781.9990675826641,0.0889,2024.0,,126408.0,2166.1011992739363,0.2738125203978198,3.89,,,,,,,,,,0.0,0.0,163.22718638946304,57.94743565376608,0.2487549862458619,1128.4151294295673,False,,0,True,160.9,0.0,700.0,6.9166,158.15,,,,,,,,,,,,,,,,,,,,,,4.0
GA,GAB,Gabon,Libreville,2593130.0,2025,worldbank,3.18,2024.0,ember,1226.3172305283576,3.034116,2023.0,2024.0,4084533.0,2712.545554118888,11.079481829801884,3.6,,,64.61538461538461,0.0,44.230769230769226,0.0,35.0,0.0,0.0,0.0,0.0,153.6100439910382,52.491215617076215,0.0,2178.402662351869,False,18.238993710691823,3,False,9.64329956921644,22.6,257670.0,0.3854,9.458,0.58,2.6,0.0,,1.15,0.5,0.53,0.19,0.0,0.0,0.91,0.32,0.0,0.0,0.0,0.01,0.01,0.0,0.0,0.0,20.384615384615383,2118.0
GD,GRD,Grenada,St. George's,117303.0,2025,worldbank,0.24,2024.0,ember,2045.9834786834097,0.282413,2024.0,2024.0,113243.0,3503.6981708047365,0.3967692919564407,4.45,,,100.0,0.0,0.0,0.0,0.0,0.0,0.0,0.0,1.0,223.91308360191755,95.14853183544594,1.0,182.02874261675043,True,0.0,0,True,344.355882352941,8.8,340.0,12.0526,-61.7416,0.0,0.24,0.0,,0.0,,0.24,0.07,0.0,0.0,0.0,0.0,0.0,0.0,0.0,0.0,0.0,0.0,0.0,0.0,100.0,3.0
GE,GEO,Georgia,Tbilisi,3935766.0,2025,worldbank,14.7,2025.0,ember,3734.9781465666406,13.448852,2023.0,2025.0,3780393.0,5228.969405193297,19.767559336606904,3.71,0.0107020547945205,,20.37037037037037,0.0,20.37037037037037,0.0,78.81481481481481,0.5925925925925926,0.2222222222222222,0.0,0.0701704125439171,184.1486045123893,65.6529626504908,0.0389868301155693,435.18613034461737,False,8.16326530612245,4,False,65.0037265124742,22.8,69490.0,41.725,44.7908,1.2,13.5,0.0,,2.75,2.04,0.0,,0.0,0.0,10.64,3.52,0.08,0.02,0.03,0.32,0.0,0.0,0.0,0.0,0.0,750.0
GH,GHA,Ghana,Accra,35064272.0,2025,worldbank,21.83,2024.0,ember,622.5710318468896,22.389975,2024.0,2024.0,50553047.0,1932.7250686741088,97.70514123476045,4.02,0.1021389089161259,,63.78244746600742,0.0,61.43386897404203,0.0,35.43469303667079,0.0,0.7004532344458179,0.0,0.0,143.70889593493777,51.28842878165136,0.0,1566.926515036569,False,-11.177278973889145,3,False,148.49676310689,15.3,227533.0,5.55,-0.2167,-2.44,24.27,0.0,,14.91,3.06,0.57,0.37,0.0,0.0,8.6,1.58,0.0,0.0,0.17,0.19,0.02,0.01,0.0,0.0,2.348578491965389,1957.0
GM,GMB,Gambia,Banjul,2822093.0,2025,worldbank,0.51,2024.0,ember,180.71693597624176,0.6145,2024.0,2024.0,4301895.0,1041.298043721129,4.479554847793706,4.57,,,100.0,0.0,0.0,0.0,0.0,0.0,0.0,0.0,0.0,158.80024914537972,58.78028409502654,0.0,1462.8002844493878,False,0.0,1,False,266.5854743083,7.7,10120.0,13.4539,-16.5917,0.0,0.51,0.0,,0.0,,0.51,0.16,0.0,0.0,0.0,0.0,0.0,0.0,0.0,0.02,0.0,0.0,0.0,0.0,100.0,83.0
GN,GIN,Guinea,Conakry,15099727.0,2025,worldbank,4.03,2024.0,ember,266.8922424888874,3.3256,2024.0,2024.0,23404584.0,1265.4459510122606,29.617236057926338,4.44,,,24.813895781637715,0.0,0.0,0.0,74.44168734491315,0.0,0.7444168734491314,0.0,0.0,148.04622578439995,47.83915506224074,0.0,1072.9325434532404,False,0.0,6,False,58.6255412664822,42.6,245720.0,9.5315,-13.6802,0.0,4.03,0.0,,0.0,,1.0,0.43,0.0,0.0,3.0,0.81,0.0,0.0,0.03,0.02,0.0,0.0,0.0,0.0,24.813895781637715,2015.0
GQ,GNQ,Equatorial Guinea,Malabo,1938431.0,2025,worldbank,1.49,2024.0,ember,768.6629031417677,0.985,2024.0,2024.0,3143728.0,2147.551493876365,6.751317762740957,3.67,,,73.15436241610739,0.0,72.48322147651007,0.0,26.84563758389261,0.0,0.0,0.0,0.0,165.79943977343163,49.07534433286203,0.0,2331.4135022170767,False,0.0,2,False,65.8662745098039,19.0,28050.0,3.75,8.7833,0.0,1.49,0.0,,1.08,0.16,0.01,0.12,0.0,0.0,0.4,0.13,0.0,0.0,0.0,0.0,0.0,0.0,0.0,0.0,0.6711409395973155,215.0
GR,GRC,Greece,Athens,10413962.0,2025,worldbank,55.39,2025.0,ember,5318.821021240523,52.814778,2024.0,2025.0,9159581.0,7446.3494297367315,68.2054407559774,4.14,0.1180703229316057,0.241505329910675,52.22720994475138,4.730662983425415,40.27969613259668,0.0,5.904696132596685,20.85635359116022,19.785911602209943,0.0,0.137778967651105,215.12210821510047,69.22262841535938,1.0,93.64900464975838,True,-4.567611482217006,4,False,80.7397284716835,35.0,128900.0,37.9833,23.7333,-2.53,57.92,2.74,1.65,23.33,6.97,4.18,1.44,0.0,0.0,3.42,3.49,12.08,5.71,11.46,11.08,0.71,0.18,0.0,0.0,7.216850828729282,1356.0
GT,GTM,Guatemala,Guatemala City,18687881.0,2025,worldbank,16.35,2024.0,ember,874.8985505633304,1.65688,2024.0,2024.0,24670857.0,2291.1550151353754,56.52475774323768,4.39,,0.3839767538397675,31.665611146295124,15.832805573147562,0.0,0.0,39.89867004433186,2.34325522482584,1.7732742241925272,49.2,0.1742738120795156,222.5961040186992,79.46773791836276,0.9891894670917972,58.53417630619105,True,3.4250764525993884,4,False,169.138092571855,20.1,107160.0,14.6211,-90.527,0.56,15.79,2.5,0.44,0.0,,2.5,0.63,0.0,0.0,6.3,1.58,0.37,0.11,0.28,0.1,3.5,0.87,0.34,0.0,15.832805573147562,916.0
GW,GNB,Guinea-Bissau,Bissau,2249515.0,2025,worldbank,0.08,2024.0,ember,35.563221405502965,0.197,2024.0,2024.0,3438608.0,461.9300038241918,1.5883962065898964,4.46,,,100.0,0.0,0.0,0.0,0.0,0.0,0.0,0.0,0.0,158.3296057739288,62.87823816104427,0.0,1289.9154025208964,False,0.0,2,False,76.5767780938834,26.2,28120.0,11.865,-15.5984,0.0,0.08,0.0,,0.0,,0.08,0.03,0.0,0.0,0.0,0.0,0.0,0.0,0.0,0.0,0.0,0.0,0.0,0.0,100.0,273.0
GY,GUY,Guyana,Georgetown,835986.0,2025,worldbank,1.38,2024.0,ember,1650.7453474101242,1.33,2024.0,2024.0,940607.0,3147.137125144175,2.960219209870487,4.2,,,97.10144927536231,0.0,0.7246376811594204,0.0,0.0,0.0,1.4492753623188408,0.0,0.0,156.6033342438212,60.27104781906978,0.0538431568344343,373.3607922779961,False,0.0,3,False,3.91376811594203,8.4,211140.0,6.802,-58.167,0.0,1.38,0.0,,0.01,,1.33,0.32,0.0,0.0,0.0,0.0,0.0,0.0,0.02,0.02,0.02,0.04,0.0,0.0,96.3768115942029,1718.0
HN,HND,Honduras,Tegucigalpa,11005850.0,2025,worldbank,12.63,2024.0,ember,1147.5715187831927,12.661698,2024.0,2024.0,14846779.0,2624.010120540536,38.95809835342869,4.26,0.244914902449149,0.3567351598173516,44.55128205128205,0.4807692307692307,0.0,0.0,30.44871794871795,6.009615384615384,9.455128205128204,40.0,0.3305125124605416,304.487666248672,96.22969155240727,0.9957371588777276,239.6279481036136,True,1.187648456057007,3,False,95.1367503798373,23.0,111890.0,14.102,-87.2175,0.15,12.48,0.06,0.0,0.0,0.18,5.5,0.87,0.0,0.0,3.8,0.91,0.75,0.24,1.18,0.55,0.84,0.22,0.35,0.0,44.07051282051282,942.0
HR,HRV,Croatia,Zagreb,3876200.0,2025,worldbank,20.02,2025.0,ember,5164.852174810381,19.46104,2024.0,2025.0,3250419.0,7230.793044734533,23.503107097672977,3.63,0.1115608136156081,0.2597445569452716,23.741496598639458,4.965986394557824,18.77551020408164,0.0,39.31972789115646,21.360544217687075,8.775510204081634,10.0,0.0157618765629185,179.20141680867152,60.33887104909855,0.0,754.5124149471571,False,26.573426573426573,5,False,68.9722301644031,38.4,55960.0,45.8,16.0,5.32,14.7,0.73,0.34,2.76,0.35,0.0,1.26,0.0,0.0,5.78,2.19,3.14,1.38,1.29,1.32,1.0,0.16,0.0,0.0,0.0,630.0
HT,HTI,Haiti,Port-au-Prince,11906095.0,2025,worldbank,0.86,2024.0,ember,72.23191147055353,0.8138070000000001,2023.0,2024.0,14710862.0,658.3247441979689,9.68452446308162,4.68,,,81.3953488372093,0.0,0.0,0.0,18.6046511627907,0.0,0.0,0.0,0.0257305698035571,175.34733305401255,63.206900769453725,1.0,199.03931749476968,False,0.0,1,False,422.256821480406,8.6,27560.0,18.541,-72.336,0.0,0.86,0.0,,0.0,,0.7,0.4,0.0,0.0,0.16,0.08,0.0,0.0,0.0,0.0,0.0,0.0,0.0,0.0,81.3953488372093,233.0
HU,HUN,Hungary,Budapest,9514251.0,2025,worldbank,49.24,2025.0,ember,5175.394258570643,46.6979,2024.0,2025.0,8636479.0,7245.551961998899,62.576057363212286,3.44,0.1532303982315704,0.2140410958904109,24.67693836978131,3.4294234592445325,20.253479125248507,40.00994035785288,0.5715705765407555,1.4910536779324055,27.28628230616302,3.0,0.2689664813661989,213.4011250526769,91.06219977030594,0.0,930.7148384658748,True,18.277822908204712,7,False,105.108327854482,22.3,91260.0,47.5,19.0833,9.0,40.24,1.38,1.01,8.15,4.18,0.4,0.45,16.1,2.03,0.23,0.06,0.6,0.32,10.98,8.18,2.39,0.62,0.01,0.02,0.9940357852882704,1105.0
ID,IDN,Indonesia,Jakarta,285721236.0,2025,worldbank,372.5,2024.0,ember,1303.7182857489809,370.026,2023.0,2024.0,320712949.0,2796.839236440644,896.9825593977872,3.77,0.1639463713203147,0.3576864535768645,81.91042687193841,61.4819400333746,18.51213866609248,,7.345104161059374,0.126500511385046,0.3633525327017279,2743.76,0.2427619157465751,229.715768737682,80.95693393370904,0.5342755257208011,332.9707914865323,True,0.2577181208053691,3,False,148.57692229227,12.0,1892555.47,-6.1744,106.8294,0.96,371.54,228.43,56.69,68.78,23.58,7.12,5.84,,,27.29,7.05,0.47,0.15,1.35,0.94,21.33,3.06,16.77,0.02,1.916348172471336,15169.0
IL,ISR,Israel,Jerusalem,10122800.0,2025,worldbank,75.7,2025.0,ember,7478.168095783775,72.63221300000001,2024.0,2025.0,13824847.0,10469.435334097285,144.73834167028886,5.08,0.2059757792336708,0.1500326157860404,83.06942752740562,3.4104750304506704,79.65895249695495,0.0,0.0,0.5602923264311815,16.175395858708892,0.0,0.0,135.35393960511024,51.53138736786072,1.0,35.289840347235746,False,-8.454425363276089,5,False,455.129390018484,27.6,21640.0,31.7784,35.2066,-6.4,82.1,2.8,4.32,65.4,13.74,0.0,,0.0,0.0,0.0,0.01,0.46,0.35,13.28,7.36,0.16,0.05,0.0,0.0,0.0,216.0
IN,IND,India,New Delhi,1463865525.0,2025,worldbank,2082.82,2025.0,ember,1422.821949441019,1800.608996,2023.0,2025.0,1679589259.0,2921.802816181494,4907.428626974389,4.32,0.1651165141788404,0.2177556964538365,73.34694465795542,70.81812067640277,2.331860107609532,2.5859915449654114,8.549673328209071,4.995196003074558,9.415353574173713,0.0,0.0037006679317327,166.92221008319095,59.73408147685543,0.2965927522435386,185.8539239610264,False,0.0585744327402271,6,False,483.679010086809,7.7,2973190.0,28.6,77.2,1.22,2081.6,1474.15,250.65,48.54,26.62,4.1,19.32,53.83,8.78,177.97,49.12,103.98,54.51,195.99,135.5,23.04,10.96,,,0.1969638739431206,27813.0
IQ,IRQ,Iraq,Baghdad,47020774.0,2025,worldbank,156.83,2024.0,ember,3335.3342928808447,146.86709263999998,2023.0,2024.0,71928750.0,4669.468010033183,335.86899712667423,4.68,,,98.37707874173512,0.0,52.96199826354104,0.0,1.3357376611233556,0.0,0.2871835971415214,0.0,0.0013502165409276,169.49631251505667,69.99434749482575,0.6652449859299181,119.9737951201191,False,4.527195051967098,6,False,103.826155759795,1.5,434130.0,33.3386,44.3939,7.1,149.73,0.0,,79.3,34.62,68.0,10.02,0.0,0.0,2.0,1.56,0.0,0.0,0.43,0.04,0.0,0.0,0.0,0.0,45.415080478194085,4224.0
IR,IRN,Iran,Tehran,92417681.0,2025,worldbank,395.6,2025.0,ember,4280.5661830012805,373.403426,2023.0,2025.0,101861993.0,5992.792656201792,610.4378035964784,4.92,0.0577189472064029,0.3755106945445806,94.29986356056396,0.1844459042902622,89.54216989236446,1.857092324018394,3.292233058770024,0.3158320278942847,0.227399060083885,0.0,0.0318986571197095,183.58010435609768,74.66010490452008,0.4498631630062591,468.056743248767,False,-0.0455005055611728,7,False,55.8451198767334,7.8,1622500.0,35.6719,51.4243,-0.18,395.78,0.73,,354.39,76.57,18.1,0.06,7.35,1.02,13.03,11.78,1.25,0.38,0.9,1.78,0.03,0.02,,,4.573247763909244,15595.0
IS,ISL,Iceland,Reykjavik,392404.0,2025,worldbank,19.05,2024.0,ember,48546.90574000265,18.978163,2024.0,2024.0,422949.0,67965.66803600371,28.74601133015973,,,,0.0,0.0,0.0,0.0,70.65616797900262,0.0524934383202099,0.0524934383202099,787.58,0.8819061353314988,362.49585416422366,136.23496980355836,1.0,25.92609101173372,True,0.0,0,True,3.82488346722206,20.9,100830.0,64.15,-21.95,0.0,19.05,0.0,,0.0,,0.0,0.07,0.0,0.0,13.46,2.13,0.01,0.0,0.01,0.01,0.0,0.0,5.57,0.0,0.0,1936.0
IT,ITA,Italy,Rome,58915656.0,2025,worldbank,311.83,2025.0,ember,5292.820638371573,312.639705,2024.0,2025.0,51180916.0,7409.948893720202,379.2479718937866,3.99,0.1236889744706843,0.1806967424112415,51.26821167056692,1.3512493394730882,47.38053898996,0.0,15.739412697214464,8.10749603683853,16.845323469464784,771.79,0.0642553445257224,183.4209591300488,68.27175813205268,0.3493873290617252,325.92858410778683,True,15.037039412500402,6,False,199.459678073854,21.5,295720.0,41.896,12.4833,46.89,264.94,3.58,5.19,125.53,58.56,6.72,3.49,0.0,0.0,41.7,19.35,21.48,13.57,44.63,41.19,15.61,2.96,5.69,0.44,2.5364233411338417,3308.0
JM,JAM,Jamaica,Kingston,2837077.0,2025,worldbank,4.92,2024.0,ember,1734.179227423154,5.2915,2024.0,2024.0,2454940.0,3225.6899052046097,7.918875175883004,4.39,0.1426940639269406,,87.39837398373984,0.0,56.91056910569106,0.0,2.4390243902439024,5.89430894308943,3.048780487804878,0.0,0.0,185.98064567543707,77.92976491668404,1.0,198.0566020205513,False,0.0,0,True,262.214773776547,19.9,10830.0,17.9771,-76.7674,0.0,4.92,0.0,,2.8,0.46,1.5,0.89,0.0,0.0,0.12,0.03,0.29,0.1,0.15,0.12,0.06,0.03,0.0,0.0,30.48780487804878,91.0
JO,JOR,Jordan,Amman,11520684.0,2025,worldbank,23.73,2024.0,ember,2059.7735342797355,26.2236,2024.0,2024.0,16367354.0,3515.485913167398,57.53920242282407,5.32,0.2039227895392279,0.3170979198376458,75.91888466413181,0.0,61.977186311787065,0.0,0.084495141529362,7.39332488381918,16.603295310519645,0.0,0.0213565738045089,183.7960837251385,73.61068882741738,0.9681434828790056,44.09331602664295,False,0.2528445006321112,5,False,128.828670856139,5.4,88794.0,31.95,35.9333,0.06,23.67,0.0,,14.67,4.0,3.3,0.52,0.0,0.0,0.02,0.0,1.75,0.63,3.93,2.2,0.0,0.01,0.0,0.0,13.94169835234474,838.0
JP,JPN,Japan,Tokyo,123366734.0,2025,worldbank,1029.97,2025.0,ember,8348.847104925384,926.399039,2024.0,2025.0,105052904.0,11688.385946895536,1227.8988867941655,3.45,0.1251114811882149,0.2350793232642547,67.29807664300903,32.05141897336816,32.78153732632989,9.135217530607688,7.174966261153238,1.2476091536646698,9.811936269988443,468.911,0.3574001526356926,297.1226042671892,91.73696272071751,0.9196252770794604,88.13167561322894,True,0.0,0,True,341.54455749932,29.7,364569.27,35.685,139.7514,0.0,1029.97,330.12,54.58,337.64,82.36,25.39,20.08,94.09,33.08,73.9,28.3,12.85,6.24,101.06,92.21,54.92,6.06,,,2.46512034331097,3789.0
KE,KEN,Kenya,Nairobi,57532493.0,2025,worldbank,15.58,2025.0,ember,270.803491863285,14.229683,2024.0,2025.0,83593239.0,1274.6846477382985,106.5550184080184,4.5,0.1349107513491075,0.5967206309672063,9.971509971509972,0.0,0.0,0.0,20.94017094017094,16.38176638176638,4.62962962962963,925.42,0.0722841516371172,195.2079166403001,67.60174831162851,0.167421821294709,702.0821073484499,True,9.88446726572529,5,False,95.2681371231706,13.9,580876.3,-1.2833,36.8167,1.54,14.04,0.0,,0.0,,1.4,0.57,0.0,0.0,2.94,0.89,2.3,0.44,0.65,0.55,0.3,0.17,6.45,0.0,9.971509971509972,4826.0
KG,KGZ,Kyrgyzstan,Bishkek,7343064.0,2025,worldbank,19.23,2025.0,ember,2618.797820637271,18.387,2024.0,2025.0,9682256.0,3963.935787045954,38.37984105774041,4.11,,,14.840764331210192,12.420382165605096,1.78343949044586,0.0,85.15923566878982,0.0,0.0,0.0,0.0004722779076844,151.46939582571105,64.20093863975023,0.0,929.154354082248,False,18.356734269370776,4,False,37.0164233576642,6.8,191800.0,42.8731,74.5852,3.53,15.7,1.95,0.81,0.28,,0.1,,0.0,0.0,13.37,3.43,0.0,0.0,0.0,0.1,0.0,0.0,0.0,0.0,0.6369426751592357,2141.0
KH,KHM,Cambodia,Phnom Penh,17847982.0,2025,worldbank,22.39,2025.0,ember,1254.483560102201,17.420354,2023.0,2025.0,21931455.0,2743.519885222851,60.16938290437012,4.13,0.1457793409848204,,59.12162162162162,56.58783783783784,,,29.89864864864865,,10.641891891891891,0.0,0.0171925181344702,184.65141758750832,73.95245393889924,0.0,662.2173423466669,False,20.678874497543543,3,False,98.7076818490823,39.8,176520.0,11.55,104.9166,4.63,17.76,10.05,1.46,,,0.45,0.82,,,5.31,1.8,,,1.89,1.48,0.06,0.07,,,2.533783783783784,1507.0
KI,KIR,Kiribati,South Tarawa,136488.0,2025,worldbank,0.04,2024.0,ember,293.066057089268,0.0381,2024.0,2024.0,182621.0,1326.0453772535868,0.2421637328394273,4.82,,,75.0,0.0,0.0,0.0,0.0,0.0,25.0,0.0,0.0,150.69567069966806,57.51779677588984,0.0,1630.3653464643453,False,0.0,0,True,163.617283950617,22.9,810.0,1.3382,173.0176,0.0,0.04,0.0,,0.0,,0.03,0.01,0.0,0.0,0.0,0.0,0.0,0.0,0.01,0.0,0.0,0.0,0.0,0.0,75.0,8.0
KM,COM,Comoros,Moroni,882847.0,2025,worldbank,0.14,2023.0,ember,158.5778736292925,0.142,2024.0,2023.0,1307558.0,975.4318232330514,1.275433683922962,4.29,,,100.0,0.0,0.0,0.0,0.0,0.0,0.0,0.0,0.0,126.92352337657884,52.90366807352275,0.0,933.0122856705428,False,0.0,0,True,456.951638903815,33.7,1861.0,-11.7042,43.2402,0.0,0.14,0.0,,0.0,,0.14,0.02,0.0,0.0,0.0,0.0,0.0,0.0,0.0,0.0,0.0,0.0,0.0,0.0,100.0,13.0
KN,KNA,Saint Kitts and Nevis,Basseterre,46922.0,2025,worldbank,0.23,2024.0,ember,4901.751843484933,0.246,2024.0,2024.0,44249.0,6862.452580878905,0.3036566642513106,4.65,,,91.30434782608695,0.0,0.0,0.0,0.0,4.3478260869565215,4.3478260869565215,0.0,0.3335138105722693,206.9388330528323,88.23644862677239,1.0,221.50007307043444,True,0.0,0,True,179.838461538462,16.9,260.0,17.302,-62.717,0.0,0.23,0.0,,0.0,,0.21,0.08,0.0,0.0,0.0,0.0,0.01,0.0,0.01,0.0,0.0,0.0,0.0,0.0,91.30434782608695,3.0
KP,PRK,North Korea,Pyongyang,26571036.0,2025,worldbank,27.1,2024.0,ember,1019.907541429698,22.267335,2023.0,2024.0,25787127.0,2473.7512503439366,63.79093765902788,3.92,0.1386170906718851,,36.6420664206642,34.0590405904059,0.0,0.0,62.73062730627306,0.0,0.6273062730627306,0.0,0.0007614842894645,158.69366650437624,70.499799725221,0.7804582952009341,27.975389230413228,False,0.0,3,False,219.402076239515,2.4,120410.0,39.0194,125.7547,0.0,27.1,9.23,3.38,0.0,,0.7,,0.0,0.02,17.0,4.97,0.0,0.0,0.17,0.14,0.0,0.0,0.0,0.0,2.5830258302583022,1292.0
KR,KOR,South Korea,Seoul,51684564.0,2025,worldbank,624.66,2025.0,ember,12086.006955577684,555.550322,2024.0,2025.0,44425912.0,16920.409737808757,751.7046340158349,3.82,0.1421768861005168,0.1696020874103065,60.04226299106715,31.141741107162296,27.94800371402043,29.56328242563955,0.6083309320270227,0.5827169980469376,6.05129190279512,0.0,0.0184359807915929,174.60354309064607,71.02077575485414,0.997921741170558,95.74783023792595,False,0.0,1,False,529.842407786885,17.7,97600.0,37.5663,126.9997,0.0,624.66,194.53,41.74,174.58,50.26,5.95,3.49,184.67,26.05,3.8,1.83,3.64,2.45,37.8,30.35,19.69,2.71,,,0.9525181698844172,969.0
KW,KWT,Kuwait,Kuwait City,4865298.0,2025,worldbank,89.22,2025.0,ember,18338.033970375505,83.2455,2023.0,2025.0,6157871.0,25673.247558525705,158.09254661646625,4.82,,,97.679892400807,0.0,62.22819995516701,0.0,0.0,2.0847343644922662,0.2353732347007397,0.0,0.0060721119419755,184.8211229408081,71.77930326206449,0.9388954134715152,215.76984057558127,False,0.0,2,False,272.358024691358,17.1,17820.0,29.3697,47.9783,0.0,89.22,0.0,,55.52,11.72,31.63,8.5,0.0,0.0,0.0,0.0,1.86,0.01,0.21,0.1,0.0,0.0,0.0,0.0,35.45169244563999,164.0
KZ,KAZ,Kazakhstan,Astana,20843754.0,2025,worldbank,126.1,2025.0,ember,6049.773951467668,110.38924,2024.0,2025.0,26544265.0,8469.683532054734,224.82152414099684,3.69,0.1750952724276444,0.3484424681441105,85.1402700299135,54.26469399304713,29.404155550165733,,8.49704907429865,4.713396394211335,1.649284501576522,0.0,0.0,120.1639363091234,52.489843710494576,0.0,1836.46626930514,False,1.911181601903252,5,False,7.53050487091158,10.1,2699700.0,51.1811,71.4278,2.41,123.69,67.12,13.25,36.37,4.92,1.82,,,,10.51,2.85,5.83,1.91,2.04,1.33,0.0,0.0,,,1.4714204867006226,32957.0
LA,LAO,Laos,Vientiane,7873046.0,2025,worldbank,15.61,2024.0,ember,1982.7141871138565,13.729,2024.0,2024.0,9757285.0,3449.099175536004,33.65384364896981,3.87,,,23.28426687057924,23.28426687057924,0.0,0.0,76.46721468170522,0.0,0.1720512330338367,0.0,0.0005207201894536,175.96504160978657,68.78210557532145,0.6795303073273882,37.17304335804381,False,-235.1057014734145,5,False,33.2105415944541,18.8,230800.0,17.9667,102.6,-36.7,52.31,12.18,1.88,0.0,,0.0,,0.0,0.0,40.0,10.19,0.0,0.0,0.09,0.06,0.04,0.12,0.0,0.0,0.0,1955.0
LB,LBN,Lebanon,Beirut,5849421.0,2025,worldbank,5.34,2024.0,ember,912.9108675884332,5.234806,2023.0,2024.0,6999260.0,2340.3985142557663,16.381057704889816,4.83,0.1691188905800777,,56.17977528089888,0.0,0.0,0.0,13.10861423220974,0.1872659176029962,29.962546816479403,0.0,0.0101099893894121,165.73199914611513,59.71510653677837,1.0,26.9438605021448,False,0.0,2,False,564.368817204301,13.0,10230.0,33.872,35.5097,0.0,5.34,0.0,,0.0,0.74,3.0,1.95,0.0,0.0,0.7,0.28,0.01,0.0,1.6,1.08,0.03,0.01,0.0,0.0,56.17977528089888,99.0
LC,LCA,Saint Lucia,Castries,180149.0,2025,worldbank,0.4,2024.0,ember,2220.384237492298,0.435875,2024.0,2024.0,172081.0,3649.973345786759,0.6280910633163312,4.52,,,97.5,0.0,0.0,0.0,0.0,0.0,2.5,0.0,1.0,337.8028481423749,138.87431222184946,0.3998098390761742,295.9254759638376,True,0.0,0,True,293.909836065574,18.2,610.0,14.002,-61.0,0.0,0.4,0.0,,0.0,,0.39,0.09,0.0,0.0,0.0,0.0,0.0,0.0,0.01,0.0,0.0,0.0,0.0,0.0,97.5,5.0
LI,LIE,Liechtenstein,Vaduz,41024.0,2025,worldbank,0.41,2024.0,un_energy_stats,9994.14976599064,0.41,2024.0,,43973.0,13991.809672386897,0.615261846723869,3.25,,,,,,,,,,0.0,0.0,141.35952055741757,69.764000000007,0.0,906.2661476625792,False,,2,False,249.0375,44.8,160.0,47.1337,9.5167,,,,,,,,,,,,,,,,,,,,,,1.0
LK,LKA,Sri Lanka,Colombo,21756000.0,2025,worldbank,17.25,2025.0,ember,792.88472145615,15.047845,2023.0,2025.0,23090710.0,2181.125472946685,50.36373576942475,4.21,0.1378049446051411,0.3932014205986808,37.27536231884058,26.782608695652176,,,38.20289855072464,5.391304347826087,17.565217391304348,0.0,0.0,158.3078556973957,60.4006844755044,0.0,1206.4672229988375,False,0.0,0,True,356.239896540576,30.8,61860.0,6.932,79.8578,0.0,17.25,4.62,0.9,,,1.81,0.49,,,6.59,1.97,0.93,0.27,3.03,2.51,0.23,0.04,0.04,0.0,10.492753623188406,542.0
LR,LBR,Liberia,Monrovia,5731206.0,2025,worldbank,0.57,2024.0,ember,99.4555072701976,0.5867640000000001,2024.0,2024.0,8910530.0,772.4849795440591,6.883250584776725,3.88,,,45.6140350877193,0.0,0.0,0.0,52.631578947368425,0.0,1.7543859649122808,0.0,0.0,146.4708231967213,52.11697949016295,0.0,844.8779666910173,False,0.0,3,False,57.0289763289037,4.0,96320.0,6.3106,-10.8048,0.0,0.57,0.0,,0.0,,0.26,0.1,0.0,0.0,0.3,0.09,0.0,0.0,0.01,0.0,0.0,0.0,0.0,0.0,45.6140350877193,776.0
LS,LSO,Lesotho,Maseru,2363325.0,2025,worldbank,0.58,2024.0,ember,245.4169443474765,1.006569,2024.0,2024.0,2993077.0,1213.466796449272,3.6319995587159983,5.13,,,0.0,,,,,,,0.0,0.0,146.65770803047374,62.60019455931346,1.0,39.85102055742977,False,100.0,1,False,76.135441370224,23.4,30360.0,-29.3167,27.4833,0.58,0.0,0.0,,0.0,0.0,0.0,0.0,0.0,0.0,0.0,0.08,0.0,0.0,0.0,0.03,0.0,0.0,0.0,0.0,,276.0
LT,LTU,Lithuania,Vilnius,2888774.0,2025,worldbank,12.48,2025.0,ember,4320.171809909671,12.5385,2024.0,2025.0,2314272.0,6048.240533873539,13.997273716808582,2.87,0.0577694755776947,0.1810111153559279,22.409909909909903,0.0,16.666666666666664,0.0,3.941441441441441,44.81981981981981,18.806306306306304,0.0,0.0,122.68348043343504,49.22857267901669,0.0,1551.6017296547427,False,28.846153846153847,4,False,45.87196485623,18.0,62600.0,54.6834,25.3166,3.6,8.88,0.0,,1.48,1.68,0.51,,0.0,0.0,0.35,0.12,3.98,2.51,1.67,3.3,0.89,0.18,0.0,0.02,5.743243243243243,919.0
LV,LVA,Latvia,Riga,1847785.0,2025,worldbank,7.73,2025.0,ember,4183.387136490447,7.145779999999999,2024.0,2025.0,1510791.0,5856.741991086626,8.848313089455754,2.85,0.1017470716696446,0.2019669827889006,26.06635071090048,0.0,26.06635071090048,0.0,46.91943127962085,3.6334913112164298,12.954186413902054,0.0,0.0,96.88158378581848,42.38149648360508,0.0,1811.277464141328,False,18.111254851228978,4,False,30.2701269484172,18.8,62230.0,56.95,24.1,1.4,6.33,0.0,,1.65,1.07,0.0,,0.0,0.0,2.97,1.59,0.23,0.13,0.82,0.92,0.66,0.11,0.0,0.0,0.0,948.0
LY,LBY,Libya,Tripoli,7458555.0,2025,worldbank,34.59,2024.0,ember,4637.627529729284,33.665952,2023.0,2024.0,9260605.0,6492.678541620998,60.12613136592813,5.12,,,99.97108991037872,0.0,74.53021104365423,0.0,0.0,0.0,0.0289100896212778,0.0,0.0121291854762939,179.00574989310832,74.44326111562825,0.0101451472709767,533.2841142709228,False,0.0,6,False,4.15202780272117,0.1,1759540.0,32.8925,13.18,0.0,34.59,0.0,,25.78,11.88,8.8,2.39,0.0,0.0,0.0,0.0,0.0,0.0,0.01,0.01,0.0,0.0,0.0,0.0,25.44087886672449,14811.0
MA,MAR,Morocco,Rabat,38430770.0,2025,worldbank,47.88,2025.0,ember,1245.8766764236054,45.662448,2024.0,2025.0,43440431.0,2734.092181793005,118.77014277081848,5.01,0.2702023375644086,0.3140434255894138,76.71574178935447,62.33295583238958,10.826727066817668,0.0,2.083805209513024,15.266138165345414,5.843714609286524,0.0,0.0167607755637386,175.32950126560706,68.66198336788871,0.3827049802542906,81.35079433226532,False,7.790309106098579,3,False,84.5003473000224,2.1,446300.0,34.0253,-6.8361,3.73,44.15,27.52,4.09,4.78,0.87,1.57,1.03,0.0,0.0,0.92,1.31,6.74,2.45,2.58,1.09,0.04,0.01,0.0,0.0,3.556058890147225,5436.0
MC,MCO,Monaco,Monaco,38341.0,2025,worldbank,0.2660144898590937,2025.0,proxy_FRA_per_capita,6938.120806945403,,,,36757.0,9713.369129723564,0.357034309101249,,,,,,,,,,,0.0,0.0,173.20464433637625,85.3199999998379,0.0,599.8150602020438,False,,1,False,18692.8982725528,20.9,2.084,43.7396,7.4069,,,,,,,,,,,,,,,,,,,,,,0.0
MD,MDA,Moldova,Chișinău,2360527.0,2025,worldbank,5.52,2025.0,ember,2338.4608606467964,4.4208,2023.0,2025.0,1797675.0,3745.766298620454,6.733670430872525,3.45,0.0369798700881085,0.1050228310502283,71.37931034482759,0.0,63.793103448275865,0.0,12.06896551724138,7.931034482758621,7.931034482758621,0.0,0.0,114.6228952025474,49.63106857347153,0.0,699.5683621350006,False,47.46376811594203,2,False,85.437584732506,11.5,32930.0,47.005,28.8577,2.62,2.9,0.0,1.4,1.85,1.38,0.22,,0.0,0.0,0.35,0.06,0.23,0.25,0.23,0.71,0.02,0.01,0.0,0.0,7.586206896551724,390.0
ME,MNE,Montenegro,Podgorica,623129.0,2025,worldbank,3.49,2025.0,ember,5600.766454458066,3.276,2024.0,2025.0,527594.0,7841.073036241291,4.136903087482688,3.82,,0.2663622526636225,24.390243902439025,24.390243902439025,0.0,0.0,58.53658536585366,11.382113821138214,5.691056910569107,0.0,0.0,126.96289521231296,39.70003835130405,0.0,382.6597933044292,False,29.51289398280802,4,False,46.3590334572491,22.2,13450.0,42.466,19.2663,1.03,2.46,0.6,0.22,0.0,,0.0,,0.0,0.0,1.44,0.7,0.28,0.12,0.14,0.1,0.0,0.0,0.0,0.0,0.0,151.0
MG,MDG,Madagascar,Antananarivo,32740678.0,2025,worldbank,2.43,2024.0,ember,74.21959923982027,2.3,2024.0,2024.0,53185475.0,667.3212085936739,35.49179545662862,4.76,,,57.61316872427983,20.5761316872428,0.0,0.0,37.03703703703704,0.0,4.11522633744856,0.0,0.0036083934211364,174.92858451879763,70.93124771878044,0.0,1303.1060933950162,False,0.0,0,True,53.6196837401169,12.8,581800.0,-18.9166,47.5166,0.0,2.43,0.5,0.12,0.0,,0.9,0.5,0.0,0.0,0.9,0.19,0.0,0.0,0.1,0.06,0.03,0.0,0.0,0.0,37.03703703703704,5101.0
MH,MHL,Marshall Islands,Majuro,36282.0,2025,worldbank,0.0775999999999999,2024.0,un_energy_stats,2138.801609613582,0.0775999999999999,2024.0,,25195.0,3582.291118499653,0.0902558247305987,4.24,,,,,,,,,,0.0,0.0,123.11941404769055,51.45200000022467,0.0,2157.789866512834,False,,0,True,215.705555555556,16.1,180.0,7.103,171.38,,,,,,,,,,,,,,,,,,,,,,1.0
MK,MKD,North Macedonia,Skopje,1820909.0,2025,worldbank,8.48,2025.0,ember,4657.014710784559,6.631548,2023.0,2025.0,1517120.0,6519.820595098382,9.891350221235657,3.88,0.2380029292668217,,46.901408450704224,29.154929577464785,15.352112676056342,0.0,17.464788732394368,4.225352112676057,31.126760563380284,0.0,0.4904508134917953,222.49558391341927,89.39924689843792,0.6932993441564202,316.40534191099584,True,16.27358490566038,4,False,72.474861221253,29.0,25220.0,42.0,21.4335,1.38,7.1,2.07,0.82,1.09,0.22,0.17,0.2,0.0,0.0,1.24,0.72,0.3,0.1,2.21,1.06,0.02,0.01,0.0,0.0,2.3943661971830985,273.0
ML,MLI,Mali,Bamako,25198821.0,2025,worldbank,5.46,2024.0,ember,216.67680404571308,4.551,2024.0,2024.0,46154079.0,1140.2020979959116,52.62497770686904,4.68,0.1386170906718851,,80.53691275167785,0.0,0.0,0.0,15.436241610738255,0.0,2.8523489932885906,0.0,0.0,159.7723782348126,56.216811249961545,0.0,1612.204933706133,False,-9.157509157509155,7,False,19.4798572353486,7.5,1220190.0,12.65,-8.0,-0.5,5.96,0.0,,0.0,,4.8,0.61,0.0,0.0,0.92,0.46,0.0,0.0,0.17,0.14,0.07,0.04,0.0,0.0,80.53691275167785,10671.0
MM,MMR,Myanmar,Naypyidaw,54850648.0,2025,worldbank,21.92,2024.0,ember,399.6306479369214,17.21779,2024.0,2024.0,58623232.0,1548.4779261008302,90.77678070868782,4.14,0.062266500622665,,52.14187010594196,5.527406725011515,46.06172270842929,0.0,46.06172270842929,0.0,0.5527406725011516,0.0,0.0514368335866929,187.9028325331145,71.43067736048205,0.9100401137633968,32.234247011372844,False,0.958029197080292,5,False,82.9420656687147,6.7,652670.0,19.7666,96.1186,0.21,21.71,1.2,0.19,10.0,2.44,0.12,,0.0,0.0,10.0,3.27,0.0,0.0,0.12,0.22,0.27,0.06,0.0,0.0,0.5527406725011516,5764.0
MN,MNG,Mongolia,Ulan Bator,3568978.0,2025,worldbank,12.41,2025.0,ember,3477.185905881179,10.295412,2024.0,2025.0,4550588.0,4868.06026823365,22.15253663990083,4.76,0.1844046364594309,0.3852739726027397,91.640866873065,85.75851393188854,0.0,0.0,0.6191950464396285,5.572755417956657,2.1671826625387,0.0,0.0107465347898462,144.3467916487221,63.43206433267719,0.3582963270452574,74.5763666834367,False,21.91780821917808,2,False,2.23365125312889,19.8,1558499.786,47.9167,106.9166,2.72,9.69,8.31,1.3,0.0,,0.57,0.1,0.0,0.0,0.06,0.03,0.54,0.16,0.21,0.13,0.0,0.0,0.0,0.0,5.88235294117647,18458.0
MR,MRT,Mauritania,Nouakchott,5315065.0,2025,worldbank,2.37,2024.0,ember,445.9023549100529,1.845,2024.0,2024.0,9415598.0,1635.6693215501466,15.400804792648918,4.75,0.1141552511415525,0.0815394651011089,77.29468599033817,0.0,0.0,0.0,10.144927536231885,4.830917874396135,7.729468599033817,0.0,0.0,145.2502054583503,54.16624635854987,0.0,1978.6999488340057,False,12.658227848101266,4,False,4.87284466867178,0.6,1030700.0,18.0864,-15.9753,0.3,2.07,0.0,,0.0,0.18,1.6,0.24,0.0,0.0,0.21,0.0,0.1,0.14,0.16,0.16,0.0,0.0,0.0,0.0,77.29468599033817,8951.0
MT,MLT,Malta,Valletta,579704.0,2025,worldbank,3.22,2025.0,ember,5554.55887832411,3.1528850000000004,2024.0,2025.0,560909.0,7776.382429653753,4.361842892234657,4.56,0.1552511415525114,,84.01826484018265,0.0,83.10502283105023,0.0,0.0,0.0,15.525114155251142,0.0,0.0,158.9229799951457,71.16314488205954,1.0,177.61848757087267,False,31.98757763975155,0,True,1727.334375,29.0,320.0,35.8997,14.5147,1.03,2.19,0.0,,1.82,0.36,0.02,0.19,0.0,0.0,0.0,0.0,0.0,0.0,0.34,0.25,0.01,0.0,0.0,0.0,0.9132420091324202,4.0
MU,MUS,Mauritius,Port Louis,1243741.0,2025,worldbank,3.41,2024.0,ember,2741.728382356134,3.19978,2023.0,2024.0,1100053.0,4055.905607153205,4.461711130865704,4.21,0.1212899543378995,,82.11143695014663,39.29618768328446,0.0,0.0,3.225806451612903,0.2932551319648093,4.98533724340176,0.0,0.0,136.82299407934983,57.62485592303076,0.0,822.757949592974,False,0.0,0,True,625.261392088132,5.0,1997.0,-20.1666,57.5,0.0,3.41,1.34,0.19,0.0,,1.46,0.46,0.0,0.0,0.11,0.06,0.01,0.01,0.17,0.16,0.32,0.09,0.0,0.0,42.81524926686217,17.0
MV,MDV,Maldives,Malé,529676.0,2025,worldbank,0.85,2024.0,ember,1604.7546047017422,1.21,2024.0,2024.0,589962.0,3102.9868881789453,1.8306443505238268,4.44,,,92.94117647058825,0.0,0.0,0.0,0.0,0.0,7.0588235294117645,0.0,0.0,150.41200152622497,63.25600000017304,0.0,805.7915333869494,False,0.0,0,True,1765.08053691275,3.0,298.0,4.1667,73.4999,0.0,0.85,0.0,,0.0,0.08,0.79,0.53,0.0,0.0,0.0,0.0,0.0,0.0,0.06,0.07,0.0,0.0,0.0,0.0,92.94117647058825,0.0
MW,MWI,Malawi,Lilongwe,22216120.0,2025,worldbank,1.81,2024.0,ember,81.47237231343728,2.4207,2024.0,2024.0,37361683.0,699.166814058436,26.12204887097123,4.6,,,4.371584699453551,0.0,0.0,0.0,92.34972677595628,0.0,0.5464480874316939,0.0,0.0030380834930273,149.55573020898962,56.17986278744827,1.0,74.4249241003917,False,-1.1049723756906078,3,False,223.84898175647,23.1,94280.0,-13.9833,33.7833,-0.02,1.83,0.0,,0.0,,0.08,0.13,0.0,0.0,1.69,0.39,0.0,0.0,0.01,0.1,0.05,0.02,0.0,0.0,4.371584699453551,993.0
MX,MEX,Mexico,Mexico City,131946900.0,2025,worldbank,356.66,2025.0,ember,2703.0570631064465,366.644256,2024.0,2025.0,148946274.0,4027.200315186554,599.8364815986629,4.92,0.232548284228035,0.3249852555800789,74.06224612712553,3.047875171583046,61.6074179903073,2.846177549934168,8.05389808667395,5.989298820629184,7.378771325321455,998.5,0.2082283500938698,230.40049865546945,81.36161556770601,0.405210655544983,356.86186274079483,True,-0.0869175124768687,3,False,66.7402757272564,15.3,1943950.0,19.4424,-99.131,-0.31,356.97,10.88,5.38,219.92,47.24,33.58,39.93,10.16,1.61,28.75,12.84,21.38,7.51,26.34,12.93,5.96,0.89,,,9.406952965235174,17399.0
MZ,MOZ,Mozambique,Maputo,35631653.0,2025,worldbank,16.49,2024.0,ember,462.7907664008739,16.052654,2023.0,2024.0,63530952.0,1666.3566840281355,105.86522650787064,4.44,0.0507356671740233,,16.57402728650834,0.0,15.816068721576556,0.0,82.36483072258717,0.0,0.404244567963618,0.0,0.0351898992452817,171.53287635820692,64.5041383611173,0.6401817531824391,468.462821429797,False,-20.01212856276532,6,False,42.7721457819375,29.5,786380.0,-25.9553,32.5892,-3.3,19.79,0.0,,3.13,0.66,0.15,,0.0,0.0,16.3,2.19,0.0,0.0,0.08,0.18,0.13,0.07,0.0,0.0,0.7579585649317837,6697.0
,NAM,Namibia,,3092816.0,2025,worldbank,4.04,2024.0,ember,1306.2529423024196,4.147538963,2024.0,2024.0,4512301.0,2799.556688801732,12.632442446436745,5.38,0.2758751902587519,,2.4390243902439024,2.4390243902439024,0.0,0.0,60.97560975609756,1.2195121951219512,35.36585365853659,0.0,0.0,158.18072865244775,64.65994713003722,0.0,1070.1842739225676,False,59.40594059405941,0,True,3.59909023551847,39.9,823290.0,-22.5609,17.0658,2.4,1.64,0.04,0.12,0.0,,0.0,0.07,0.0,0.0,1.0,0.35,0.02,0.01,0.58,0.24,0.0,0.0,0.0,0.0,0.0,7234.0
NE,NER,Niger,Niamey,27917831.0,2025,worldbank,2.15,2024.0,ember,77.01171340997085,1.723954,2023.0,2024.0,52513876.0,679.7575159274262,35.69670190148088,4.84,,,96.8421052631579,17.894736842105264,5.2631578947368425,0.0,0.0,0.0,3.1578947368421053,0.0,0.0202910332149508,186.0186040649405,73.55679896006399,0.0,2325.828090884489,False,55.81395348837209,7,False,20.6519831057077,21.0,1266700.0,13.5167,2.1167,1.2,0.95,0.17,0.03,0.05,0.02,0.7,0.39,0.0,0.0,0.0,0.0,0.0,0.0,0.03,0.08,0.0,0.0,0.0,0.0,73.6842105263158,10059.0
NG,NGA,Nigeria,Abuja,237527782.0,2025,worldbank,39.24,2025.0,ember,165.20172785514413,37.533479,2023.0,2025.0,359185556.0,995.595483683441,357.6035173579257,4.3,0.0530006523157208,,68.68078960038517,0.0,68.68078960038517,0.0,30.86181993259509,0.0,0.312951372171401,0.0,0.0051749633269026,178.87564527912014,71.46499957714525,0.0,2503.471887717247,False,-5.861365953109071,4,False,250.20910328623,13.9,910770.0,9.0833,7.5333,-2.3,41.54,0.0,0.34,28.53,11.91,0.0,,0.0,0.0,12.82,2.9,0.0,0.0,0.13,0.28,0.06,0.02,0.0,0.0,0.0,7490.0
NI,NIC,Nicaragua,Managua,7007502.0,2025,worldbank,5.42,2024.0,ember,773.4567895949227,4.804818,2023.0,2024.0,8756430.0,2154.2378553840185,18.86343298402028,4.11,,0.3364575823119442,37.61061946902655,0.0,0.0,0.0,14.380530973451329,12.389380530973456,0.6637168141592921,165.44,0.2695569305101198,239.50139518643272,84.27278544087777,0.7240674051352024,175.26002243295545,True,16.605166051660518,2,False,56.702783779292,21.2,120340.0,12.153,-86.2685,0.9,4.52,0.0,,0.0,,1.7,0.38,0.0,0.0,0.65,0.16,0.56,0.19,0.03,0.04,0.89,0.22,0.69,0.0,37.61061946902655,1072.0
NO,NOR,Norway,Oslo,5610870.0,2025,worldbank,137.76,2025.0,ember,24552.34215014784,136.15629800000002,2024.0,2025.0,5836990.0,34373.27901020697,200.636485849788,2.76,0.0672247590055809,0.3004318431205975,1.0009947774185526,0.0,0.5595622979358369,0.0,90.0149216612783,8.443173339965183,0.3295200198955483,0.0,0.002028743260228,128.8655003263772,53.59202744451958,0.1074782117667073,1420.3767281571445,False,-16.75377468060395,3,False,15.1524995195871,17.8,364270.0,59.9167,10.75,-23.08,160.84,0.0,,0.9,0.34,0.71,0.14,0.0,0.0,144.78,34.65,13.58,5.16,0.53,0.9,0.24,0.05,0.1,0.05,0.4414324794827157,8640.0
NP,NPL,Nepal,Kathmandu,29618118.0,2025,worldbank,11.03,2024.0,ember,372.4071867091623,12.985732,2023.0,2024.0,34642027.0,1494.8053787215824,51.78308828941828,4.0,0.08058017727639,,0.0,0.0,0.0,0.0,98.83198562443845,0.0898472596585804,1.0781671159029649,0.0,0.0102186104603003,167.81183349453846,67.98069149921275,1.0,67.80637511619126,False,-0.9066183136899366,2,False,207.147638646669,23.6,143350.0,27.7167,85.3166,-0.1,11.13,0.0,,0.0,,0.0,0.05,0.0,0.0,11.0,3.29,0.01,0.0,0.12,0.17,0.0,0.01,0.0,0.0,0.0,1349.0
NR,NRU,Nauru,Yaren,12025.0,2025,worldbank,0.05,2024.0,ember,4158.004158004158,0.0453,2024.0,2024.0,15758.0,5821.205821205821,0.0917305613305613,4.65,,,80.0,0.0,0.0,0.0,0.0,0.0,20.0,0.0,0.0,121.93833392323708,50.01599999994862,0.0,1201.6374071687258,False,0.0,0,True,593.75,0.0,20.0,-0.5477,166.9209,0.0,0.05,0.0,,0.0,,0.04,0.02,0.0,0.0,0.0,0.0,0.0,0.0,0.01,0.0,0.0,0.0,0.0,0.0,80.0,0.0
NZ,NZL,New Zealand,Wellington,5324700.0,2025,worldbank,43.34,2025.0,ember,8139.425695344338,43.995502,2024.0,2025.0,5787281.0,11395.195973482072,65.9472011486093,3.68,0.0502826701456838,0.382329491918533,11.467466543608674,1.1305952930318413,8.860175357637285,0.0,54.84540839870789,9.736963544070145,0.853714813105676,1283.0,0.041336361554942,183.9644168588,71.40610909814242,0.963891296941972,20.31209275981076,True,0.0,0,True,19.7485853176864,33.4,263310.0,-41.3,174.7833,0.0,43.34,0.49,0.75,3.84,1.42,0.64,,0.0,0.0,23.77,5.5,4.22,1.26,0.37,0.84,0.57,0.13,9.44,0.0,1.4766958929395475,2898.0
OM,OMN,Oman,Muscat,5494691.0,2025,worldbank,52.84,2025.0,ember,9616.555325859088,45.7161,2023.0,2025.0,7827002.0,13463.177456202722,105.37631687605362,5.17,0.1572198069614196,,95.45798637395912,0.0,91.86222558667676,0.0,0.0,0.1892505677517032,4.352763058289174,0.0,0.0003769257331541,171.7613549037858,66.01265365247946,0.3917683806437702,84.3181124189091,False,0.0,3,False,16.3142778675283,28.9,309500.0,23.6133,58.5933,0.0,52.84,0.0,,48.54,13.48,1.9,0.14,0.0,0.0,0.0,0.0,0.1,0.05,2.3,1.67,0.0,0.0,0.0,0.0,3.595760787282362,2701.0
PA,PAN,Panama,Panama City,4571189.0,2025,worldbank,13.29,2024.0,ember,2907.339862779684,14.03218,2023.0,2024.0,5630680.0,4176.606179265422,23.517132881466225,3.97,0.1527212143650499,0.32232070910556,32.01787043931496,3.7230081906180192,20.84884586746091,0.0,53.09009679821296,7.148175725986597,7.371556217423678,0.0,0.1847017895010454,206.33264465244253,73.59904187124988,1.0,159.8029133720233,True,-1.053423626787058,2,False,60.1072930709086,31.4,74180.0,8.968,-79.533,-0.14,13.43,0.5,0.31,2.8,1.2,1.0,0.78,0.0,0.0,7.13,1.85,0.96,0.34,0.99,0.74,0.05,0.1,0.0,0.0,7.4460163812360385,601.0
PE,PER,Peru,Lima,34576665.0,2025,worldbank,60.47,2025.0,ember,1748.8673358173785,61.224842,2023.0,2025.0,40583876.0,3239.321536202337,131.4642235493652,4.9,0.2048079505774912,0.1797519253049819,36.350099272005295,0.0165453342157511,36.11846459298478,0.0,56.05559232296493,3.4910655195234943,3.027796161482462,0.0,0.1353155787218163,221.7265035256016,76.04364709986358,0.53533227306832,182.3095044957627,True,0.0496113775425831,5,False,26.44188828125,22.1,1280000.0,-12.048,-77.0501,0.03,60.44,0.01,0.0,21.83,4.91,0.13,2.98,0.0,0.0,33.88,5.77,2.11,1.34,1.83,1.02,0.65,0.24,0.0,0.0,0.215089344804765,10655.0
PG,PNG,Papua New Guinea,Port Moresby,10762817.0,2025,worldbank,4.73,2024.0,ember,439.4760219373794,4.955,2024.0,2024.0,14906590.0,1623.8399341142822,24.20591612346861,3.69,,,76.32135306553911,0.0,19.238900634249468,0.0,21.14164904862579,0.0,0.2114164904862579,51.0,0.3134273648711033,244.42505512834924,86.68593088604099,0.9793714396063942,74.7023924328283,True,0.0,1,False,22.9422669257607,3.7,452860.0,-9.4647,147.1925,0.0,4.73,0.0,,0.91,0.26,2.7,0.49,0.0,0.0,1.0,0.31,0.0,0.0,0.01,0.0,0.01,0.02,0.1,0.0,57.08245243128964,3761.0
PH,PHL,Philippines,Manila,116786962.0,2025,worldbank,123.12,2025.0,ember,1054.2272689651777,107.6007,2023.0,2025.0,134373439.0,2515.027557262756,337.952902049166,3.93,0.0880374687466985,0.3205128205128205,76.68940870695256,58.66634178037687,17.259584145549056,0.0,10.315139701104613,1.1858349577647822,2.4366471734892787,2057.4,0.2781817009299135,222.1896457063285,83.41740695269588,0.7282089477240917,149.52746735211906,True,0.0,0,True,385.321122178623,16.0,298170.0,14.6042,120.9822,0.0,123.12,72.23,12.64,21.25,4.19,0.94,4.19,0.0,0.0,12.7,3.15,1.46,0.52,3.0,3.89,1.45,0.81,10.09,0.0,0.7634827810266407,2410.0
PK,PAK,Pakistan,Islamabad,255219554.0,2025,worldbank,177.6,2025.0,ember,695.8714456494976,134.88813399999998,2023.0,2025.0,371863793.0,2043.3376309110013,759.8432818101991,4.71,1.1234472430893112,0.2752067135628779,38.86065943992773,16.27145438121048,21.86653116531165,14.357497741644083,23.283649503161698,2.51806684733514,20.669602529358627,0.0,0.0282503161160547,179.4860640719113,72.31936921481277,0.906490324134514,39.65238139725779,False,0.2702702702702703,4,False,321.067474833956,19.1,770880.0,33.7,73.1666,0.48,177.12,28.82,8.48,38.73,17.79,1.28,3.87,25.43,3.62,41.24,11.52,4.46,1.85,36.61,3.72,0.55,0.43,,,0.7226738934056007,8169.0
PT,PRT,Portugal,Lisbon,10804871.0,2025,worldbank,60.43,2025.0,ember,5592.847892399641,56.31761,2024.0,2025.0,10050583.0,7829.987049359496,78.69593472851271,4.32,0.1455274136854899,0.27836788513662,19.1044192412984,0.0,16.464606961282755,0.0,29.72233085647243,26.750097770825185,17.32499022291748,29.1,0.0169220023125067,171.52554065604463,71.08112545159437,0.3560738416942471,241.669443769146,True,15.373159026973356,1,False,115.475189289738,23.0,91605.6,38.7227,-9.1449,9.29,51.14,0.0,0.0,8.42,4.19,1.35,0.47,0.0,0.0,15.2,8.37,13.68,5.61,8.86,6.95,3.43,0.66,0.2,0.04,2.639812280015643,955.0
PW,PLW,Palau,Ngerulmud,17663.0,2025,worldbank,0.09994,2024.0,un_energy_stats,5658.15546622884,0.09994,2024.0,,15518.0,7921.417652720375,0.1229245591349147,4.01,,,,,,,,,,0.0,0.0,198.4294182892669,80.4409799376296,1.0,57.8199734120406,False,,0,True,38.5369565217391,31.4,460.0,7.5,134.6242,,,,,,,,,,,,,,,,,,,,,,4.0
PY,PRY,Paraguay,Asunción,7013078.0,2025,worldbank,29.65,2025.0,ember,4227.815518378663,26.384220000000003,2024.0,2025.0,8640464.0,5918.941725730128,51.14240289926904,4.28,,,0.0,0.0,0.0,0.0,99.470782800441,0.0,0.0,0.0,0.1504490037065803,213.2345821069133,77.29047439112868,0.169853195500305,744.2274684182332,True,-52.951096121416526,3,False,17.282671943072,14.9,396012.03,-25.2964,-57.6415,-15.7,45.35,0.0,,0.0,,0.0,0.03,0.0,0.0,45.11,8.82,0.0,0.0,0.0,0.0,0.24,0.02,0.0,0.0,0.0,3537.0
QA,QAT,Qatar,Doha,2972215.0,2025,worldbank,56.18,2025.0,ember,18901.7281724236,52.898,2023.0,2025.0,3974998.0,26462.419441393035,105.18806435469844,4.92,0.1460915416394868,,95.94161623353509,0.0,95.94161623353509,0.0,0.0,0.0,3.826984692061232,0.0,0.0,152.56118760665032,64.24291192732058,0.6452462404585714,265.778994946165,False,0.0,1,False,231.160313315927,15.6,11490.0,25.2866,51.533,0.0,56.18,0.0,,53.9,12.58,0.0,,0.0,0.0,0.0,0.0,0.0,0.0,2.15,1.68,0.13,0.0,0.0,0.01,0.0,99.0
RO,ROU,Romania,Bucharest,19020271.0,2025,worldbank,53.6,2025.0,ember,2818.046073055426,56.265018,2024.0,2025.0,16112463.0,4111.967465621847,66.25392364703578,3.52,0.0890923194005385,0.207776478449716,32.48292486942547,15.186822016874247,16.934511852149456,20.490156689433505,24.266773804740858,11.992768179991964,9.783045399758938,0.05,0.0078377221448847,172.6156251218976,60.001933010097886,0.0,416.0998977529682,False,7.126865671641791,5,False,82.8453668289291,24.6,230080.0,44.4334,26.0999,3.82,49.78,7.56,2.52,8.43,3.55,0.18,1.23,10.2,1.3,12.08,6.62,5.97,3.28,4.87,6.24,0.49,0.16,0.0,0.0,0.3615910004017678,2731.0
RS,SRB,Serbia,Belgrade,6549143.0,2025,worldbank,37.99,2025.0,ember,5800.7589695323495,34.215578,2023.0,2025.0,5414953.0,8121.062557345289,43.97517205808454,3.52,0.0424763725177869,0.2097602739726027,72.18434687755658,65.03954185983092,6.844832287973819,0.0,22.25252249795473,4.008726479410963,0.436323970548132,0.0,0.5991720225644294,235.5533752434785,96.18663688205008,0.0,617.3124795002602,True,3.4745985785733087,8,False,78.7630277084077,14.0,84090.0,44.8186,20.468,1.32,36.67,23.85,4.82,2.51,0.59,0.11,,0.0,0.0,8.16,2.51,1.47,0.8,0.16,0.43,0.41,0.05,0.0,0.02,0.2999727297518407,880.0
RU,RUS,Russia,Moscow,143513328.0,2025,worldbank,1176.1,2025.0,ember,8195.057674364572,1064.051693,2023.0,2025.0,137454032.0,11473.0807441104,1577.021207739535,3.36,0.1334160136798391,0.1442795535261288,64.31643457775468,18.40391016021261,44.69940224180283,18.33097192297052,16.744774855590673,0.3051668776565867,0.2380972342155786,81.4,0.0029886047393886,131.14872872028394,55.90673759509721,0.2121749346129464,1639.254127205011,True,-1.4190970155599016,14,False,8.78227219242749,11.5,16376870.0,55.7522,37.6155,-16.69,1192.79,219.52,37.19,533.17,113.04,14.47,1.29,218.65,28.65,199.73,51.83,3.64,2.88,2.84,2.43,0.77,0.16,,,1.2131221757392332,292723.0
RW,RWA,Rwanda,Kigali,14569341.0,2025,worldbank,1.22,2024.0,ember,83.73748682249938,1.30023,2024.0,2024.0,22707910.0,708.8193852703214,16.095806806973783,4.1,,,50.4424778761062,15.04424778761062,26.548672566371685,0.0,46.01769911504425,0.0,3.5398230088495577,0.0,0.3675703770234567,371.8138130498122,89.50885385889842,1.0,102.92532903755496,True,7.377049180327869,4,False,565.645358735306,9.1,24670.0,-1.9536,30.0605,0.09,1.13,0.17,0.09,0.3,0.09,0.1,0.04,0.0,0.0,0.52,0.15,0.0,0.0,0.04,0.02,0.0,0.0,0.0,0.0,8.849557522123895,204.0
SA,SAU,Saudi Arabia,Riyadh,36973555.0,2025,worldbank,454.59,2024.0,ember,12295.003820974209,421.846799,2023.0,2024.0,50528540.0,17213.005349363888,869.7480293155472,5.16,0.1515318898217705,0.4537671232876712,97.84004926975189,0.0,63.34242477564667,,,0.3497272567306,1.8102234735175085,0.0,0.0479699544702597,186.63393920873443,68.38624051669368,0.1647748670208941,619.6831529167407,False,-0.0109989221056336,7,False,15.6779493787476,18.5,2149690.0,24.6408,46.7727,-0.05,454.64,0.0,,287.98,69.42,156.84,28.33,,,,,1.59,0.4,8.23,6.2,0.0,0.0,,,34.497624494105224,17102.0
SB,SLB,Solomon Islands,Honiara,838645.0,2025,worldbank,0.11,2024.0,ember,131.16396091313965,0.128872,2024.0,2024.0,1309110.0,887.1210545798345,1.1613390437610074,3.69,,,90.9090909090909,0.0,0.0,0.0,0.0,0.0,9.090909090909092,0.0,0.2013613846083867,211.8222797704326,79.83038950490312,1.0,81.20655841357232,True,0.0,0,True,28.581814933905,2.4,27990.0,-9.438,159.9498,0.0,0.11,0.0,,0.0,,0.1,0.06,0.0,0.0,0.0,0.0,0.0,0.0,0.01,0.01,0.0,0.0,0.0,0.0,90.9090909090909,208.0
SC,SYC,Seychelles,Victoria,122730.0,2025,worldbank,0.63,2024.0,ember,5133.219261794183,0.578619,2024.0,2024.0,130163.0,7186.506966511855,0.9354173062820826,4.35,,,84.12698412698413,0.0,0.0,0.0,0.0,1.5873015873015872,14.285714285714286,0.0,0.0,175.6435890657421,77.22400000009517,0.0,1254.743052938487,False,0.0,0,True,260.376086956522,68.1,460.0,-4.6166,55.45,0.0,0.63,0.0,,0.0,,0.53,0.11,0.0,0.0,0.0,0.0,0.01,0.01,0.09,0.02,0.0,0.0,0.0,0.0,84.12698412698413,1.0
SD,SDN,Sudan,Khartoum,51662147.0,2025,worldbank,15.57,2024.0,ember,301.3812027595369,14.504484,2023.0,2024.0,85206383.0,1344.7257030923524,114.57921328763128,4.94,0.0961307378034126,,20.31144211238998,0.0,0.0,0.0,77.86052809749492,0.0,1.0832769126607988,0.0,0.005282458492273,175.07253981042695,66.82592506500418,0.0585857864781918,764.248278176271,False,5.138086062941555,7,False,26.7895026766595,2.8,1868000.0,15.5881,32.5342,0.8,14.77,0.0,,0.0,0.81,3.0,1.34,0.0,0.0,11.5,1.48,0.0,0.0,0.16,0.19,0.11,0.2,0.0,0.0,20.31144211238998,15696.0
SE,SWE,Sweden,Stockholm,10596620.0,2025,worldbank,136.7,2025.0,ember,12900.339919710246,134.596,2024.0,2025.0,11187356.0,18060.475887594344,202.04897328393392,2.84,0.0919468659194686,0.2555028348335094,1.221517500587268,0.0,0.0645994832041343,27.407798919426828,40.07517030772844,22.844726333098425,2.6015973690392293,0.0,0.0,120.30372932494032,52.81499058601203,0.0,1600.3131846429949,False,-24.56474030724214,2,False,25.8713678886243,15.8,407270.0,59.3508,18.0973,-33.58,170.28,0.0,0.0,0.11,0.25,1.97,4.78,46.67,7.0,68.24,16.31,38.9,17.38,4.43,5.5,9.96,3.19,0.0,0.48,1.1569180173831335,7842.0
SG,SGP,Singapore,Singapore,6111175.0,2025,worldbank,60.44,2025.0,ember,9890.078421907408,57.384,2023.0,2025.0,6257122.0,13846.109790670367,86.63679818561896,3.55,0.1231675078106224,,94.5137157107232,0.9476309226932668,91.12219451371573,,,,2.7265170407315047,0.0,0.0,191.6251524505832,84.00400000000357,0.0,707.3490080521683,False,0.4798146922567835,0,True,8241.8495821727,4.6,718.0,1.293,103.8558,0.29,60.15,0.57,,54.81,11.7,1.47,0.21,,,,,,,1.64,1.52,1.66,0.05,,,2.4438902743142146,3.0
SI,SVN,Slovenia,Ljubljana,2130986.0,2025,worldbank,14.39,2025.0,ember,6752.742627121905,13.84418,2024.0,2025.0,1980961.0,9453.839677970664,18.727687702312448,3.43,0.1119739406101852,,21.16935483870968,14.650537634408604,6.518817204301075,39.18010752688172,27.284946236559133,0.0672043010752688,10.349462365591398,0.0,0.0765122274748766,193.8137909057918,61.33131315195383,0.0,810.6110162732933,False,-3.4051424600416955,4,False,105.31480791676,40.4,20134.5,46.0553,14.515,-0.49,14.88,2.18,1.07,0.97,0.54,0.0,,5.83,0.7,4.06,1.14,0.01,0.0,1.54,1.57,0.29,0.07,,,0.0,233.0
SK,SVK,Slovakia,Bratislava,5413813.0,2025,worldbank,26.74,2025.0,ember,4939.217516378937,23.938,2024.0,2025.0,4885437.0,6914.904522930511,33.78233040779207,3.27,0.07758123863989,,14.850464077002409,1.065658301821932,11.275352354761086,66.41457545548299,10.86283946373324,0.0,2.406325197662427,0.0,0.0188543958680656,177.96747883610266,73.27674804580855,0.0,1000.8568087544764,False,-8.788332086761407,5,False,112.868968386023,37.5,48080.0,48.15,17.117,-2.35,29.09,0.31,0.27,3.28,1.99,0.73,,19.32,2.47,3.16,1.61,0.0,0.0,0.7,1.03,1.58,0.34,0.01,0.01,2.509453420419388,588.0
SL,SLE,Sierra Leone,Freetown,8819794.0,2025,worldbank,0.21,2024.0,ember,23.810079917966338,0.499,2024.0,2024.0,12948325.0,377.96888695737647,4.894063988212372,4.09,,,4.761904761904762,0.0,0.0,0.0,85.71428571428572,0.0,9.523809523809524,0.0,0.0,152.5791209414004,49.17655525206019,0.0,977.8785981141442,False,0.0,2,False,117.214075921308,12.6,72180.0,8.47,-13.2342,0.0,0.21,0.0,,0.0,,0.01,0.14,0.0,0.0,0.18,0.06,0.0,0.0,0.02,0.02,0.0,0.03,0.0,0.0,4.761904761904762,593.0
SM,SMR,San Marino,City of San Marino,34109.0,2025,worldbank,0.1805328191542159,2025.0,proxy_ITA_per_capita,5292.820638371573,,,,34235.0,7409.948893720202,0.2536796003765111,3.76,,,,,,,,,,0.0,0.0,76.35197954518542,34.25199999979608,0.0,546.2302890770103,False,,1,False,564.333333333333,,60.0,43.9172,12.4667,,,,,,,,,,,,,,,,,,,,,,1.0
SN,SEN,Senegal,Dakar,18931966.0,2025,worldbank,8.13,2024.0,ember,429.4324213343718,8.399241,2023.0,2024.0,30364954.0,1605.1774132494609,48.741138315158864,4.58,0.2875021139861322,0.2925228310502283,80.2096985583224,1.3106159895150722,0.2621231979030144,0.0,4.062909567496724,5.373525557011796,8.91218872870249,0.0,0.0,159.4124579317981,58.82503421473788,0.0,1606.659583168888,False,6.150061500615005,5,False,93.8948371682335,27.5,192530.0,14.7158,-17.4731,0.5,7.63,0.1,0.16,0.02,0.0,6.0,1.29,0.0,0.0,0.31,0.0,0.41,0.16,0.68,0.27,0.11,0.05,0.0,0.0,78.63695937090432,1644.0
SO,SOM,Somalia,Mogadishu,19654739.0,2025,worldbank,0.43,2024.0,ember,21.877675404389752,0.6232000000000001,2024.0,2024.0,37206512.0,362.3065724305019,13.480163834814336,4.76,,,79.06976744186046,0.0,0.0,0.0,0.0,2.3255813953488373,18.6046511627907,0.0,0.0059013871005696,175.60210487356136,68.85846363417738,0.0788936401647596,965.4870303831776,False,0.0,3,False,29.2642187649441,0.0,627340.0,2.0667,45.3667,0.0,0.43,0.0,,0.0,,0.34,0.06,0.0,0.0,0.0,0.0,0.01,0.0,0.08,0.05,0.0,0.0,0.0,0.0,79.06976744186046,3840.0
SR,SUR,Suriname,Paramaribo,639850.0,2025,worldbank,1.74,2024.0,ember,2719.387356411659,2.024665,2023.0,2024.0,733904.0,4039.346994065991,2.9644929163330067,4.27,,,47.12643678160919,0.0,1.1494252873563218,0.0,51.72413793103448,0.0,0.5747126436781609,0.0,0.0,154.3293343349639,60.22605486092911,0.0,582.7528677388696,False,0.0,3,False,3.91810706046897,14.8,160507.61,5.835,-55.167,0.0,1.74,0.0,,0.02,,0.8,0.51,0.0,0.0,0.9,0.18,0.0,0.0,0.01,0.01,0.01,0.0,0.0,0.0,45.97701149425287,1186.0
SS,SSD,South Sudan,Juba,12188788.0,2025,worldbank,0.56,2024.0,ember,45.94386250708438,0.7133999999999999,2023.0,2024.0,18341974.0,525.0363559245267,9.630203189422415,4.46,,,98.21428571428572,0.0,0.0,0.0,0.0,0.0,1.7857142857142856,0.0,0.0072906276475933,176.69010353082433,70.34728253648133,0.4553816021128355,35.34445907823415,False,0.0,6,False,18.1719082809805,15.4,631930.0,4.83,31.58,0.0,0.56,0.0,,0.0,,0.55,0.2,0.0,0.0,0.0,0.0,0.0,0.0,0.01,0.03,0.0,0.0,0.0,0.0,98.21428571428572,5096.0
ST,STP,São Tomé and Príncipe,São Tomé,240254.0,2025,worldbank,0.09,2023.0,ember,374.60354458198407,0.114,2024.0,2023.0,365115.0,1499.2068794839172,0.5473829198027704,3.47,,,88.88888888888889,0.0,0.0,0.0,11.11111111111111,0.0,0.0,0.0,0.0,152.9613643645701,66.36585324811632,0.0,2086.59984385432,False,0.0,0,True,240.490625,31.7,960.0,0.3334,6.7333,0.0,0.09,0.0,,0.0,,0.08,0.03,0.0,0.0,0.01,0.0,0.0,0.0,0.0,0.0,0.0,0.0,0.0,0.0,88.88888888888889,7.0
SV,SLV,El Salvador,San Salvador,6365503.0,2025,worldbank,6.25,2025.0,ember,981.8548510620448,7.277563481,2023.0,2025.0,6663346.0,2427.1648288429587,16.173039053611415,4.83,0.2051709243490065,,13.157894736842106,,,,30.340557275541794,3.095975232198142,20.58823529411765,209.4,0.5145834839019462,329.5343952747826,98.93157494204964,1.0,117.70654714481988,True,-3.36,2,False,304.518532818533,8.3,20720.0,13.71,-89.203,-0.21,6.46,,,,,0.85,0.55,,,1.96,0.64,0.2,0.05,1.33,0.74,0.78,0.3,1.34,0.0,13.157894736842106,169.0
SY,SYR,Syria,Damascus,25620427.0,2025,worldbank,24.28,2024.0,ember,947.6813169429222,22.774249,2023.0,2024.0,37793372.0,2384.551928907721,90.12025810252706,4.85,0.0070903882696616,,96.4630225080386,0.0,52.2508038585209,0.0,3.014469453376206,0.0,0.4019292604501608,0.0,0.0044309276535119,175.6090442661041,70.16783737603507,0.8669359078574643,58.03102283826094,False,-2.471169686985173,5,False,128.490023416653,0.7,183630.0,33.5,36.3,-0.6,24.88,0.0,0.06,13.0,7.83,11.0,0.68,0.0,0.0,0.75,1.49,0.0,0.0,0.1,1.61,0.03,0.01,0.0,0.0,44.21221864951769,1836.0
SZ,SWZ,Eswatini,Lobamba,1256174.0,2025,worldbank,1.65,2024.0,ember,1313.5123000476049,1.6735,2024.0,2024.0,1505331.0,2807.3250257648524,4.225953388359631,4.32,,,3.278688524590164,3.278688524590164,0.0,0.0,57.37704918032787,0.0,4.918032786885246,0.0,0.0,162.5796865854332,54.08741159396795,0.032472200943549,329.9324354197309,False,63.03030303030303,2,False,71.5410465116279,4.2,17200.0,-26.4667,31.2,1.04,0.61,0.02,,0.0,,0.0,0.01,0.0,0.0,0.35,0.06,0.0,0.0,0.03,0.03,0.21,0.11,0.0,0.0,0.0,154.0
TD,TCD,Chad,N'Djamena,21003705.0,2025,worldbank,0.37,2024.0,ember,17.61593966397833,0.327,2024.0,2024.0,38857686.0,325.1086556581814,12.632970057447736,4.84,,,94.5945945945946,0.0,0.0,0.0,0.0,2.702702702702702,0.0,0.0,0.0025850522958475,177.55985664364428,71.60636831375768,0.0,1908.7877498971216,False,0.0,6,False,15.342331639136,21.0,1259200.0,12.1131,15.0491,0.0,0.37,0.0,,0.0,0.12,0.35,0.16,0.0,0.0,0.0,0.0,0.01,0.0,0.0,0.0,0.01,0.0,0.0,0.0,94.5945945945946,10692.0
TG,TGO,Togo,Lomé,8591626.0,2025,worldbank,2.21,2024.0,ember,257.2272117059099,2.24343,2023.0,2024.0,13960027.0,1242.321725735914,17.342844833959955,4.12,,,70.42253521126761,0.0,70.42253521126761,0.0,11.267605633802818,0.0,18.30985915492958,0.0,0.0,169.74491770886888,63.40412348135296,0.0,1736.6160308388314,False,67.87330316742081,3,False,151.201507630079,27.9,54390.0,6.1319,1.2228,1.5,0.71,0.0,,0.5,0.07,0.0,0.15,0.0,0.0,0.08,0.07,0.0,0.0,0.13,0.07,0.0,0.0,0.0,0.0,0.0,462.0
TH,THA,Thailand,Bangkok,71619863.0,2025,worldbank,225.1,2025.0,ember,3142.982834245299,241.948713,2024.0,2025.0,66382735.0,4400.175967943418,292.09571523335643,4.06,0.1665598547357739,0.2527723418134377,83.42541436464087,17.82830429239269,65.5227369315767,,4.048023799405015,1.811517212069698,5.301742456438589,0.3,0.0326429969323579,181.48748362726047,64.19497400960287,0.7706126696735623,145.53365550181775,False,16.374944469124834,4,False,140.348088629646,18.4,510890.0,13.75,100.5166,36.86,188.24,33.56,5.84,123.34,38.83,0.14,,,,7.62,3.13,3.41,1.54,9.98,6.84,10.19,4.31,,,0.0743731406714832,4326.0
TJ,TJK,Tajikistan,Dushanbe,10786734.0,2025,worldbank,18.74,2025.0,ember,1737.3191922596775,19.897,2024.0,2025.0,15574642.0,3228.6088573189018,50.28442711077097,4.34,,,5.806182121971596,4.678362573099416,1.1278195488721805,0.0,94.1938178780284,0.0,0.0,0.0,0.1212118549214905,224.66925037980687,72.61291198933137,0.0455283865828043,542.1886917645614,True,-27.74813233724653,4,False,74.8598530153469,22.6,138790.0,38.56,68.7739,-5.2,23.94,1.12,0.4,0.27,0.21,0.0,,0.0,0.0,22.55,5.84,0.0,0.0,0.0,0.0,0.0,0.0,0.0,0.0,0.0,1478.0
TL,TLS,Timor-Leste,Dili,1418517.0,2025,worldbank,0.51,2024.0,ember,359.53041098555747,0.54532,2024.0,2024.0,1889249.0,1468.7349883193172,2.7748061079472817,4.34,,,100.0,0.0,0.0,0.0,0.0,0.0,0.0,0.0,0.1999587744591934,223.42358223238776,80.32661691474684,1.0,122.48432857467807,True,0.0,1,False,93.0925353059852,16.1,14870.0,-8.5594,125.5795,0.0,0.51,0.0,,0.0,,0.51,0.35,0.0,0.0,0.0,0.0,0.0,0.0,0.0,0.0,0.0,0.0,0.0,0.0,100.0,125.0
TM,TKM,Turkmenistan,Ashgabat,7618847.0,2025,worldbank,24.01,2024.0,ember,3151.3954801822374,21.136454,2023.0,2024.0,9639708.0,4411.953672255132,42.529945110067175,4.37,,,99.96970614965164,0.0,99.96970614965164,0.0,0.0302938503483792,0.0,0.0,0.0,0.0,147.16860345445426,60.61313454968439,0.0,1100.671766769654,False,-37.48438150770512,4,False,15.6713510522844,4.3,469930.0,37.95,58.3833,-9.0,33.01,0.0,,33.0,7.09,0.0,,0.0,0.0,0.01,0.0,0.0,0.0,0.0,0.0,0.0,0.0,0.0,0.0,0.0,4912.0
TN,TUN,Tunisia,Tunis,12348573.0,2025,worldbank,24.9,2025.0,ember,2016.4273232218816,22.560554,2023.0,2025.0,13145141.0,3478.29900085247,45.72273080636484,4.74,0.0718280231901903,0.1506849315068493,95.96593455849396,0.0,94.9350067234424,0.0,0.0448229493500672,1.4791573285522188,2.5100851636037658,0.0,0.123112979581611,205.22408373952817,78.79660795886927,0.3167529041465931,175.7935155145091,True,10.401606425702813,2,False,78.530065653965,7.9,155360.0,36.8028,10.1797,2.59,22.31,0.0,,21.18,5.45,0.23,,0.0,0.0,0.01,0.07,0.33,0.25,0.56,0.89,0.0,0.0,0.0,0.0,1.0309278350515465,1539.0
TO,TON,Tonga,Nuku'alofa,103742.0,2025,worldbank,0.07,2024.0,ember,674.7508241599352,0.0802,2024.0,2024.0,105195.0,2012.089696052244,0.2116617755762158,4.01,,,85.71428571428571,0.0,0.0,0.0,0.0,0.0,14.285714285714285,0.0,0.5022368018293674,211.8432511443116,88.26111503202233,1.0,111.7373139557622,True,0.0,0,True,145.273611111111,13.3,720.0,-21.1385,-175.2206,0.0,0.07,0.0,,0.0,,0.06,0.02,0.0,0.0,0.0,0.0,0.0,0.0,0.01,0.02,0.0,0.0,0.0,0.0,85.71428571428571,4.0
TR,TUR,Türkiye,Ankara,85878556.0,2025,worldbank,351.77,2025.0,ember,4096.133148768827,330.900766,2024.0,2025.0,89125936.0,5734.586408276357,511.1003812105085,4.32,0.1669526150381952,0.3044654939106901,56.742779630362286,34.30735319052732,22.1443508732267,0.0,16.184366698694397,11.13999886960945,10.52676199626971,1757.505,0.1658552844395183,220.0062289710216,78.3325995646272,0.9844108322613472,111.1651312203452,True,-0.5941382153111409,8,False,110.866214934449,7.0,769630.0,39.9272,32.8644,-2.09,353.86,121.4,21.02,78.36,26.94,1.03,0.57,0.0,0.0,57.27,32.29,39.42,14.78,37.25,25.47,8.48,1.99,10.65,0.01,0.2910755666082631,8140.0
TT,TTO,Trinidad and Tobago,Port of Spain,1367764.0,2025,worldbank,9.55,2024.0,ember,6982.198683398598,9.16716,2023.0,2024.0,1269868.0,9775.078156758038,12.413058948766016,4.35,,,99.89528795811518,0.0,99.47643979057592,0.0,0.0,0.0,0.1047120418848167,0.0,0.0,158.06130163661166,62.00408806710745,1.0,25.13691159292584,False,0.0,0,True,266.571150097466,30.6,5130.0,10.652,-61.517,0.0,9.55,0.0,,9.5,2.06,0.04,,0.0,,0.0,,0.0,,0.01,,0.0,,0.0,,0.4188481675392669,40.0
TV,TUV,Tuvalu,Funafuti,9492.0,2025,worldbank,0.009798515,2024.0,un_energy_stats,1032.2919300463548,0.009798515,2024.0,,9781.0,2488.724890436492,0.0243422181533593,4.27,,,,,,,,,,0.0,0.0,125.7532952880828,53.17999999999843,0.0,642.1236706537255,False,,0,True,327.2,20.2,30.0,-8.5167,179.2166,,,,,,,,,,,,,,,,,,,,,,0.0
TZ,TZA,Tanzania,Dodoma,70545865.0,2025,worldbank,9.03,2024.0,ember,128.00183256665716,11.878,2024.0,2024.0,129621102.0,876.3623653489137,113.5950555478528,4.51,,,67.08144796380091,0.0,62.782805429864254,0.0,31.67420814479638,0.0,0.4524886877828054,0.0,0.0196254830358317,166.411397399495,55.21469339153254,0.4392834039694175,373.3317016552863,False,2.1040974529346625,8,False,75.2061481146986,39.9,885800.0,-6.1833,35.75,0.19,8.84,0.0,,5.55,1.15,0.38,0.13,0.0,0.0,2.8,1.39,0.0,0.0,0.04,0.01,0.07,0.07,0.0,0.0,4.298642533936651,7707.0
UA,UKR,Ukraine,Kyiv,38980376.0,2025,worldbank,111.61,2022.0,ember,2863.2355932123382,95.886819,2023.0,2022.0,31990132.0,4144.805611759619,132.59287863453096,3.3,0.0719489672207303,0.0921025321710253,27.82710070845664,20.91292260783786,6.4388844049861,55.76181508384898,9.882521746928528,1.2734283920724598,4.555645233611335,0.0,0.0002883333173601,115.600375328505,45.32103849108565,0.0,1069.9095071373465,False,0.0895977062987187,7,False,65.1239834311357,17.1,579400.0,50.4334,30.5166,0.1,111.51,23.32,21.48,7.18,9.26,0.53,,62.18,13.84,11.02,4.82,1.42,1.76,5.08,8.06,0.78,0.27,,,0.4752936956326786,7065.0
UG,UGA,Uganda,Kampala,51384894.0,2025,worldbank,5.37,2024.0,ember,104.50542137928709,5.7869492000000005,2024.0,2024.0,85431202.0,791.8538553771917,67.64902667320766,4.46,,,2.925989672977625,0.0,0.0,0.0,86.05851979345955,0.0,2.925989672977625,0.0,0.0061163942934436,158.2904580530182,59.41772421402217,0.845592992211317,244.49691360679185,False,-8.193668528864059,5,False,242.65210951526,16.1,200520.0,0.3167,32.5833,-0.44,5.81,0.0,,0.0,,0.17,0.1,0.0,0.0,5.0,1.71,0.0,0.0,0.17,0.1,0.47,0.11,0.0,0.0,2.925989672977625,1963.0
UY,URY,Uruguay,Montevideo,3384688.0,2025,worldbank,14.75,2025.0,ember,4357.861049526574,14.6652,2024.0,2025.0,3254354.0,6101.005469337203,19.854831553159404,4.3,0.2048079505774912,0.3642453737082431,2.177554438860972,0.0,0.0,0.0,27.219430485762143,40.61976549413735,5.108877721943049,0.0,0.0,158.3828971404898,66.94749361165485,0.0,1541.6362195301958,False,19.05084745762712,2,False,19.3582504856588,3.1,175020.0,-34.858,-56.1711,2.81,11.94,0.0,,0.0,1.11,0.26,0.07,0.0,0.0,3.25,1.54,4.85,1.52,0.61,0.34,2.97,0.74,0.0,0.0,2.177554438860972,1711.0
UZ,UZB,Uzbekistan,Tashkent,37053428.0,2025,worldbank,89.63,2025.0,ember,2418.9394838178,72.7268,2023.0,2025.0,52210755.0,3809.676745198574,198.9060991727601,4.27,0.1251280155851756,0.2767400027674,80.62283737024221,6.57439446366782,72.31833910034602,0.0,7.266435986159169,4.61361014994233,7.497116493656286,0.0,0.0037649790431154,144.41108336627414,59.97048700014571,0.0,787.4273004754274,False,3.268994756220016,5,False,80.9084466129581,14.1,440650.0,41.3117,69.2949,2.93,86.7,5.7,2.39,62.7,14.49,1.5,,0.0,0.0,6.3,2.44,4.0,1.65,6.5,5.93,0.0,0.0,0.0,0.0,1.7301038062283736,4846.0
VC,VCT,Saint Vincent and the Grenadines,Kingstown,99924.0,2025,worldbank,0.15,2024.0,ember,1501.140867058965,0.16384,2024.0,2024.0,88942.0,3001.140650211814,0.2669274517111391,4.27,,,86.66666666666667,0.0,0.0,0.0,13.333333333333334,0.0,0.0,0.0,1.0,456.9765281628567,198.22063902274613,0.0,304.68702985640857,True,0.0,0,True,259.802564102564,22.6,390.0,13.1483,-61.2121,0.0,0.15,0.0,,0.0,,0.13,0.05,0.0,0.0,0.02,0.01,0.0,0.0,0.0,0.01,0.0,0.0,0.0,0.0,86.66666666666667,3.0
VE,VEN,Venezuela,Caracas,28516896.0,2025,worldbank,80.13,2024.0,ember,2809.9131125631625,81.115403,2023.0,2024.0,31094883.0,4106.029551206247,127.67650848930074,4.35,,,8.860601522525895,0.0,4.492699363534257,0.0,91.10195931611132,0.0249594409085236,0.0124797204542618,0.0,0.1409024914700255,216.93662414508583,72.36649867398235,0.5037342049831101,19.131826841933208,True,0.0,3,False,32.0853171588912,56.8,882050.0,10.501,-66.917,0.0,80.13,0.0,,3.6,12.41,3.5,4.66,0.0,0.0,73.0,16.91,0.02,0.05,0.01,0.0,0.0,0.06,0.0,0.0,4.367902158991639,7467.0
VN,VNM,Vietnam,Hanoi,101598527.0,2025,worldbank,313.6,2025.0,ember,3086.65892370664,270.059,2023.0,2025.0,110008908.0,4321.322493189296,475.38396859159184,3.55,0.1368083970823697,0.2628863716192483,54.5741935483871,48.13548387096774,6.238709677419354,0.0,33.016129032258064,4.635483870967742,7.441935483870968,0.0,0.0275763502328992,188.2333554088807,74.96293084454118,0.3337262008244641,328.78433480614353,False,1.1479591836734693,3,False,320.175197572656,7.6,313429.0,21.0333,105.85,3.6,310.0,149.22,27.72,19.34,9.11,0.62,0.66,0.0,0.0,102.35,24.68,14.37,6.24,23.07,19.25,1.03,0.42,,,0.2,2803.0
VU,VUT,Vanuatu,Port Vila,335169.0,2025,worldbank,0.08,2023.0,ember,238.68555862863207,0.0891029999999999,2024.0,2023.0,534388.0,1196.709384843201,0.6395071347475885,3.53,,,75.0,0.0,0.0,0.0,12.5,0.0,12.5,0.0,0.4939858073101082,271.0336950280999,91.76741797843545,1.0,107.20990929545466,True,0.0,0,True,26.2845775225595,4.8,12190.0,-17.7334,168.3166,0.0,0.08,0.0,,0.0,,0.06,0.02,0.0,0.0,0.01,0.0,0.0,0.0,0.01,0.0,0.0,0.0,0.0,0.0,75.0,103.0
WS,WSM,Samoa,Apia,219306.0,2025,worldbank,0.16,2024.0,ember,729.5742022562082,0.215264,2024.0,2024.0,272726.0,2092.234502520511,0.5706067469344089,4.05,,,56.25,0.0,0.0,0.0,18.75,0.0,18.75,0.0,0.0,149.45566355871276,60.63754526341665,1.0,172.3985670952345,False,0.0,0,True,77.9363309352518,7.9,2780.0,-13.8415,-171.7386,0.0,0.16,0.0,,0.0,,0.09,0.05,0.0,0.0,0.03,0.02,0.0,0.0,0.03,0.02,0.01,0.0,0.0,0.0,56.25,23.0
YE,YEM,Yemen,Sana'a,41773878.0,2025,worldbank,5.25,2024.0,ember,125.67662499517044,4.925096,2023.0,2024.0,70976403.0,868.3661381992175,61.63350497638135,5.21,0.1683789954337899,,88.76190476190474,0.0,1.1428571428571428,0.0,0.0,0.0,11.238095238095235,0.0,0.0850413036024437,197.3829384612739,76.45599218503443,0.4483900043248871,372.523784721137,False,0.0,2,False,74.6080250771824,1.1,527970.0,15.3547,44.2066,0.0,5.25,0.0,,0.06,0.84,4.6,1.4,0.0,0.0,0.0,0.0,0.0,0.0,0.59,0.4,0.0,0.0,0.0,0.0,87.6190476190476,3824.0
ZA,ZAF,South Africa,Pretoria,64747319.0,2025,worldbank,236.84,2025.0,ember,3657.912075093024,204.28034,2023.0,2025.0,79177328.0,5121.076905130233,405.4731858307214,5.0,0.19749061209924,0.2984382085271072,82.15933432196408,81.3560718405009,0.0,4.2057999670456425,0.7538309441423628,4.66304168726314,8.024386225078267,0.0,0.0002076442902399,144.59785453732405,56.787607971906205,0.4952336714177253,43.09807303621411,False,-2.499577774024658,5,False,52.1085690262058,9.6,1213090.0,-25.7069,28.2294,-5.92,242.76,197.5,47.49,0.0,1.29,1.95,2.42,10.21,1.93,1.83,0.75,11.32,4.33,19.48,11.26,0.47,0.26,,,0.8032624814631736,11306.0
ZM,ZMB,Zambia,Lusaka,21913874.0,2025,worldbank,16.6,2024.0,ember,757.5109722726343,12.43453,2024.0,2024.0,38083385.0,2131.916000605044,81.19057783870211,4.83,0.1021389089161259,,12.525354969574035,10.801217038539557,0.0,0.0,86.20689655172414,0.0,0.8620689655172414,0.0,0.0041639556353049,152.8366050721047,62.25624024410623,0.2291915879908081,671.9051092641869,False,-18.795180722891565,7,False,27.8776483407095,41.3,743390.0,-15.4166,28.2833,-3.12,19.72,2.13,0.33,0.0,,0.34,0.21,0.0,0.0,17.0,3.17,0.0,0.0,0.17,0.19,0.08,0.04,0.0,0.0,1.7241379310344829,6277.0
ZW,ZWE,Zimbabwe,Harare,16950795.0,2025,worldbank,12.1,2024.0,ember,713.8308262237848,2.1197,2024.0,2024.0,25866385.0,2069.5373776143083,53.53145058126208,4.86,,,42.88499025341131,42.88499025341131,0.0,0.0,55.55555555555556,0.0,0.3898635477582846,0.0,0.0,132.1755630496567,47.0388455296814,0.4978643905275882,313.6603371383558,False,15.206611570247937,4,False,42.24071862479,28.3,386850.0,-17.8178,31.0447,1.84,10.26,4.4,1.67,0.0,,0.0,0.01,0.0,0.0,5.7,1.08,0.0,0.0,0.04,0.1,0.12,0.1,0.0,0.0,0.0,3352.0
UW,USW,United States (West),Los Angeles,77086362.04914951,2025,worldbank,803.1503260915448,2025.0,ember,10418.83810238008,769.1279935718732,2024.0,2024.0,84148678.57518779,14586.373343332112,1227.424042045741,4.8,0.2478886712468047,0.3193462830492988,46.54367874845345,11.816483863348452,34.51619099203345,7.949896527804243,19.111228701207185,11.546322090935176,11.844148372296168,2652.5,0.2041819133420664,234.89302066080057,79.62755000439876,0.2082548120455816,59.21131447123872,True,0.3531893972631128,2,False,24.86473651386184,12.9,3100228.38996,34.05,-118.24,2.8366417958394523,763.960786,90.273303,20.9359,263.690164,81.55239999999999,1.611987,17.6328,60.734092,7.328,146.002293,50.594,88.209373,31.5318,90.484649,41.6691,7.806724,1.7235,15.148201,2.6525,0.2110038930715483,32929.0
UE,USE,United States (East),New York,262411848.2816248,2025,worldbank,3715.99504192722,2025.0,ember,14160.927055165404,3558.581398614462,2024.0,2024.0,286452878.1536268,19825.29787723156,5679.013637185969,4.0,0.1805997993064038,0.3444478421475758,61.91706524490172,15.875022713587544,45.35291915784898,20.40163361638676,2.689873005843515,10.26709188952375,3.639275298045975,0.0,0.0070866155549591,140.70783357242027,53.95718099355942,0.0,2271.610089137211,False,0.3531893972631128,2,False,52.70038752561592,12.9,4979315.344769999,40.71,-74.01,13.124500490909904,3534.673897,561.130284,153.07379999999998,1603.077795,423.5613,24.358264,37.812,721.131218,91.0632,95.078239,28.7942,362.908217,120.2733,128.636514,81.30980000000001,38.353366,9.5274,0.0,0.0,0.689123373465193,50610.0
XN,AUN,Australia (NEM),Sydney,24533798.21470373,2025,worldbank,265.62294598,2025.0,ember,10826.817097599074,244.5533429286432,2024.0,2025.0,29272911.369422093,15157.543936638704,443.705440235346,4.5,0.1564747664667084,0.26890401987961,61.00376584641928,43.67469066800235,14.938468457084156,0.0,4.600506162942752,13.541751774226745,19.738505574720826,0.1,0.0160693395750858,170.91332988028205,63.270588858794326,0.0003982867320561,1822.392115745581,False,0.0,0,True,4.750002897324966,22.0,5165007.0,-33.87,151.21,0.0,265.62294598000005,116.01,21.26,39.68,21.78,6.35,2.04,0.0,0.0,12.22,7.71,35.97,15.27,52.43,38.25,2.95,0.8,0.0,0.0,2.390606721332772,46818.0
XW,AUW,Australia (SWIS),Perth,3080612.785296269,2025,worldbank,21.077054019999995,2025.0,ember,6841.838130582507,19.40519107135684,2024.0,2023.0,3675684.630577908,9578.57338281551,35.207814966077606,4.7,0.1615175361896434,0.3509216979536614,64.95215122098928,29.93777021215796,34.96693604811475,0.0,0.0,15.75172695790244,18.930539325912875,0.0,0.0,145.13904327374638,50.81671674170066,0.0,1927.0796943587693,False,0.0,0,True,1.2190727888207418,22.0,2527013.0,-31.95,115.86,0.0,21.07705402,6.31,1.37,7.37,3.43,0.01,0.1,0.0,0.0,0.0,0.0,3.32,1.08,3.99,2.82,0.09,0.07,0.0,0.0,0.0474449607165736,22783.0
XP,MYW,Malaysia (Peninsular),Kuala Lumpur,29436412.909090903,2025,worldbank,158.95176239494754,2025.0,ember,5399.834649888952,147.3551646792978,2023.0,2025.0,36237086.18181818,7559.768509844533,273.9439830058315,3.8,0.1681475996544489,,90.25580086309336,52.28594658827944,37.144286697104256,0.0,6.185502532991431,0.0,2.7268747263743824,0.0,0.0496217479965632,189.92916105738976,75.85151175057878,0.0,554.7151299827652,False,-0.7423635839079615,1,False,226.2546821294736,13.3,130103.0,3.14,101.69,-1.18,159.89,83.6,12.18,59.39,15.4,1.32,0.1,0.0,0.0,9.89,2.7,0.0,0.0,4.36,2.96,1.33,0.69,0.0,0.0,0.8255675777096754,1069.0
XB,MYE,Malaysia (Borneo),Kuching,6541425.090909091,2025,worldbank,40.95823760505246,2025.0,ember,6261.363087681603,37.97005932070217,2023.0,2023.0,8052685.818181818,8765.908322754243,70.58910563412506,3.6,0.1556662515566625,,37.01456310679612,14.563106796116504,20.631067961165048,0.0,61.52912621359223,0.0,0.3640776699029125,0.0,0.0464394229148924,191.2139571335934,75.09309715133327,0.0012563383037572,994.7888365501552,False,0.0,2,False,32.96308380025443,13.3,198447.0,1.55,110.34,0.0,41.2,6.0,1.1,8.5,2.59,0.75,0.39,0.0,0.0,25.35,3.57,0.0,0.0,0.15,0.11,0.45,0.24,0.0,0.0,1.820388349514563,1591.0
XW,NWE,North-West Europe,Brussels,329531844.0,2025,worldbank,1989.1599999999999,2025.0,ember,6036.321030024642,1877.503562,2024.0,2025.0,325211813.0,8444.65614605725,2746.301935420871,3.048489470827458,0.10310593203216552,0.23792285286070802,29.462976176319025,11.348951520196616,15.068180917271174,25.166983787212114,7.983014230784478,18.87511396519602,11.328140484401635,93.94999999999999,0.08354582216003766,195.35514655372378,74.58812858616173,0.0,921.666955284218,True,-1.4579018279072575,12,False,181.92053750088192,30.832960114836798,1811405.4,48.5,3.0,-29.0,2018.16,229.04000000000002,71.91,304.09999999999997,128.46,61.470000000000006,14.48,507.90999999999997,77.19000000000001,161.11,66.53,380.93000000000006,182.76999999999998,228.62000000000003,253.12,143.14000000000001,23.58,1.8399999999999999,3.3099999999999996,3.045843738851231,23389.0
