iso2,iso3,name,continent,year,demand_twh,status,group,cum_share,load_source,geofabrik,reason
CN,CHN,China,Asia,2024,10069.88,archetype,CN,0.32569,gegis,,
US,USA,United States of America,North America,2024,4404.83,archetype,US,0.46815,gegis,,
IN,IND,India,Asia,2024,2034.22,archetype,IN,0.53394,gegis,,
BR,BRA,Brazil,South America,2024,757.31,archetype,BR,0.55844,gegis,,
DE,DEU,Germany,Europe,2024,522.26,archetype,NWE,0.57533,gegis,,
FR,FRA,France,Europe,2024,471.96,archetype,NWE,0.59059,gegis,,
GB,GBR,United Kingdom,Europe,2024,317.35,archetype,NWE,0.60086,gegis,,
PL,POL,Poland,Europe,2024,174.09,archetype,NWE,0.60649,gegis,,
NL,NLD,Netherlands,Europe,2024,118.11,archetype,NWE,0.61031,gegis,,
BE,BEL,Belgium,Europe,2024,86.16,archetype,NWE,0.61309,gegis,,
AT,AUT,Austria,Europe,2024,71.69,archetype,NWE,0.61541,gegis,,
CZ,CZE,Czechia,Europe,2024,66.15,archetype,NWE,0.61755,gegis,,
CH,CHE,Switzerland,Europe,2024,63.97,archetype,NWE,0.61962,gegis,,
SG,SGP,Singapore,Asia,2024,59.63,archetype,SG,0.62155,gegis,,
DK,DNK,Denmark,Europe,2024,38.96,archetype,NWE,0.62281,gegis,,
IE,IRL,Ireland,Europe,2024,36.14,archetype,NWE,0.62398,gegis,,
LU,LUX,Luxembourg,Europe,2024,6.76,archetype,NWE,0.6242,gegis,,
RU,RUS,Russian Federation (the),Europe,2024,1192.91,modelled,RU,0.66278,gegis,russia,
JP,JPN,Japan,Asia,2024,1016.39,modelled,ASI,0.69565,gegis,asia/japan,
KR,KOR,South Korea,Asia,2024,625.38,modelled,ASI,0.71588,gegis,asia/south-korea,
CA,CAN,Canada,North America,2024,624.36,modelled,CA,0.73607,gegis,north-america/canada,
SA,SAU,Saudi Arabia,Asia,2024,454.59,modelled,MEA,0.75078,gegis,asia/gcc-states,
IR,IRN,Iran (Islamic Republic of),Asia,2024,393.39,modelled,MEA,0.7635,gegis,asia/iran,
ID,IDN,Indonesia,Asia,2024,372.5,modelled,ASI,0.77555,gegis,asia/indonesia,
MX,MEX,Mexico,North America,2024,354.87,modelled,NAM,0.78702,gegis,north-america/mexico,
TR,TUR,Turkey,Asia,2024,340.24,modelled,MEA,0.79803,gegis,europe/turkey,
IT,ITA,Italy,Europe,2024,318.56,modelled,EUR,0.80833,gegis,europe/italy,
VN,VNM,Viet Nam,Asia,2024,307.18,modelled,ASI,0.81827,gegis,asia/vietnam,
TW,TWN,Taiwan,Asia,2024,288.56,modelled,ASI,0.8276,gegis,asia/taiwan,
AU,AUS,Australia,Oceania,2024,281.64,modelled,OCE,0.83671,gegis,australia-oceania/australia,
ES,ESP,Spain,Europe,2024,270.71,modelled,EUR,0.84546,gegis,europe/spain,
ZA,ZAF,South Africa,Africa,2024,246.22,modelled,AFR,0.85343,gegis,africa/south-africa,
EG,EGY,Egypt,Africa,2024,235.99,modelled,AFR,0.86106,gegis,africa/egypt,
TH,THA,Thailand,Asia,2024,231.93,modelled,ASI,0.86856,gegis,asia/thailand,
MY,MYS,Malaysia,Asia,2024,197.04,modelled,ASI,0.87493,gegis,asia/malaysia-singapore-brunei,
AE,ARE,United Arab Emirates,Asia,2024,177.02,modelled,MEA,0.88066,gegis,asia/gcc-states,
AR,ARG,Argentina,South America,2024,161.68,modelled,SAM,0.88589,gegis,south-america/argentina,
PK,PAK,Pakistan,Asia,2024,157.55,modelled,ASI,0.89098,gegis,asia/pakistan,
IQ,IRQ,Iraq,Asia,2024,156.83,modelled,MEA,0.89606,gegis,asia/iraq,
SE,SWE,Sweden,Europe,2024,138.71,modelled,EUR,0.90054,gegis,europe/sweden,
NO,NOR,Norway,Europe,2024,138.67,modelled,EUR,0.90503,gegis,europe/norway,
PH,PHL,Philippines (the),Asia,2024,124.17,modelled,ASI,0.90904,gegis,asia/philippines,
KZ,KAZ,Kazakhstan,Asia,2024,120.92,modelled,ASI,0.91295,gegis,asia/kazakhstan,
BD,BGD,Bangladesh,Asia,2024,111.74,modelled,ASI,0.91657,gegis,asia/bangladesh,
UA,UKR,Ukraine,Europe,2022,111.61,modelled,EUR,0.92018,gegis,europe/ukraine,
DZ,DZA,Algeria,Africa,2024,93.84,modelled,AFR,0.92321,gegis,africa/algeria,
KW,KWT,Kuwait,Asia,2024,92.49,modelled,MEA,0.9262,gegis,asia/gcc-states,
CO,COL,Colombia,South America,2024,89.14,modelled,SAM,0.92909,gegis,south-america/colombia,
CL,CHL,Chile,South America,2024,88.62,modelled,SAM,0.93195,gegis,south-america/chile,
FI,FIN,Finland,Europe,2024,85.73,modelled,EUR,0.93473,gegis,europe/finland,
UZ,UZB,Uzbekistan,Asia,2024,84.43,modelled,ASI,0.93746,gegis,asia/uzbekistan,
VE,VEN,Venezuela (Bolivarian Republic of),South America,2024,80.13,modelled,SAM,0.94005,gegis,south-america/venezuela,
IL,ISR,Israel,Asia,2024,74.0,modelled,MEA,0.94244,gegis,asia/israel-and-palestine,
PE,PER,Peru,South America,2024,59.32,modelled,SAM,0.94436,gegis,south-america/peru,
PT,PRT,Portugal,Europe,2024,57.74,modelled,EUR,0.94623,gegis,europe/portugal,
GR,GRC,Greece,Europe,2024,56.77,modelled,EUR,0.94806,gegis,europe/greece,
QA,QAT,Qatar,Asia,2024,56.68,modelled,MEA,0.9499,gegis,asia/gcc-states,
RO,ROU,Romania,Europe,2024,55.68,modelled,EUR,0.9517,gegis,europe/romania,
OM,OMN,Oman,Asia,2024,49.1,modelled,MEA,0.95329,gegis,asia/gcc-states,
HK,HKG,Hong Kong,Asia,2024,48.81,skipped,ASI,,,,no GADM 4.1 file (part of another country's GADM)
HU,HUN,Hungary,Europe,2024,48.73,modelled,EUR,0.95486,gegis,europe/hungary,
BY,BLR,Belarus,Europe,2024,45.22,modelled,EUR,0.95632,gegis,europe/belarus,
MA,MAR,Morocco,Africa,2024,44.94,modelled,AFR,0.95778,gegis,africa/morocco,
NZ,NZL,New Zealand,Oceania,2024,44.01,modelled,OCE,0.9592,gegis,australia-oceania/new-zealand,
BH,BHR,Bahrain,Asia,2024,38.44,modelled,MEA,0.96045,gegis,asia/gcc-states,
RS,SRB,Serbia,Europe,2024,37.48,modelled,EUR,0.96166,gegis,europe/serbia,
BG,BGR,Bulgaria,Europe,2024,37.31,modelled,EUR,0.96286,gegis,europe/bulgaria,
NG,NGA,Nigeria,Africa,2024,35.26,modelled,AFR,0.964,gegis,africa/nigeria,
LY,LBY,Libya,Africa,2024,34.59,modelled,AFR,0.96512,gegis,africa/libya,
EC,ECU,Ecuador,South America,2024,33.36,modelled,SAM,0.9662,gegis,south-america/ecuador,
KP,PRK,Korea (the Democratic People's Republic of),Asia,2024,27.1,modelled,ASI,0.96708,gegis,asia/north-korea,
AZ,AZE,Azerbaijan,Asia,2024,26.61,modelled,MEA,0.96794,gegis,asia/azerbaijan,
SK,SVK,Slovakia,Europe,2024,26.57,modelled,EUR,0.9688,gegis,europe/slovakia,
PY,PRY,Paraguay,South America,2024,26.41,modelled,SAM,0.96965,gegis,south-america/paraguay,
SY,SYR,Syrian Arab Republic (the),Asia,2024,24.28,modelled,MEA,0.97044,gegis,asia/syria,
DO,DOM,Dominican Republic (the),North America,2024,24.03,modelled,NAM,0.97122,gegis,central-america/haiti-and-domrep,
TM,TKM,Turkmenistan,Asia,2024,24.01,modelled,ASI,0.97199,gegis,asia/turkmenistan,
TN,TUN,Tunisia,Africa,2024,23.96,modelled,AFR,0.97277,gegis,africa/tunisia,
JO,JOR,Jordan,Asia,2024,23.73,modelled,MEA,0.97353,gegis,asia/jordan,
ET,ETH,Ethiopia,Africa,2024,23.44,modelled,AFR,0.97429,gegis,africa/ethiopia,
MM,MMR,Myanmar,Asia,2024,21.92,modelled,ASI,0.975,gegis,asia/myanmar,
GH,GHA,Ghana,Africa,2024,21.83,modelled,AFR,0.97571,gegis,africa/ghana,
PR,PRI,Puerto Rico,North America,2024,20.0,modelled,NAM,0.97635,demcast,north-america/us/puerto-rico,
KH,KHM,Cambodia,Asia,2024,20.0,modelled,ASI,0.977,gegis,asia/cambodia,
HR,HRV,Croatia,Europe,2024,19.65,modelled,EUR,0.97764,gegis,europe/croatia,
TJ,TJK,Tajikistan,Asia,2024,19.6,modelled,ASI,0.97827,gegis,asia/tajikistan,
CU,CUB,Cuba,North America,2024,19.43,modelled,NAM,0.9789,gegis,central-america/cuba,
KG,KGZ,Kyrgyzstan,Asia,2024,19.25,modelled,ASI,0.97952,gegis,asia/kyrgyzstan,
IS,ISL,Iceland,Europe,2024,19.05,modelled,IS,0.98014,gegis,europe/iceland,
CD,COD,Congo (the Democratic Republic of the),Africa,2024,17.36,modelled,AFR,0.9807,gegis,africa/congo-democratic-republic,
LK,LKA,Sri Lanka,Asia,2024,17.06,modelled,ASI,0.98125,gegis,asia/sri-lanka,
ZM,ZMB,Zambia,Africa,2024,16.6,modelled,AFR,0.98179,gegis,africa/zambia,
MZ,MOZ,Mozambique,Africa,2024,16.49,modelled,AFR,0.98232,gegis,africa/mozambique,
GT,GTM,Guatemala,North America,2024,16.35,modelled,NAM,0.98285,gegis,central-america/guatemala,
LA,LAO,Lao People's Democratic Republic (the),Asia,2024,15.61,modelled,ASI,0.98335,demcast,asia/laos,
AO,AGO,Angola,Africa,2024,15.59,modelled,AFR,0.98386,gegis,africa/angola,
SD,SDN,Sudan (the),Africa,2024,15.57,modelled,AFR,0.98436,gegis,africa/sudan,
KE,KEN,Kenya,Africa,2024,14.75,modelled,AFR,0.98484,gegis,africa/kenya,
UY,URY,Uruguay,South America,2024,14.52,modelled,SAM,0.98531,gegis,south-america/uruguay,
SI,SVN,Slovenia,Europe,2024,14.3,modelled,EUR,0.98577,gegis,europe/slovenia,
GE,GEO,Georgia,Asia,2024,14.11,modelled,MEA,0.98623,gegis,europe/georgia,
BO,BOL,Bolivia,South America,2024,13.53,modelled,SAM,0.98667,gegis,south-america/bolivia,
PA,PAN,Panama,North America,2024,13.29,modelled,NAM,0.9871,gegis,central-america/panama,
BA,BIH,Bosnia Herzegovina,Europe,2024,13.06,modelled,EUR,0.98752,gegis,europe/bosnia-herzegovina,
LT,LTU,Lithuania,Europe,2024,12.79,modelled,EUR,0.98793,gegis,europe/lithuania,
HN,HND,Honduras,North America,2024,12.63,modelled,NAM,0.98834,gegis,central-america/honduras,
BT,BTN,Bhutan,Asia,2024,12.46,modelled,ASI,0.98874,demcast,asia/bhutan,
ZW,ZWE,Zimbabwe,Africa,2024,12.1,modelled,AFR,0.98913,gegis,africa/zimbabwe,
MN,MNG,Mongolia,Asia,2024,11.54,modelled,ASI,0.98951,gegis,asia/mongolia,
CR,CRI,Costa Rica,North America,2024,11.22,modelled,NAM,0.98987,gegis,central-america/costa-rica,
NP,NPL,Nepal,Asia,2024,11.03,modelled,ASI,0.99023,gegis,asia/nepal,
CI,CIV,Cote d'Ivoire,Africa,2024,10.06,modelled,AFR,0.99055,gegis,africa/ivory-coast,
TT,TTO,Trinidad and Tobago,North America,2024,9.55,modelled,NAM,0.99086,gegis,central-america,
EE,EST,Estonia,Europe,2024,9.18,modelled,EUR,0.99116,gegis,europe/estonia,
TZ,TZA,"Tanzania, the United Republic of",Africa,2024,9.03,modelled,AFR,0.99145,gegis,africa/tanzania,
SN,SEN,Senegal,Africa,2024,8.13,modelled,AFR,0.99171,gegis,africa/senegal-and-gambia,
PS,PSE,"Palestine, State of",Asia,2024,7.99,modelled,MEA,0.99197,demcast,asia/israel-and-palestine,
AM,ARM,Armenia,Asia,2024,7.64,modelled,MEA,0.99222,gegis,asia/armenia,
LV,LVA,Latvia,Europe,2024,7.4,modelled,EUR,0.99246,gegis,europe/latvia,
CM,CMR,Cameroon,Africa,2024,7.32,modelled,AFR,0.9927,gegis,africa/cameroon,
XK,XKX,Kosovo,Europe,2024,7.29,skipped,EUR,,,,no load in GEGIS nor DemandCast
MK,MKD,North Macedonia,Europe,2024,7.02,modelled,EUR,0.99292,gegis,europe/macedonia,
AF,AFG,Afghanistan,Asia,2024,6.82,modelled,ASI,0.99314,demcast,asia/afghanistan,
MO,MAC,Macao,Asia,2024,6.28,skipped,ASI,,,,no GADM 4.1 file (part of another country's GADM)
SV,SLV,El Salvador,North America,2024,6.2,modelled,NAM,0.99334,gegis,central-america/el-salvador,
MD,MDA,Moldova,Europe,2024,6.06,modelled,EUR,0.99354,gegis,europe/moldova,
CY,CYP,Cyprus,Europe,2024,5.79,modelled,EUR,0.99373,gegis,europe/cyprus,
BN,BRN,Brunei Darussalam,Asia,2024,5.56,modelled,ASI,0.99391,gegis,asia/malaysia-singapore-brunei,
ML,MLI,Mali,Africa,2024,5.46,modelled,AFR,0.99408,demcast,africa/mali,
NI,NIC,Nicaragua,North America,2024,5.42,modelled,NAM,0.99426,gegis,central-america/nicaragua,
CG,COG,Congo (the),Africa,2024,5.38,modelled,AFR,0.99443,gegis,africa/congo-brazzaville,
UG,UGA,Uganda,Africa,2024,5.37,modelled,AFR,0.99461,demcast,africa/uganda,
LB,LBN,Lebanon,Asia,2024,5.34,modelled,MEA,0.99478,gegis,asia/lebanon,
YE,YEM,Yemen,Asia,2024,5.25,modelled,MEA,0.99495,gegis,asia/yemen,
JM,JAM,Jamaica,North America,2024,4.92,modelled,NAM,0.99511,gegis,central-america/jamaica,
PG,PNG,Papua New Guinea,Oceania,2024,4.73,below_cutoff,OCE,,,,
BW,BWA,Botswana,Africa,2024,4.67,below_cutoff,AFR,,,,
NA,NAM,Namibia,Africa,2024,4.04,below_cutoff,AFR,,,,
GN,GIN,Guinea,Africa,2024,4.03,below_cutoff,AFR,,,,
MU,MUS,Mauritius,Africa,2024,3.41,below_cutoff,AFR,,,,
ME,MNE,Montenegro,Europe,2024,3.37,below_cutoff,EUR,,,,
BF,BFA,Burkina Faso,Africa,2024,3.19,below_cutoff,AFR,,,,
GA,GAB,Gabon,Africa,2024,3.18,below_cutoff,AFR,,,,
MT,MLT,Malta,Europe,2024,3.16,below_cutoff,EUR,,,,
NC,NCL,New Caledonia,Oceania,2024,3.12,below_cutoff,OCE,,,,
RE,REU,Reunion,Africa,2023,3.07,below_cutoff,AFR,,,,
MG,MDG,Madagascar,Africa,2024,2.43,below_cutoff,AFR,,,,
MR,MRT,Mauritania,Africa,2024,2.37,below_cutoff,AFR,,,,
BJ,BEN,Benin,Africa,2024,2.31,below_cutoff,AFR,,,,
BS,BHS,Bahamas (the),North America,2024,2.25,below_cutoff,NAM,,,,
TG,TGO,Togo,Africa,2024,2.21,below_cutoff,AFR,,,,
NE,NER,Niger (the),Africa,2024,2.15,below_cutoff,AFR,,,,
GU,GUM,Guam,Oceania,2024,1.86,below_cutoff,OCE,,,,
MW,MWI,Malawi,Africa,2024,1.81,below_cutoff,AFR,,,,
SR,SUR,Suriname,South America,2024,1.74,below_cutoff,SAM,,,,
GP,GLP,Guadeloupe,North America,2023,1.67,below_cutoff,NAM,,,,
SZ,SWZ,Eswatini,Africa,2024,1.65,below_cutoff,AFR,,,,
MQ,MTQ,Martinique,North America,2023,1.51,below_cutoff,NAM,,,,
GQ,GNQ,Equatorial Guinea,Africa,2024,1.49,below_cutoff,AFR,,,,
GY,GUY,Guyana,South America,2024,1.38,below_cutoff,SAM,,,,
RW,RWA,Rwanda,Africa,2024,1.22,below_cutoff,AFR,,,,
FJ,FJI,Fiji,Oceania,2024,1.15,below_cutoff,OCE,,,,
BB,BRB,Barbados,North America,2024,1.11,below_cutoff,NAM,,,,
AW,ABW,Aruba,South America,2024,1.0,below_cutoff,SAM,,,,
GF,GUF,French Guiana,South America,2023,0.98,below_cutoff,SAM,,,,
HT,HTI,Haiti,North America,2024,0.86,below_cutoff,NAM,,,,
MV,MDV,Maldives,Asia,2024,0.85,below_cutoff,ASI,,,,
BZ,BLZ,Belize,North America,2024,0.85,below_cutoff,NAM,,,,
DJ,DJI,Djibouti,Africa,2024,0.8,below_cutoff,AFR,,,,
PF,PYF,French Polynesia,Oceania,2024,0.72,below_cutoff,OCE,,,,
KY,CYM,Cayman Islands (the),North America,2024,0.71,below_cutoff,NAM,,,,
VI,VIR,Virgin Islands (U.S.),North America,2023,0.68,below_cutoff,NAM,,,,
SC,SYC,Seychelles,Africa,2024,0.63,below_cutoff,AFR,,,,
BM,BMU,Bermuda,North America,2024,0.61,below_cutoff,NAM,,,,
GL,GRL,Greenland,North America,2024,0.6,below_cutoff,NAM,,,,
LS,LSO,Lesotho,Africa,2024,0.58,below_cutoff,AFR,,,,
BI,BDI,Burundi,Africa,2024,0.57,below_cutoff,AFR,,,,
LR,LBR,Liberia,Africa,2024,0.57,below_cutoff,AFR,,,,
SS,SSD,South Sudan,Africa,2024,0.56,below_cutoff,AFR,,,,
CV,CPV,Cabo Verde,Africa,2024,0.52,below_cutoff,AFR,,,,
GM,GMB,Gambia (the),Africa,2024,0.51,below_cutoff,AFR,,,,
TL,TLS,Timor-Leste,Asia,2024,0.51,below_cutoff,ASI,,,,
FO,FRO,Faroe Islands (the),Europe,2023,0.49,below_cutoff,EUR,,,,
ER,ERI,Eritrea,Africa,2024,0.45,below_cutoff,AFR,,,,
SO,SOM,Somalia,Africa,2024,0.43,below_cutoff,AFR,,,,
LC,LCA,Saint Lucia,North America,2024,0.4,below_cutoff,NAM,,,,
AG,ATG,Antigua and Barbuda,North America,2024,0.37,below_cutoff,NAM,,,,
TD,TCD,Chad,Africa,2024,0.37,below_cutoff,AFR,,,,
TC,TCA,Turks and Caicos Islands (the),North America,2024,0.27,below_cutoff,NAM,,,,
GD,GRD,Grenada,North America,2024,0.24,below_cutoff,NAM,,,,
KN,KNA,Saint Kitts and Nevis,North America,2024,0.23,below_cutoff,NAM,,,,
GI,GIB,Gibraltar,Europe,2024,0.22,below_cutoff,EUR,,,,
SL,SLE,Sierra Leone,Africa,2024,0.21,below_cutoff,AFR,,,,
AS,ASM,American Samoa,Oceania,2024,0.18,below_cutoff,OCE,,,,
VG,VGB,Virgin Islands (British),North America,2023,0.17,below_cutoff,NAM,,,,
WS,WSM,Samoa,Oceania,2024,0.16,below_cutoff,OCE,,,,
VC,VCT,Saint Vincent and the Grenadines,North America,2024,0.15,below_cutoff,NAM,,,,
DM,DMA,Dominica,North America,2023,0.15,below_cutoff,NAM,,,,
KM,COM,Comoros (the),Africa,2023,0.14,below_cutoff,AFR,,,,
CF,CAF,Central African Republic (the),Africa,2023,0.14,below_cutoff,AFR,,,,
SB,SLB,Solomon Islands,Oceania,2024,0.11,below_cutoff,OCE,,,,
EH,ESH,Western Sahara,Africa,2009,0.09,below_cutoff,AFR,,,,
ST,STP,Sao Tome and Principe,Africa,2023,0.09,below_cutoff,AFR,,,,
VU,VUT,Vanuatu,Oceania,2023,0.08,below_cutoff,OCE,,,,
GW,GNB,Guinea-Bissau,Africa,2024,0.08,below_cutoff,AFR,,,,
TO,TON,Tonga,Oceania,2024,0.07,below_cutoff,OCE,,,,
NR,NRU,Nauru,Oceania,2024,0.05,below_cutoff,OCE,,,,
PM,SPM,Saint Pierre and Miquelon,North America,2023,0.05,below_cutoff,NAM,,,,
CK,COK,Cook Islands (the),Oceania,2024,0.04,below_cutoff,OCE,,,,
KI,KIR,Kiribati,Oceania,2024,0.04,below_cutoff,OCE,,,,
MS,MSR,Montserrat,North America,2024,0.01,below_cutoff,NAM,,,,
FK,FLK,Falkland Islands (the) [Malvinas],South America,2023,0.01,below_cutoff,SAM,,,,
SH,SHN,"Saint Helena, Ascension and Tristan da Cunha",Africa,2023,0.01,below_cutoff,AFR,,,,
NU,NIU,Niue,Oceania,2023,0.0,below_cutoff,OCE,,,,
